"Día","Título del producto","Unidades de inventario al final","Valor del inventario al final"
"2026-09-01","TATIANA",0,0
"2026-09-01","NELLY",0,0
"2026-09-01","EFFIE  XZ51-1",0,0
"2026-09-01","P990-2",0,0
"2026-09-01","PILAR",0,0
"2026-09-01","ZARINA",0,0
"2026-09-01","MORAN",32,0
"2026-09-01","DINA BF2411",0,0
"2026-09-01","AMI",0,0
"2026-09-01","KZ-1927",0,0
"2026-09-01","ROXANA",28,0
"2026-09-01","ISABEL",0,0
"2026-09-01","SALLY",0,0
"2026-09-01","KZ-1919",0,0
"2026-09-01","BRENDA",0,0
"2026-09-01","SONYA",0,0
"2026-09-01","YULE",11,0
"2026-09-01","PARIS",0,0
"2026-09-01","SABI 23147-6",0,0
"2026-09-01","LILA (LC222036)",0,0
"2026-09-01","7979-K28",0,0
"2026-09-01","MADELYN",32,0
"2026-09-01","MABEL",0,0
"2026-09-01","8E0213-8",0,0
"2026-09-01","ELBA RM-15",0,0
"2026-09-01","MILLIE",16,0
"2026-09-01","ROSA (LC222011)",0,0
"2026-09-01","RISA",0,0
"2026-09-01","BLANCA 11134-K31",0,0
"2026-09-01","CATA",0,0
"2026-09-01","LIS (C082-240426-5)",0,0
"2026-09-01","FLAVIA",0,0
"2026-09-01","REGINA",0,0
"2026-09-01","LAURA",0,0
"2026-09-01","BETHANY",0,0
"2026-09-01","YULI 23148-11",0,0
"2026-09-01","ACACIA YQ7581-H68",0,0
"2026-09-01","YOLANDA",0,0
"2026-09-01","AVILA",0,0
"2026-09-01","GLISS",17,0
"2026-09-01","LIRIO  WAN-005",0,0
"2026-09-01","ALAIA-II",0,0
"2026-09-01","KZ-1896",0,0
"2026-09-01","KZ-1921",0,0
"2026-09-01","MIN",0,0
"2026-09-01","KIARA",0,0
"2026-09-01","SCARLET",0,0
"2026-09-01","MALENA",0,0
"2026-09-01","EDNA BF2413",0,0
"2026-09-01","VIVIANA",0,0
"2026-09-01","LEILANI YQ7542-H34B",0,0
"2026-09-01","SADIE",31,0
"2026-09-01","MACUTO",0,0
"2026-09-01","KAMI BF2410",0,0
"2026-09-01","KZ-1923",0,0
"2026-09-01","DALILA",0,0
"2026-09-01","MARGARET",27,0
"2026-09-01","IRENE",0,0
"2026-09-01","CHOCO",0,0
"2026-09-01","KZ-1893",0,0
"2026-09-01","EVA",0,0
"2026-09-01","MULAN 8306-K19",0,0
"2026-09-01","ATENEA",8,0
"2026-09-01","MORELA",0,0
"2026-09-01","SOL",0,0
"2026-09-01","ASTRID",0,0
"2026-09-01","LIS-II",0,0
"2026-09-01","MONIC RM-11",0,0
"2026-09-01","SHERYL",0,0
"2026-09-01","BELLA 8302-K51",0,0
"2026-09-01","PRIAH",32,0
"2026-09-01","STELLA L1870-40",0,0
"2026-09-01","CAROL BF2402",0,0
"2026-09-01","MOCHIMA",0,0
"2026-09-01","CORAIMA",0,0
"2026-09-01","KZ-1910",0,0
"2026-09-01","EMMA (C082-230803-10)",0,0
"2026-09-01","KZ-1898",0,0
"2026-09-01","NARDO",0,0
"2026-09-01","LARA (LC311546)",0,0
"2026-09-01","BRISA",28,0
"2026-09-01","KZ-1899",8,0
"2026-09-01","SARI",0,0
"2026-09-01","INES",0,0
"2026-09-01","ASHLEY L1895-36",0,0
"2026-09-01","FILCH 23198-7",0,0
"2026-09-01","MARBE BF2403",0,0
"2026-09-01","NATALIA",0,0
"2026-09-01","BECKY",33,0
"2026-09-01","OLAS",0,0
"2026-09-01","MAREA",0,0
"2026-09-01","TABEI",0,0
"2026-09-01","GALENA P1094-4",0,0
"2026-09-01","KZ-1924",0,0
"2026-09-01","LC-DH-33",0,0
"2026-09-01","CADIE P1090-1",0,0
"2026-09-01","YELA 23178-11",0,0
"2026-09-01","MIA-2 (C109-240205-2)",0,0
"2026-09-01",,0,0
"2026-09-01","KZ-1905",0,0
"2026-09-01","CARMEN-II",28,0
"2026-09-01","C015-221019-7",0,0
"2026-09-01","DAYANA",0,0
"2026-09-01","ARIEL 8306-K15",0,0
"2026-09-01","DALIA YQ7516-F78",0,0
"2026-09-01","C082-1",0,0
"2026-09-01","MARTA",0,0
"2026-09-01","MORA BF2414",20,0
"2026-09-01","TIFFANY",0,0
"2026-09-01","VERO RM-14",0,0
"2026-09-01","11134-K3",0,0
"2026-09-01","MAR",0,0
"2026-09-01","NIRAJ 1D8033-W44",0,0
"2026-09-01","CANAIMA",0,0
"2026-09-01","ARIA P1080-5",0,0
"2026-09-01","KARINA",0,0
"2026-09-01","KZ-1917",0,0
"2026-09-01","KZ-1933",15,0
"2026-09-01","BAHIA",0,0
"2026-09-01","JJW-3",0,0
"2026-09-01","AGUA",0,0
"2026-09-01","KASSIA",0,0
"2026-09-01","AURORA 8302-K3",0,0
"2026-09-01","MIA-II",0,0
"2026-09-01","ALMA-II",0,0
"2026-09-01","LALY WH-W08",0,0
"2026-09-01","HEIDY 21219-8",0,0
"2026-09-01","JLP1025-5",0,0
"2026-09-01","8E0072-26",0,0
"2026-09-01","KZ-1930",0,0
"2026-09-01","TILA WH-W04",0,0
"2026-09-01","YUKI",0,0
"2026-09-01","LIBIA",0,0
"2026-09-01","MAYRA",0,0
"2026-09-01","SUSANA",0,0
"2026-09-01","MIRIAM",0,0
"2026-09-01","IVY",0,0
"2026-09-01","P448-91",0,0
"2026-09-01","KETTE L1985A-6",0,0
"2026-09-01","ETTA L1996-9",0,0
"2026-09-01","KZ-1904",0,0
"2026-09-01","MIRTHA",0,0
"2026-09-01","CARLA (C015-231009-6)",0,0
"2026-09-01","KATALEYA  XIN-003",0,0
"2026-09-01","LUCY",0,0
"2026-09-01","TERESA",0,0
"2026-09-01","NUT",0,0
"2026-09-01","BALMAT",0,0
"2026-09-01","PILIN",34,0
"2026-09-01","CAYENA",0,0
"2026-09-01","ELENA L1992-28",0,0
"2026-09-01","CALA  WAN-002",0,0
"2026-09-01","LELIS WH-W07",0,0
"2026-09-01","EVAM 21142-7",0,0
"2026-09-01","LIENZO",27,0
"2026-09-01","LOTUS 1138265-W54",0,0
"2026-09-01","PEGGY BF2408",0,0
"2026-09-01","CHORONI",0,0
"2026-09-01","ORQUIDEA-II",15,0
"2026-09-01","ALMA (C082-230803-32)",0,0
"2026-09-01","ELSA-II",0,0
"2026-09-01","GALA",31,0
"2026-09-01","TANIA",0,0
"2026-09-01","LYRIA",0,0
"2026-09-01","C015-220520-3",0,0
"2026-09-01","LUPITA",0,0
"2026-09-01","KZ-1915",0,0
"2026-09-01","DEMI ZS16-15",0,0
"2026-09-01","P956-7",0,0
"2026-09-01","JENNY",0,0
"2026-09-01","DUNA",0,0
"2026-09-01","PATTY L1913-89",0,0
"2026-09-01","PAULA",0,0
"2026-09-01","LISETH L1982-70",0,0
"2026-09-01","KZ-1902",13,0
"2026-09-01","8E0075-7",0,0
"2026-09-01","KZ-1926",0,0
"2026-09-01","ELDA BF2409",0,0
"2026-09-01","SHANNON",0,0
"2026-09-01","WANDA",0,0
"2026-09-01","SELENA L2801-3",0,0
"2026-09-01","GLORIA",0,0
"2026-09-01","CLAVEL",0,0
"2026-09-01","MALIA",0,0
"2026-09-01","MERIDA 8302-K96",0,0
"2026-09-01","AMAPOLA-II",11,0
"2026-09-01","VENUS",42,0
"2026-09-01","SALOME",31,0
"2026-09-01","KZ-1922",0,0
"2026-09-01","YURI WH-W02",0,0
"2026-09-01","CRISBEL",0,0
"2026-09-01","MONICA",0,0
"2026-09-01","ALAIA (C082-20231027-23)",0,0
"2026-09-01","JJW-7",0,0
"2026-09-01","DANIELA",0,0
"2026-09-01","AVA  P1094-2",0,0
"2026-09-01","CLAUDIA",0,0
"2026-09-01","KZ-1913",0,0
"2026-09-01","KZ-1937",14,0
"2026-09-01","CLARA P1067-7",0,0
"2026-09-01","8E0145-20",0,0
"2026-09-01","CHOC 22007-14",0,0
"2026-09-01","KZ-1936",0,0
"2026-09-01","CARIDAD",0,0
"2026-09-01","MARTHA",0,0
"2026-09-01","MELISSA 1D4265-W14",0,0
"2026-09-01","IVONNE",0,0
"2026-09-01","NIEBLA 4020-24",0,0
"2026-09-01","RUDDY",0,0
"2026-09-01","NEKO RM-12",0,0
"2026-09-01","PAULA-II",0,0
"2026-09-01","ZHENITH",23,0
"2026-09-01","MILLY 23120-1",0,0
"2026-09-01","HADA BF2407",0,0
"2026-09-01","NURY",21,0
"2026-09-01","FATIMA",0,0
"2026-09-01","CIRA RMC13",0,0
"2026-09-01","MIA-III",0,0
"2026-09-01","KZ-1925",0,0
"2026-09-01","KEELY",0,0
"2026-09-01","NOA",34,0
"2026-09-01","POLINA",31,0
"2026-09-01","ODA",0,0
"2026-09-01","MAGA BF2401",0,0
"2026-09-01","AMANDA",0,0
"2026-09-01","DYER",20,0
"2026-09-01","KZ-1918",0,0
"2026-09-01","KZ-1897",0,0
"2026-09-01","ALICIA  P1091-4",0,0
"2026-09-01","PARAISO",0,0
"2026-09-01","NIKKI",0,0
"2026-09-01","FRESNO(AT-014)",0,0
"2026-09-01","HILDA",0,0
"2026-09-01","KZ-1920",0,0
"2026-09-01","MARGARITA",0,0
"2026-09-01","KZ-1938",0,0
"2026-09-01","NORKYS",0,0
"2026-09-01","JJW-8",0,0
"2026-09-01","DARA RM-09",0,0
"2026-09-01","CLARION",25,0
"2026-09-01","LC-ST-19",0,0
"2026-09-01","JJW-6",0,0
"2026-09-01","AZUCENA",0,0
"2026-09-01","FEDRA",0,0
"2026-09-01","MILKA",0,0
"2026-09-01","KELLY",0,0
"2026-09-01","DIVA",0,0
"2026-09-01","KZ-1934",0,0
"2026-09-01","TULIPAN",20,0
"2026-09-01","DETTE 23046-35",0,0
"2026-09-01","GATEN",0,0
"2026-09-01","KZ-1916",0,0
"2026-09-01","SANDRA",0,0
"2026-09-01","DINIRA",0,0
"2026-09-01","MIA (C109-240206-32)",0,0
"2026-09-01","TERRA",22,0
"2026-09-01","VIDIA",27,0
"2026-09-01","LALA WH-W06",37,0
"2026-09-01","CELIA P1086-5",0,0
"2026-09-01","MIA-V",18,0
"2026-09-01","ZULAY",27,0
"2026-09-01","GIA",32,0
"2026-09-01","CG 190228-2",0,0
"2026-09-01","MIMI",0,0
"2026-09-01","ISLA",30,0
"2026-09-01","KRISS",0,0
"2026-09-01","TYLER",0,0
"2026-09-01","LILY 22006-7",0,0
"2026-09-01","FRESIA",10,0
"2026-09-01","IVES",23,0
"2026-09-01","CARISSA",21,0
"2026-09-01","INDIGO 1D8055-W33",0,0
"2026-09-01","DAYRA",0,0
"2026-09-01","KZ-1901",0,0
"2026-09-01","ANARE",0,0
"2026-09-01","YULIKA",0,0
"2026-09-01","ZURY WH-W013",0,0
"2026-09-01","MARA BF2404",0,0
"2026-09-01","CORAL",0,0
"2026-09-01","NIEVES 11134-K37",0,0
"2026-09-01","FLORA YQ7581-H86",0,0
"2026-09-01","AURA BF2406",0,0
"2026-09-01","CHLOE  P1081-3",0,0
"2026-09-01","DAFNE  XIN-001",0,0
"2026-09-01","BEGONIA YQ7667-H08",0,0
"2026-09-01","SOFIA-II",0,0
"2026-09-01","JANE BF2412",0,0
"2026-09-01","DANA",0,0
"2026-09-01","GIRASOL",8,0
"2026-09-01","GAIA",0,0
"2026-09-01","GEMA BN1925-K6",0,0
"2026-09-01","SARI WH-W03",0,0
"2026-09-01","GARDENIA YQ7510-H34",0,0
"2026-09-01","NARCISO  WAN-008",0,0
"2026-09-01","ELLA",0,0
"2026-09-01","HEART  WAN-0010",0,0
"2026-09-01","LOLA-II",0,0
"2026-09-01","VANESSA",0,0
"2026-09-01","ESPIREA  WAN-004",0,0
"2026-09-01","KLARA  23247-4",0,0
"2026-09-01","NACARID",29,0
"2026-09-01","LOAD",0,0
"2026-09-01","JASMIN 8306-K7",0,0
"2026-09-01","KZ-1928",0,0
"2026-09-01","KZ-1932",0,0
"2026-09-01","MAYA",23,0
"2026-09-01","YUDA P1080-15",0,0
"2026-09-01","MEDINA",0,0
"2026-09-01","ASTER 1D8055-W28",0,0
"2026-09-01","ELIS",0,0
"2026-09-01","MIYI RMC12",0,0
"2026-09-01","KZ-1929",0,0
"2026-09-01","KORA  XIN-005",0,0
"2026-09-01","MOORE",0,0
"2026-09-01","KZ-1931",0,0
"2026-09-01","MIEL",49,0
"2026-09-01","LC-DH-9",0,0
"2026-09-01","KERLY",0,0
"2026-09-01","MARITA",0,0
"2026-09-01","LESLIE L1920-21A",0,0
"2026-09-01","MOLLY 20124-43",0,0
"2026-09-01","VEGA (LC-DH-43)",0,0
"2026-09-01","HERA",51,0
"2026-09-01","MIA-IV",23,0
"2026-09-01","KZ-1900",0,0
"2026-09-01","EILEEN P1078-12",0,0
"2026-09-01","JERZY",0,0
"2026-09-01","PARAISO-II",1,0
"2026-09-01","DIANA 19269-24",0,0
"2026-09-01","GLEDYS",0,0
"2026-09-01","NOHELY",0,0
"2026-09-01","ELSA (C109-240206-1)",0,0
"2026-09-01","VEGA-II",0,0
"2026-09-01","IVETTE",0,0
"2026-09-01","DALILA-II",15,0
"2026-09-01","CAROLINA",0,0
"2026-09-01","ORQUIDEA",0,0
"2026-09-01","LYNN",0,0
"2026-09-01","MIRAC P1061-9",0,0
"2026-09-01","NIURKA",0,0
"2026-09-01","Untitled Feb3_22:12",0,0
"2026-09-01","KZ-1939",17,0
"2026-09-01","SOFIA",0,0
"2026-09-01","FABIOLA",0,0
"2026-09-01","ELEIDY",0,0
"2026-09-01","MILENA",32,0
"2026-09-01","LOLA (LC311595)",0,0
"2026-09-01","LC-DH-39",0,0
"2026-09-01","AURIS RM-13",0,0
"2026-09-01","NURIS WH-W01",0,0
"2026-09-01","KZ-1935",0,0
"2026-09-01","MOHANA 8302-K40",0,0
"2026-09-01","RAQUEL",0,0
"2026-09-01","TINA",0,0
"2026-09-01","LUNA WH-W11",0,0
"2026-09-01","JJW-5",0,0
"2026-09-01","TOÑA RMC9",26,0
"2026-09-01","BRICE L1913-52",0,0
"2026-09-01","ZARA",27,0
"2026-09-01","ARENA",0,0
"2026-09-01","LEA BF2405",0,0
"2026-09-01","JOY",0,0
"2026-09-01","ORCHILA",0,0
"2026-09-01","AMAPOLA",0,0
"2026-09-01","BYl111-K2",0,0
"2026-09-01","P1061-7",0,0
"2026-09-01","JJW-1",0,0
"2026-09-01","KATIA  XIN-002",0,0
"2026-09-01","KZ-1914",0,0
"2026-09-01","MAITE",0,0
"2026-09-01","CAURA",0,0
"2026-09-02","KZ-1936",0,0
"2026-09-02","8E0145-20",0,0
"2026-09-02","KZ-1937",13,0
"2026-09-02","LC-ST-19",0,0
"2026-09-02","YURI WH-W02",0,0
"2026-09-02","CRISBEL",0,0
"2026-09-02","LOLA (LC311595)",0,0
"2026-09-02","8E0213-8",0,0
"2026-09-02","NIEBLA 4020-24",0,0
"2026-09-02","C015-220520-3",0,0
"2026-09-02","KZ-1929",0,0
"2026-09-02","BLANCA 11134-K31",0,0
"2026-09-02","ROSA (LC222011)",0,0
"2026-09-02","KLARA  23247-4",0,0
"2026-09-02","DETTE 23046-35",0,0
"2026-09-02","KZ-1916",0,0
"2026-09-02","DINIRA",0,0
"2026-09-02","SANDRA",0,0
"2026-09-02","YUDA P1080-15",0,0
"2026-09-02","MIEL",49,0
"2026-09-02","VEGA (LC-DH-43)",0,0
"2026-09-02","PARAISO-II",0,0
"2026-09-02","ODA",0,0
"2026-09-02","LC-DH-33",0,0
"2026-09-02","TIFFANY",0,0
"2026-09-02","DALILA-II",15,0
"2026-09-02","CAROLINA",0,0
"2026-09-02","DARA RM-09",0,0
"2026-09-02","MARTHA",0,0
"2026-09-02","NARCISO  WAN-008",0,0
"2026-09-02","CARIDAD",0,0
"2026-09-02","LC-DH-39",0,0
"2026-09-02","GARDENIA YQ7510-H34",0,0
"2026-09-02","MILENA",32,0
"2026-09-02","JJW-7",0,0
"2026-09-02","DANIELA",0,0
"2026-09-02","CLARION",25,0
"2026-09-02","PEGGY BF2408",0,0
"2026-09-02","CANAIMA",0,0
"2026-09-02","KZ-1935",0,0
"2026-09-02","HADA BF2407",0,0
"2026-09-02","SARI",0,0
"2026-09-02","KZ-1899",18,0
"2026-09-02","BRISA",27,0
"2026-09-02","TULIPAN",20,0
"2026-09-02","GATEN",0,0
"2026-09-02","AGUA",0,0
"2026-09-02","JJW-3",0,0
"2026-09-02","BAHIA",0,0
"2026-09-02","JOY",0,0
"2026-09-02","ISLA",30,0
"2026-09-02","KRISS",0,0
"2026-09-02","TYLER",0,0
"2026-09-02","BECKY",33,0
"2026-09-02","NATALIA",0,0
"2026-09-02","DUNA",0,0
"2026-09-02","JENNY",0,0
"2026-09-02","MAITE",0,0
"2026-09-02","CAURA",0,0
"2026-09-02","KZ-1914",0,0
"2026-09-02","8E0072-26",0,0
"2026-09-02","TILA WH-W04",0,0
"2026-09-02","KZ-1930",0,0
"2026-09-02","DEMI ZS16-15",0,0
"2026-09-02","KZ-1915",0,0
"2026-09-02","KATIA  XIN-002",0,0
"2026-09-02","INES",0,0
"2026-09-02","JJW-1",0,0
"2026-09-02","BYl111-K2",0,0
"2026-09-02","P1061-7",0,0
"2026-09-02","LIBIA",0,0
"2026-09-02","EFFIE  XZ51-1",0,0
"2026-09-02","GLEDYS",0,0
"2026-09-02","CORAL",0,0
"2026-09-02","CLAVEL",0,0
"2026-09-02","GLORIA",0,0
"2026-09-02","7979-K28",0,0
"2026-09-02","KIARA",0,0
"2026-09-02","KATALEYA  XIN-003",0,0
"2026-09-02","ATENEA",8,0
"2026-09-02","MORELA",0,0
"2026-09-02","ALMA (C082-230803-32)",0,0
"2026-09-02","KAMI BF2410",0,0
"2026-09-02","KZ-1923",0,0
"2026-09-02","MALIA",0,0
"2026-09-02","AVA  P1094-2",0,0
"2026-09-02","CLAUDIA",0,0
"2026-09-02","KZ-1913",0,0
"2026-09-02","NIRAJ 1D8033-W44",0,0
"2026-09-02","RAQUEL",0,0
"2026-09-02","AMAPOLA",0,0
"2026-09-02","JLP1025-5",0,0
"2026-09-02","LARA (LC311546)",0,0
"2026-09-02","MEDINA",0,0
"2026-09-02","LUPITA",0,0
"2026-09-02","KORA  XIN-005",0,0
"2026-09-02","MIA-2 (C109-240205-2)",0,0
"2026-09-02","MILLIE",16,0
"2026-09-02","RISA",0,0
"2026-09-02","LEA BF2405",0,0
"2026-09-02","ARENA",0,0
"2026-09-02","ELBA RM-15",0,0
"2026-09-02","KZ-1917",0,0
"2026-09-02","KARINA",0,0
"2026-09-02","FRESIA",9,0
"2026-09-02","GALENA P1094-4",0,0
"2026-09-02","8E0075-7",0,0
"2026-09-02","KZ-1926",0,0
"2026-09-02","CADIE P1090-1",0,0
"2026-09-02","LISETH L1982-70",0,0
"2026-09-02","VERO RM-14",0,0
"2026-09-02","ORQUIDEA",0,0
"2026-09-02","C015-221019-7",0,0
"2026-09-02","LYNN",0,0
"2026-09-02","SOL",0,0
"2026-09-02","VIVIANA",0,0
"2026-09-02","EVA",0,0
"2026-09-02","MALENA",0,0
"2026-09-02","EDNA BF2413",0,0
"2026-09-02","MARGARITA",0,0
"2026-09-02","NUT",0,0
"2026-09-02","SELENA L2801-3",0,0
"2026-09-02","MIN",0,0
"2026-09-02","KZ-1938",0,0
"2026-09-02","KZ-1893",0,0
"2026-09-02","GIRASOL",8,0
"2026-09-02","DANA",0,0
"2026-09-02","SHERYL",0,0
"2026-09-02","HEART  WAN-0010",0,0
"2026-09-02","CAROL BF2402",0,0
"2026-09-02","STELLA L1870-40",0,0
"2026-09-02","ZARA",28,0
"2026-09-02","IVONNE",0,0
"2026-09-02","MILLY 23120-1",0,0
"2026-09-02","NACARID",29,0
"2026-09-02","LOAD",0,0
"2026-09-02","FILCH 23198-7",0,0
"2026-09-02","ASHLEY L1895-36",0,0
"2026-09-02","MARBE BF2403",0,0
"2026-09-02","FATIMA",0,0
"2026-09-02","NURY",21,0
"2026-09-02","CG 190228-2",0,0
"2026-09-02","MIMI",0,0
"2026-09-02","ZULAY",27,0
"2026-09-02","MIA-V",18,0
"2026-09-02","KZ-1931",0,0
"2026-09-02","MOORE",0,0
"2026-09-02","KZ-1924",0,0
"2026-09-02","MIA (C109-240206-32)",0,0
"2026-09-02","DAYRA",0,0
"2026-09-02","KZ-1901",0,0
"2026-09-02","KEELY",0,0
"2026-09-02","KZ-1925",0,0
"2026-09-02","IVES",24,0
"2026-09-02","ACACIA YQ7581-H68",0,0
"2026-09-02","CARISSA",21,0
"2026-09-02","KZ-1927",0,0
"2026-09-02","FLORA YQ7581-H86",0,0
"2026-09-02","ISABEL",0,0
"2026-09-02","NIEVES 11134-K37",0,0
"2026-09-02","SALLY",0,0
"2026-09-02","ROXANA",28,0
"2026-09-02","DINA BF2411",0,0
"2026-09-02","MORAN",30,0
"2026-09-02","MIRAC P1061-9",0,0
"2026-09-02","MULAN 8306-K19",0,0
"2026-09-02","JJW-8",0,0
"2026-09-02","NORKYS",0,0
"2026-09-02","ELENA L1992-28",0,0
"2026-09-02","DALILA",0,0
"2026-09-02","GEMA BN1925-K6",0,0
"2026-09-02","PRIAH",31,0
"2026-09-02","CLARA P1067-7",0,0
"2026-09-02","LOLA-II",0,0
"2026-09-02","VANESSA",0,0
"2026-09-02","AURIS RM-13",0,0
"2026-09-02","NEKO RM-12",0,0
"2026-09-02","RUDDY",0,0
"2026-09-02","KZ-1928",0,0
"2026-09-02","HEIDY 21219-8",0,0
"2026-09-02","KZ-1898",0,0
"2026-09-02","NARDO",0,0
"2026-09-02","CELIA P1086-5",0,0
"2026-09-02","OLAS",0,0
"2026-09-02","LALA WH-W06",37,0
"2026-09-02","VIDIA",27,0
"2026-09-02","TERRA",21,0
"2026-09-02","ZARINA",0,0
"2026-09-02","PILAR",0,0
"2026-09-02","AMI",0,0
"2026-09-02","MARITA",0,0
"2026-09-02","BETHANY",0,0
"2026-09-02","POLINA",31,0
"2026-09-02","TABEI",0,0
"2026-09-02","KERLY",0,0
"2026-09-02","MAREA",0,0
"2026-09-02","YULI 23148-11",0,0
"2026-09-02","LESLIE L1920-21A",0,0
"2026-09-02","NELLY",0,0
"2026-09-02","TATIANA",0,0
"2026-09-02","MOLLY 20124-43",0,0
"2026-09-02","ZURY WH-W013",0,0
"2026-09-02","CATA",0,0
"2026-09-02","FLAVIA",0,0
"2026-09-02","MAYRA",0,0
"2026-09-02","EMMA (C082-230803-10)",0,0
"2026-09-02","ELDA BF2409",0,0
"2026-09-02","PAULA",0,0
"2026-09-02","KZ-1918",0,0
"2026-09-02","FRESNO(AT-014)",0,0
"2026-09-02","DYER",20,0
"2026-09-02","YELA 23178-11",0,0
"2026-09-02","MARA BF2404",0,0
"2026-09-02","NOA",34,0
"2026-09-02","AMANDA",0,0
"2026-09-02","LIRIO  WAN-005",0,0
"2026-09-02","KETTE L1985A-6",0,0
"2026-09-02","DAYANA",0,0
"2026-09-02","KZ-1921",0,0
"2026-09-02","FEDRA",0,0
"2026-09-02","EVAM 21142-7",0,0
"2026-09-02","FABIOLA",0,0
"2026-09-02","ELEIDY",0,0
"2026-09-02","NURIS WH-W01",0,0
"2026-09-02","PAULA-II",0,0
"2026-09-02","DIVA",0,0
"2026-09-02","KZ-1934",0,0
"2026-09-02","TOÑA RMC9",26,0
"2026-09-02","LUNA WH-W11",0,0
"2026-09-02","TINA",0,0
"2026-09-02","ARIA P1080-5",0,0
"2026-09-02","JJW-5",0,0
"2026-09-02","KELLY",0,0
"2026-09-02","MILKA",0,0
"2026-09-02","AURORA 8302-K3",0,0
"2026-09-02","LALY WH-W08",0,0
"2026-09-02","ASTER 1D8055-W28",0,0
"2026-09-02","MIA-II",0,0
"2026-09-02","ALMA-II",0,0
"2026-09-02","KASSIA",0,0
"2026-09-02","P956-7",0,0
"2026-09-02","P990-2",0,0
"2026-09-02","LC-DH-9",0,0
"2026-09-02","CIRA RMC13",0,0
"2026-09-02","MIA-III",0,0
"2026-09-02","EILEEN P1078-12",0,0
"2026-09-02","KZ-1897",0,0
"2026-09-02","LILA (LC222036)",0,0
"2026-09-02","SABI 23147-6",0,0
"2026-09-02","SHANNON",0,0
"2026-09-02","MONIC RM-11",0,0
"2026-09-02","KZ-1939",17,0
"2026-09-02","SALOME",31,0
"2026-09-02","AMAPOLA-II",11,0
"2026-09-02","KZ-1922",0,0
"2026-09-02","ALAIA (C082-20231027-23)",0,0
"2026-09-02","MERIDA 8302-K96",0,0
"2026-09-02","IVY",0,0
"2026-09-02","VENUS",41,0
"2026-09-02","BALMAT",0,0
"2026-09-02","MACUTO",0,0
"2026-09-02","SADIE",32,0
"2026-09-02","BELLA 8302-K51",0,0
"2026-09-02","MADELYN",33,0
"2026-09-02","CARLA (C015-231009-6)",0,0
"2026-09-02","LELIS WH-W07",0,0
"2026-09-02","CALA  WAN-002",0,0
"2026-09-02","11134-K3",0,0
"2026-09-02","CHORONI",0,0
"2026-09-02","ORQUIDEA-II",15,0
"2026-09-02","ELSA-II",0,0
"2026-09-02","LIENZO",26,0
"2026-09-02","ELLA",0,0
"2026-09-02","LOTUS 1138265-W54",0,0
"2026-09-02","MOHANA 8302-K40",0,0
"2026-09-02","ZHENITH",21,0
"2026-09-02","ELSA (C109-240206-1)",0,0
"2026-09-02","BRICE L1913-52",0,0
"2026-09-02","KZ-1910",0,0
"2026-09-02","MELISSA 1D4265-W14",0,0
"2026-09-02","MIYI RMC12",0,0
"2026-09-02","ELIS",0,0
"2026-09-02","ESPIREA  WAN-004",0,0
"2026-09-02","KZ-1932",0,0
"2026-09-02","MAYA",23,0
"2026-09-02","YUKI",0,0
"2026-09-02","PATTY L1913-89",0,0
"2026-09-02","YULIKA",0,0
"2026-09-02",,0,0
"2026-09-02","ANARE",0,0
"2026-09-02","LIS (C082-240426-5)",0,0
"2026-09-02","KZ-1919",0,0
"2026-09-02","SONYA",0,0
"2026-09-02","BRENDA",0,0
"2026-09-02","BEGONIA YQ7667-H08",0,0
"2026-09-02","CHLOE  P1081-3",0,0
"2026-09-02","SCARLET",0,0
"2026-09-02","DAFNE  XIN-001",0,0
"2026-09-02","KZ-1904",0,0
"2026-09-02","MIRTHA",0,0
"2026-09-02","WANDA",0,0
"2026-09-02","SOFIA-II",0,0
"2026-09-02","JANE BF2412",0,0
"2026-09-02","CARMEN-II",28,0
"2026-09-02","ETTA L1996-9",0,0
"2026-09-02","YULE",11,0
"2026-09-02","PARIS",0,0
"2026-09-02","AURA BF2406",0,0
"2026-09-02","DALIA YQ7516-F78",0,0
"2026-09-02","ARIEL 8306-K15",0,0
"2026-09-02","MIRIAM",0,0
"2026-09-02","P448-91",0,0
"2026-09-02","SUSANA",0,0
"2026-09-02","CAYENA",0,0
"2026-09-02","GAIA",0,0
"2026-09-02","SARI WH-W03",0,0
"2026-09-02","LEILANI YQ7542-H34B",0,0
"2026-09-02","PILIN",33,0
"2026-09-02","TERESA",0,0
"2026-09-02","LUCY",0,0
"2026-09-02","JJW-6",0,0
"2026-09-02","AZUCENA",0,0
"2026-09-02","CHOC 22007-14",0,0
"2026-09-02","MONICA",0,0
"2026-09-02","SOFIA",0,0
"2026-09-02","MABEL",0,0
"2026-09-02","TANIA",0,0
"2026-09-02","LYRIA",0,0
"2026-09-02","GALA",30,0
"2026-09-02","CORAIMA",0,0
"2026-09-02","MAR",0,0
"2026-09-02","MOCHIMA",0,0
"2026-09-02","JASMIN 8306-K7",0,0
"2026-09-02","GIA",33,0
"2026-09-02","ORCHILA",0,0
"2026-09-02","KZ-1933",15,0
"2026-09-02","KZ-1900",0,0
"2026-09-02","HERA",51,0
"2026-09-02","LILY 22006-7",0,0
"2026-09-02","MIA-IV",23,0
"2026-09-02","MAGA BF2401",0,0
"2026-09-02","INDIGO 1D8055-W33",0,0
"2026-09-02","REGINA",0,0
"2026-09-02","LAURA",0,0
"2026-09-02","KZ-1902",13,0
"2026-09-02","GLISS",17,0
"2026-09-02","KZ-1896",0,0
"2026-09-02","AVILA",0,0
"2026-09-02","YOLANDA",0,0
"2026-09-02","ALAIA-II",0,0
"2026-09-02","HILDA",0,0
"2026-09-02","JERZY",0,0
"2026-09-02","ALICIA  P1091-4",0,0
"2026-09-02","PARAISO",0,0
"2026-09-02","NIKKI",0,0
"2026-09-02","DIANA 19269-24",0,0
"2026-09-02","MARTA",0,0
"2026-09-02","C082-1",0,0
"2026-09-02","MORA BF2414",20,0
"2026-09-02","KZ-1920",0,0
"2026-09-02","VEGA-II",0,0
"2026-09-02","IVETTE",0,0
"2026-09-02","NOHELY",0,0
"2026-09-02","KZ-1905",0,0
"2026-09-02","ASTRID",0,0
"2026-09-02","LIS-II",0,0
"2026-09-02","NIURKA",0,0
"2026-09-02","IRENE",0,0
"2026-09-02","MARGARET",27,0
"2026-09-02","CHOCO",0,0
"2026-09-02","Untitled Feb3_22:12",0,0
"2026-09-03","VIDIA",27,0
"2026-09-03","TERRA",21,0
"2026-09-03","LALA WH-W06",37,0
"2026-09-03","ASHLEY L1895-36",0,0
"2026-09-03","FILCH 23198-7",0,0
"2026-09-03","MARBE BF2403",0,0
"2026-09-03","BECKY",33,0
"2026-09-03","NATALIA",0,0
"2026-09-03","RISA",0,0
"2026-09-03","GIA",33,0
"2026-09-03","MILLIE",28,0
"2026-09-03","KZ-1933",15,0
"2026-09-03","MIA-II",0,0
"2026-09-03","ALMA-II",0,0
"2026-09-03","KASSIA",0,0
"2026-09-03","ESPIREA  WAN-004",0,0
"2026-09-03","MILKA",0,0
"2026-09-03","KELLY",0,0
"2026-09-03","TOÑA RMC9",26,0
"2026-09-03","AURIS RM-13",0,0
"2026-09-03","ZARA",27,0
"2026-09-03","DANIELA",0,0
"2026-09-03","JJW-7",0,0
"2026-09-03","ELSA-II",0,0
"2026-09-03","LEILANI YQ7542-H34B",0,0
"2026-09-03","KIARA",0,0
"2026-09-03","MIA (C109-240206-32)",0,0
"2026-09-03","SCARLET",0,0
"2026-09-03","KETTE L1985A-6",0,0
"2026-09-03","SABI 23147-6",0,0
"2026-09-03","LILA (LC222036)",0,0
"2026-09-03","MARA BF2404",0,0
"2026-09-03","LISETH L1982-70",0,0
"2026-09-03","ALAIA (C082-20231027-23)",0,0
"2026-09-03","ELDA BF2409",0,0
"2026-09-03","LIS (C082-240426-5)",0,0
"2026-09-03","LIBIA",0,0
"2026-09-03","P1061-7",0,0
"2026-09-03","BYl111-K2",0,0
"2026-09-03","JJW-1",0,0
"2026-09-03","DEMI ZS16-15",0,0
"2026-09-03","TULIPAN",18,0
"2026-09-03","GATEN",0,0
"2026-09-03","HADA BF2407",0,0
"2026-09-03","AURORA 8302-K3",0,0
"2026-09-03","KZ-1935",0,0
"2026-09-03","MABEL",0,0
"2026-09-03","CANAIMA",0,0
"2026-09-03","MAR",0,0
"2026-09-03","MOHANA 8302-K40",0,0
"2026-09-03","SHERYL",0,0
"2026-09-03","KZ-1937",14,0
"2026-09-03","LOLA (LC311595)",0,0
"2026-09-03","KZ-1913",0,0
"2026-09-03","CLAUDIA",0,0
"2026-09-03","SOFIA",0,0
"2026-09-03","HEART  WAN-0010",0,0
"2026-09-03","LC-ST-19",0,0
"2026-09-03","LIENZO",26,0
"2026-09-03","CLARA P1067-7",0,0
"2026-09-03","MILENA",32,0
"2026-09-03","LC-DH-39",0,0
"2026-09-03","BELLA 8302-K51",0,0
"2026-09-03","11134-K3",0,0
"2026-09-03","MADELYN",33,0
"2026-09-03","BALMAT",0,0
"2026-09-03","KATALEYA  XIN-003",0,0
"2026-09-03","CARMEN-II",28,0
"2026-09-03","SOL",0,0
"2026-09-03","EVA",0,0
"2026-09-03","MARGARITA",0,0
"2026-09-03","KZ-1904",0,0
"2026-09-03","MIRTHA",0,0
"2026-09-03","EILEEN P1078-12",0,0
"2026-09-03","PARAISO-II",0,0
"2026-09-03","KERLY",0,0
"2026-09-03","EFFIE  XZ51-1",0,0
"2026-09-03","P990-2",0,0
"2026-09-03","MARITA",0,0
"2026-09-03","INDIGO 1D8055-W33",0,0
"2026-09-03","JENNY",0,0
"2026-09-03","DUNA",0,0
"2026-09-03","TILA WH-W04",0,0
"2026-09-03","8E0072-26",0,0
"2026-09-03","KZ-1930",0,0
"2026-09-03","KORA  XIN-005",0,0
"2026-09-03","AMAPOLA",0,0
"2026-09-03","RAQUEL",0,0
"2026-09-03","JJW-5",0,0
"2026-09-03","CORAIMA",0,0
"2026-09-03","MOCHIMA",0,0
"2026-09-03","NIRAJ 1D8033-W44",0,0
"2026-09-03","8E0213-8",0,0
"2026-09-03","C015-220520-3",0,0
"2026-09-03","ZHENITH",33,0
"2026-09-03","EVAM 21142-7",0,0
"2026-09-03","MONIC RM-11",0,0
"2026-09-03","JANE BF2412",0,0
"2026-09-03","SOFIA-II",0,0
"2026-09-03","WANDA",0,0
"2026-09-03","KZ-1927",0,0
"2026-09-03","SALLY",0,0
"2026-09-03","ROXANA",27,0
"2026-09-03","FRESNO(AT-014)",0,0
"2026-09-03","ISABEL",0,0
"2026-09-03","PAULA",0,0
"2026-09-03","YELA 23178-11",0,0
"2026-09-03","LIRIO  WAN-005",0,0
"2026-09-03","ALMA (C082-230803-32)",0,0
"2026-09-03","HILDA",0,0
"2026-09-03","MAREA",0,0
"2026-09-03","KZ-1924",0,0
"2026-09-03","POLINA",32,0
"2026-09-03","JOY",0,0
"2026-09-03","ASTER 1D8055-W28",0,0
"2026-09-03","CARLA (C015-231009-6)",0,0
"2026-09-03","PAULA-II",0,0
"2026-09-03","NIEBLA 4020-24",0,0
"2026-09-03","KZ-1910",0,0
"2026-09-03","CRISBEL",0,0
"2026-09-03","YURI WH-W02",0,0
"2026-09-03","CHOC 22007-14",0,0
"2026-09-03","ELEIDY",0,0
"2026-09-03","FABIOLA",0,0
"2026-09-03","FEDRA",0,0
"2026-09-03","GARDENIA YQ7510-H34",0,0
"2026-09-03","PRIAH",30,0
"2026-09-03","AZUCENA",0,0
"2026-09-03","JJW-6",0,0
"2026-09-03","CALA  WAN-002",0,0
"2026-09-03","LELIS WH-W07",0,0
"2026-09-03","AVA  P1094-2",0,0
"2026-09-03","KZ-1893",0,0
"2026-09-03","NORKYS",0,0
"2026-09-03","JJW-8",0,0
"2026-09-03","CAYENA",0,0
"2026-09-03","KZ-1939",17,0
"2026-09-03","MERIDA 8302-K96",0,0
"2026-09-03","ORQUIDEA",0,0
"2026-09-03","LYNN",0,0
"2026-09-03","CHLOE  P1081-3",0,0
"2026-09-03","BEGONIA YQ7667-H08",0,0
"2026-09-03","DAFNE  XIN-001",0,0
"2026-09-03","NUT",0,0
"2026-09-03","DAYANA",0,0
"2026-09-03","KZ-1901",0,0
"2026-09-03","YULI 23148-11",0,0
"2026-09-03","DAYRA",0,0
"2026-09-03","TABEI",0,0
"2026-09-03","ANARE",0,0
"2026-09-03","YULIKA",0,0
"2026-09-03","MIMI",0,0
"2026-09-03","KATIA  XIN-002",0,0
"2026-09-03","CG 190228-2",0,0
"2026-09-03","KRISS",0,0
"2026-09-03","TYLER",0,0
"2026-09-03","ISLA",30,0
"2026-09-03","NARDO",0,0
"2026-09-03","KZ-1898",0,0
"2026-09-03","JJW-3",0,0
"2026-09-03","AGUA",0,0
"2026-09-03","BAHIA",0,0
"2026-09-03","ROSA (LC222011)",0,0
"2026-09-03","SANDRA",0,0
"2026-09-03","DINIRA",0,0
"2026-09-03","KZ-1916",0,0
"2026-09-03","BLANCA 11134-K31",0,0
"2026-09-03","MILLY 23120-1",0,0
"2026-09-03","MAYA",23,0
"2026-09-03","KZ-1932",0,0
"2026-09-03","KLARA  23247-4",0,0
"2026-09-03","ARIA P1080-5",0,0
"2026-09-03","IVONNE",0,0
"2026-09-03","MELISSA 1D4265-W14",0,0
"2026-09-03","VANESSA",0,0
"2026-09-03","BRICE L1913-52",0,0
"2026-09-03","LOLA-II",0,0
"2026-09-03","MONICA",0,0
"2026-09-03","8E0145-20",0,0
"2026-09-03","KZ-1936",0,0
"2026-09-03","MALIA",0,0
"2026-09-03","GIRASOL",8,0
"2026-09-03","DANA",0,0
"2026-09-03","ELENA L1992-28",0,0
"2026-09-03","DALILA",0,0
"2026-09-03","IVY",0,0
"2026-09-03","KZ-1923",0,0
"2026-09-03","KAMI BF2410",0,0
"2026-09-03","SADIE",30,0
"2026-09-03","MIN",0,0
"2026-09-03","MACUTO",0,0
"2026-09-03","NIURKA",0,0
"2026-09-03","MULAN 8306-K19",0,0
"2026-09-03","KZ-1922",0,0
"2026-09-03","VENUS",41,0
"2026-09-03","SALOME",29,0
"2026-09-03","AMAPOLA-II",10,0
"2026-09-03","GAIA",0,0
"2026-09-03","SARI WH-W03",0,0
"2026-09-03","SHANNON",0,0
"2026-09-03","SELENA L2801-3",0,0
"2026-09-03","ETTA L1996-9",0,0
"2026-09-03","CAROLINA",0,0
"2026-09-03","DALILA-II",15,0
"2026-09-03","VIVIANA",0,0
"2026-09-03","MALENA",0,0
"2026-09-03","EDNA BF2413",0,0
"2026-09-03","VERO RM-14",0,0
"2026-09-03","C015-221019-7",0,0
"2026-09-03","TIFFANY",0,0
"2026-09-03","MORA BF2414",20,0
"2026-09-03","C082-1",0,0
"2026-09-03","MARTA",0,0
"2026-09-03","DINA BF2411",0,0
"2026-09-03","MORAN",32,0
"2026-09-03","ALAIA-II",0,0
"2026-09-03","YOLANDA",0,0
"2026-09-03","GLISS",17,0
"2026-09-03","KZ-1896",0,0
"2026-09-03","AVILA",0,0
"2026-09-03","MAGA BF2401",0,0
"2026-09-03","MOORE",0,0
"2026-09-03","KZ-1931",0,0
"2026-09-03","YUKI",0,0
"2026-09-03","NURY",21,0
"2026-09-03","CELIA P1086-5",0,0
"2026-09-03","FATIMA",0,0
"2026-09-03","ARENA",0,0
"2026-09-03","LEA BF2405",0,0
"2026-09-03","LOAD",0,0
"2026-09-03","NACARID",29,0
"2026-09-03","YUDA P1080-15",0,0
"2026-09-03","ORCHILA",0,0
"2026-09-03","JLP1025-5",0,0
"2026-09-03","KZ-1929",0,0
"2026-09-03","DETTE 23046-35",0,0
"2026-09-03","GALA",30,0
"2026-09-03","TANIA",0,0
"2026-09-03","LYRIA",0,0
"2026-09-03","DIVA",0,0
"2026-09-03","STELLA L1870-40",0,0
"2026-09-03","KZ-1934",0,0
"2026-09-03","CAROL BF2402",0,0
"2026-09-03","NURIS WH-W01",0,0
"2026-09-03","CLARION",25,0
"2026-09-03","DARA RM-09",0,0
"2026-09-03","GEMA BN1925-K6",0,0
"2026-09-03","ATENEA",8,0
"2026-09-03","MORELA",0,0
"2026-09-03","Untitled Feb3_22:12",0,0
"2026-09-03","PILIN",33,0
"2026-09-03","TERESA",0,0
"2026-09-03","LUCY",0,0
"2026-09-03","KZ-1920",0,0
"2026-09-03","KZ-1902",13,0
"2026-09-03","ODA",0,0
"2026-09-03","MAYRA",0,0
"2026-09-03","FRESIA",22,0
"2026-09-03","IVES",24,0
"2026-09-03","ZURY WH-W013",0,0
"2026-09-03","AMI",0,0
"2026-09-03","TATIANA",0,0
"2026-09-03","NELLY",0,0
"2026-09-03","GALENA P1094-4",0,0
"2026-09-03","LILY 22006-7",0,0
"2026-09-03","ELSA (C109-240206-1)",0,0
"2026-09-03","ZULAY",27,0
"2026-09-03","MIA-V",18,0
"2026-09-03","PATTY L1913-89",0,0
"2026-09-03","MIEL",49,0
"2026-09-03","KZ-1915",0,0
"2026-09-03","P956-7",0,0
"2026-09-03","ELBA RM-15",0,0
"2026-09-03","KZ-1928",0,0
"2026-09-03","KARINA",0,0
"2026-09-03","HEIDY 21219-8",0,0
"2026-09-03","KZ-1917",0,0
"2026-09-03","LUPITA",0,0
"2026-09-03","JASMIN 8306-K7",0,0
"2026-09-03","LOTUS 1138265-W54",0,0
"2026-09-03","PEGGY BF2408",0,0
"2026-09-03","ELLA",0,0
"2026-09-03","MARTHA",0,0
"2026-09-03","MIA-2 (C109-240205-2)",0,0
"2026-09-03","CARIDAD",0,0
"2026-09-03","EMMA (C082-230803-10)",0,0
"2026-09-03","KZ-1938",0,0
"2026-09-03","P448-91",0,0
"2026-09-03","SUSANA",0,0
"2026-09-03","MIRIAM",0,0
"2026-09-03","CLAVEL",0,0
"2026-09-03","GLORIA",0,0
"2026-09-03","LC-DH-33",0,0
"2026-09-03","CORAL",0,0
"2026-09-03","FLORA YQ7581-H86",0,0
"2026-09-03","KZ-1918",0,0
"2026-09-03","DYER",20,0
"2026-09-03","NIEVES 11134-K37",0,0
"2026-09-03","8E0075-7",0,0
"2026-09-03","KZ-1926",0,0
"2026-09-03","ALICIA  P1091-4",0,0
"2026-09-03","GLEDYS",0,0
"2026-09-03","PARAISO",0,0
"2026-09-03","NIKKI",0,0
"2026-09-03","NOA",33,0
"2026-09-03","JERZY",0,0
"2026-09-03","KZ-1919",0,0
"2026-09-03","CADIE P1090-1",0,0
"2026-09-03","BRENDA",0,0
"2026-09-03","SONYA",0,0
"2026-09-03","KEELY",0,0
"2026-09-03","KZ-1925",0,0
"2026-09-03","LESLIE L1920-21A",0,0
"2026-09-03","CARISSA",21,0
"2026-09-03","MOLLY 20124-43",0,0
"2026-09-03","FLAVIA",0,0
"2026-09-03","ACACIA YQ7581-H68",0,0
"2026-09-03","CATA",0,0
"2026-09-03","VEGA (LC-DH-43)",0,0
"2026-09-03","LC-DH-9",0,0
"2026-09-03","MIA-III",0,0
"2026-09-03","CIRA RMC13",0,0
"2026-09-03","INES",0,0
"2026-09-03","OLAS",0,0
"2026-09-03","KZ-1914",0,0
"2026-09-03","CAURA",0,0
"2026-09-03","MAITE",0,0
"2026-09-03","LARA (LC311546)",0,0
"2026-09-03","ELIS",0,0
"2026-09-03","MIYI RMC12",0,0
"2026-09-03","SARI",0,0
"2026-09-03","KZ-1899",18,0
"2026-09-03","BRISA",28,0
"2026-09-03","LALY WH-W08",0,0
"2026-09-03","MEDINA",0,0
"2026-09-03","TINA",0,0
"2026-09-03","LUNA WH-W11",0,0
"2026-09-03","NEKO RM-12",0,0
"2026-09-03","RUDDY",0,0
"2026-09-03","NARCISO  WAN-008",0,0
"2026-09-03","CHORONI",0,0
"2026-09-03","ORQUIDEA-II",15,0
"2026-09-03","CHOCO",0,0
"2026-09-03","MARGARET",27,0
"2026-09-03","IRENE",0,0
"2026-09-03","ASTRID",0,0
"2026-09-03","LIS-II",0,0
"2026-09-03","DALIA YQ7516-F78",0,0
"2026-09-03","ARIEL 8306-K15",0,0
"2026-09-03","KZ-1921",0,0
"2026-09-03","KZ-1905",0,0
"2026-09-03","VEGA-II",0,0
"2026-09-03","IVETTE",0,0
"2026-09-03","MIRAC P1061-9",0,0
"2026-09-03","NOHELY",0,0
"2026-09-03","AURA BF2406",0,0
"2026-09-03","PARIS",0,0
"2026-09-03","YULE",10,0
"2026-09-03","7979-K28",0,0
"2026-09-03","AMANDA",0,0
"2026-09-03",,0,0
"2026-09-03","DIANA 19269-24",0,0
"2026-09-03","KZ-1897",0,0
"2026-09-03","LAURA",0,0
"2026-09-03","REGINA",0,0
"2026-09-03","PILAR",0,0
"2026-09-03","ZARINA",0,0
"2026-09-03","KZ-1900",0,0
"2026-09-03","HERA",51,0
"2026-09-03","MIA-IV",23,0
"2026-09-03","BETHANY",0,0
"2026-09-04","GALA",30,0
"2026-09-04","LYRIA",0,0
"2026-09-04","TANIA",0,0
"2026-09-04","GIA",33,0
"2026-09-04","ZARA",26,0
"2026-09-04","EVAM 21142-7",0,0
"2026-09-04","8E0213-8",0,0
"2026-09-04","GARDENIA YQ7510-H34",0,0
"2026-09-04","KZ-1934",0,0
"2026-09-04","DIVA",0,0
"2026-09-04","KZ-1910",0,0
"2026-09-04","LC-ST-19",0,0
"2026-09-04","SHERYL",0,0
"2026-09-04","MONICA",0,0
"2026-09-04","KZ-1915",0,0
"2026-09-04","KORA  XIN-005",0,0
"2026-09-04","BYl111-K2",0,0
"2026-09-04","P1061-7",0,0
"2026-09-04","MIA (C109-240206-32)",0,0
"2026-09-04","ASTER 1D8055-W28",0,0
"2026-09-04","JJW-1",0,0
"2026-09-04","BECKY",33,0
"2026-09-04","NATALIA",0,0
"2026-09-04","GATEN",0,0
"2026-09-04","TULIPAN",18,0
"2026-09-04","HADA BF2407",0,0
"2026-09-04","HILDA",0,0
"2026-09-04","FLAVIA",0,0
"2026-09-04","CATA",0,0
"2026-09-04","POLINA",30,0
"2026-09-04","P990-2",0,0
"2026-09-04","DARA RM-09",0,0
"2026-09-04","ATENEA",8,0
"2026-09-04","MORELA",0,0
"2026-09-04","LUCY",0,0
"2026-09-04","TERESA",0,0
"2026-09-04","TIFFANY",0,0
"2026-09-04","LEILANI YQ7542-H34B",0,0
"2026-09-04","LYNN",0,0
"2026-09-04","ORQUIDEA",0,0
"2026-09-04","MABEL",0,0
"2026-09-04","CHOC 22007-14",0,0
"2026-09-04","TOÑA RMC9",26,0
"2026-09-04","CANAIMA",0,0
"2026-09-04","AVA  P1094-2",0,0
"2026-09-04","ZHENITH",30,0
"2026-09-04","DANIELA",0,0
"2026-09-04","JJW-7",0,0
"2026-09-04","MOHANA 8302-K40",0,0
"2026-09-04","ELSA-II",0,0
"2026-09-04","MIEL",49,0
"2026-09-04","ESPIREA  WAN-004",0,0
"2026-09-04","YUKI",0,0
"2026-09-04","DETTE 23046-35",0,0
"2026-09-04","AURORA 8302-K3",0,0
"2026-09-04","KZ-1933",14,0
"2026-09-04","KZ-1917",0,0
"2026-09-04","KARINA",0,0
"2026-09-04","KZ-1898",0,0
"2026-09-04","NARDO",0,0
"2026-09-04","KZ-1928",0,0
"2026-09-04","LOAD",0,0
"2026-09-04","MAR",0,0
"2026-09-04","NACARID",29,0
"2026-09-04","MILLIE",27,0
"2026-09-04","RISA",0,0
"2026-09-04","KZ-1929",0,0
"2026-09-04","ELIS",0,0
"2026-09-04","MIYI RMC12",0,0
"2026-09-04","ASHLEY L1895-36",0,0
"2026-09-04","MARBE BF2403",0,0
"2026-09-04","FILCH 23198-7",0,0
"2026-09-04","ORCHILA",0,0
"2026-09-04","JLP1025-5",0,0
"2026-09-04","ISABEL",0,0
"2026-09-04","KZ-1927",0,0
"2026-09-04","ROXANA",25,0
"2026-09-04","SALLY",0,0
"2026-09-04","GLEDYS",0,0
"2026-09-04","MARITA",0,0
"2026-09-04","ALICIA  P1091-4",0,0
"2026-09-04","DALILA",0,0
"2026-09-04","KAMI BF2410",0,0
"2026-09-04","KZ-1923",0,0
"2026-09-04","SARI WH-W03",0,0
"2026-09-04","GAIA",0,0
"2026-09-04","AURA BF2406",0,0
"2026-09-04","7979-K28",0,0
"2026-09-04","MARGARITA",0,0
"2026-09-04","LOLA-II",0,0
"2026-09-04","CLARA P1067-7",0,0
"2026-09-04","VANESSA",0,0
"2026-09-04","PAULA-II",0,0
"2026-09-04","NURIS WH-W01",0,0
"2026-09-04","ORQUIDEA-II",14,0
"2026-09-04","CHORONI",0,0
"2026-09-04","MIMI",0,0
"2026-09-04","CG 190228-2",0,0
"2026-09-04","MIA-V",18,0
"2026-09-04","ZULAY",27,0
"2026-09-04","ROSA (LC222011)",0,0
"2026-09-04","BLANCA 11134-K31",0,0
"2026-09-04","P956-7",0,0
"2026-09-04","MILLY 23120-1",0,0
"2026-09-04","NURY",21,0
"2026-09-04","FATIMA",0,0
"2026-09-04","KRISS",0,0
"2026-09-04","TYLER",0,0
"2026-09-04","ISLA",30,0
"2026-09-04","MAYA",23,0
"2026-09-04","KZ-1932",0,0
"2026-09-04","LILY 22006-7",0,0
"2026-09-04","MAREA",0,0
"2026-09-04","LISETH L1982-70",0,0
"2026-09-04","BETHANY",0,0
"2026-09-04","CADIE P1090-1",0,0
"2026-09-04",,0,0
"2026-09-04","MIA-IV",22,0
"2026-09-04","HERA",50,0
"2026-09-04","KZ-1900",0,0
"2026-09-04","MACUTO",0,0
"2026-09-04","MIRAC P1061-9",0,0
"2026-09-04","SADIE",27,0
"2026-09-04","MALIA",0,0
"2026-09-04","SALOME",30,0
"2026-09-04","AMAPOLA-II",9,0
"2026-09-04","VENUS",39,0
"2026-09-04","KZ-1922",0,0
"2026-09-04","NOA",32,0
"2026-09-04","SOFIA-II",0,0
"2026-09-04","JANE BF2412",0,0
"2026-09-04","Untitled Feb3_22:12",0,0
"2026-09-04","KZ-1904",0,0
"2026-09-04","MIRTHA",0,0
"2026-09-04","KATALEYA  XIN-003",0,0
"2026-09-04","SCARLET",0,0
"2026-09-04","AURIS RM-13",0,0
"2026-09-04","KZ-1937",14,0
"2026-09-04","JJW-6",0,0
"2026-09-04","NIEBLA 4020-24",0,0
"2026-09-04","AZUCENA",0,0
"2026-09-04","KZ-1931",0,0
"2026-09-04","MOORE",0,0
"2026-09-04","8E0072-26",0,0
"2026-09-04","TILA WH-W04",0,0
"2026-09-04","KZ-1930",0,0
"2026-09-04","LEA BF2405",0,0
"2026-09-04","ARENA",0,0
"2026-09-04","MEDINA",0,0
"2026-09-04","LUPITA",0,0
"2026-09-04","DEMI ZS16-15",0,0
"2026-09-04","DYER",19,0
"2026-09-04","VEGA (LC-DH-43)",0,0
"2026-09-04","KZ-1918",0,0
"2026-09-04","MORAN",31,0
"2026-09-04","DINA BF2411",0,0
"2026-09-04","EVA",0,0
"2026-09-04","SOL",0,0
"2026-09-04","KZ-1919",0,0
"2026-09-04","BRENDA",0,0
"2026-09-04","SONYA",0,0
"2026-09-04","INDIGO 1D8055-W33",0,0
"2026-09-04","KZ-1896",0,0
"2026-09-04","GLISS",17,0
"2026-09-04","AVILA",0,0
"2026-09-04","YOLANDA",0,0
"2026-09-04","ALAIA-II",0,0
"2026-09-04","NELLY",0,0
"2026-09-04","TATIANA",0,0
"2026-09-04","LIBIA",0,0
"2026-09-04","IVY",0,0
"2026-09-04","AMI",0,0
"2026-09-04","ELENA L1992-28",0,0
"2026-09-04","DAYANA",0,0
"2026-09-04","MULAN 8306-K19",0,0
"2026-09-04","CLAVEL",0,0
"2026-09-04","GLORIA",0,0
"2026-09-04","EDNA BF2413",0,0
"2026-09-04","VIVIANA",0,0
"2026-09-04","MERIDA 8302-K96",0,0
"2026-09-04","MALENA",0,0
"2026-09-04","MOCHIMA",0,0
"2026-09-04","CORAIMA",0,0
"2026-09-04","BELLA 8302-K51",0,0
"2026-09-04","KZ-1913",0,0
"2026-09-04","CLAUDIA",0,0
"2026-09-04","ELLA",0,0
"2026-09-04","NIRAJ 1D8033-W44",0,0
"2026-09-04","STELLA L1870-40",0,0
"2026-09-04","CAROL BF2402",0,0
"2026-09-04","FEDRA",0,0
"2026-09-04","JASMIN 8306-K7",0,0
"2026-09-04","KZ-1914",0,0
"2026-09-04","CAURA",0,0
"2026-09-04","MAITE",0,0
"2026-09-04","DUNA",0,0
"2026-09-04","LARA (LC311546)",0,0
"2026-09-04","JENNY",0,0
"2026-09-04","PATTY L1913-89",0,0
"2026-09-04","MIA-II",0,0
"2026-09-04","KASSIA",0,0
"2026-09-04","ALMA-II",0,0
"2026-09-04","LALY WH-W08",0,0
"2026-09-04","KZ-1897",0,0
"2026-09-04","ZURY WH-W013",0,0
"2026-09-04","LC-DH-33",0,0
"2026-09-04","YULI 23148-11",0,0
"2026-09-04","NUT",0,0
"2026-09-04","EFFIE  XZ51-1",0,0
"2026-09-04","JERZY",0,0
"2026-09-04","8E0075-7",0,0
"2026-09-04","KZ-1926",0,0
"2026-09-04","KZ-1902",13,0
"2026-09-04","LIS (C082-240426-5)",0,0
"2026-09-04","PARAISO-II",0,0
"2026-09-04","LC-DH-9",0,0
"2026-09-04","NIEVES 11134-K37",0,0
"2026-09-04","FLORA YQ7581-H86",0,0
"2026-09-04","MIA-III",0,0
"2026-09-04","CIRA RMC13",0,0
"2026-09-04","DIANA 19269-24",0,0
"2026-09-04","ANARE",0,0
"2026-09-04","YULIKA",0,0
"2026-09-04","KZ-1924",0,0
"2026-09-04","MIN",0,0
"2026-09-04","MAGA BF2401",0,0
"2026-09-04","NORKYS",0,0
"2026-09-04","ARIEL 8306-K15",0,0
"2026-09-04","DALIA YQ7516-F78",0,0
"2026-09-04","JJW-8",0,0
"2026-09-04","MORA BF2414",20,0
"2026-09-04","MARTA",0,0
"2026-09-04","C082-1",0,0
"2026-09-04","RUDDY",0,0
"2026-09-04","NEKO RM-12",0,0
"2026-09-04","FABIOLA",0,0
"2026-09-04","ELEIDY",0,0
"2026-09-04","ARIA P1080-5",0,0
"2026-09-04","CRISBEL",0,0
"2026-09-04","YURI WH-W02",0,0
"2026-09-04","LC-DH-39",0,0
"2026-09-04","MILENA",32,0
"2026-09-04","11134-K3",0,0
"2026-09-04","MADELYN",33,0
"2026-09-04","LIENZO",26,0
"2026-09-04","TERRA",20,0
"2026-09-04","VIDIA",27,0
"2026-09-04","LALA WH-W06",37,0
"2026-09-04","KLARA  23247-4",0,0
"2026-09-04","OLAS",0,0
"2026-09-04","KATIA  XIN-002",0,0
"2026-09-04","ELBA RM-15",0,0
"2026-09-04","MARA BF2404",0,0
"2026-09-04","MAYRA",0,0
"2026-09-04","ELDA BF2409",0,0
"2026-09-04","KZ-1901",0,0
"2026-09-04","DAYRA",0,0
"2026-09-04","PILAR",0,0
"2026-09-04","ZARINA",0,0
"2026-09-04","DAFNE  XIN-001",0,0
"2026-09-04","CHLOE  P1081-3",0,0
"2026-09-04","BEGONIA YQ7667-H08",0,0
"2026-09-04","NIURKA",0,0
"2026-09-04","C015-221019-7",0,0
"2026-09-04","PILIN",33,0
"2026-09-04","NOHELY",0,0
"2026-09-04","VEGA-II",0,0
"2026-09-04","IVETTE",0,0
"2026-09-04","KZ-1905",0,0
"2026-09-04","GEMA BN1925-K6",0,0
"2026-09-04","CARMEN-II",28,0
"2026-09-04","VERO RM-14",0,0
"2026-09-04","JJW-5",0,0
"2026-09-04","TINA",0,0
"2026-09-04","LUNA WH-W11",0,0
"2026-09-04","RAQUEL",0,0
"2026-09-04","KZ-1935",0,0
"2026-09-04","PEGGY BF2408",0,0
"2026-09-04","MILKA",0,0
"2026-09-04","KELLY",0,0
"2026-09-04","LOTUS 1138265-W54",0,0
"2026-09-04","CLARION",25,0
"2026-09-04","SOFIA",0,0
"2026-09-04","ALAIA (C082-20231027-23)",0,0
"2026-09-04","MELISSA 1D4265-W14",0,0
"2026-09-04","INES",0,0
"2026-09-04","JJW-3",0,0
"2026-09-04","AGUA",0,0
"2026-09-04","BAHIA",0,0
"2026-09-04","EMMA (C082-230803-10)",0,0
"2026-09-04","CELIA P1086-5",0,0
"2026-09-04","BRISA",25,0
"2026-09-04","SARI",0,0
"2026-09-04","KZ-1899",18,0
"2026-09-04","CORAL",0,0
"2026-09-04","PAULA",0,0
"2026-09-04","LESLIE L1920-21A",0,0
"2026-09-04","MOLLY 20124-43",0,0
"2026-09-04","KZ-1925",0,0
"2026-09-04","KEELY",0,0
"2026-09-04","TABEI",0,0
"2026-09-04","DANA",0,0
"2026-09-04","GIRASOL",8,0
"2026-09-04","KZ-1938",0,0
"2026-09-04","KZ-1893",0,0
"2026-09-04","SELENA L2801-3",0,0
"2026-09-04","CHOCO",0,0
"2026-09-04","IRENE",0,0
"2026-09-04","MARGARET",27,0
"2026-09-04","LILA (LC222036)",0,0
"2026-09-04","SABI 23147-6",0,0
"2026-09-04","BALMAT",0,0
"2026-09-04","ASTRID",0,0
"2026-09-04","LIS-II",0,0
"2026-09-04","KETTE L1985A-6",0,0
"2026-09-04","CAYENA",0,0
"2026-09-04","MIRIAM",0,0
"2026-09-04","P448-91",0,0
"2026-09-04","SUSANA",0,0
"2026-09-04","ELSA (C109-240206-1)",0,0
"2026-09-04","ODA",0,0
"2026-09-04","KZ-1921",0,0
"2026-09-04","KIARA",0,0
"2026-09-04","SHANNON",0,0
"2026-09-04","CAROLINA",0,0
"2026-09-04","DALILA-II",15,0
"2026-09-04","IVONNE",0,0
"2026-09-04","HEART  WAN-0010",0,0
"2026-09-04","LOLA (LC311595)",0,0
"2026-09-04","NARCISO  WAN-008",0,0
"2026-09-04","LELIS WH-W07",0,0
"2026-09-04","CALA  WAN-002",0,0
"2026-09-04","JOY",0,0
"2026-09-04","ALMA (C082-230803-32)",0,0
"2026-09-04","BRICE L1913-52",0,0
"2026-09-04","C015-220520-3",0,0
"2026-09-04","CARIDAD",0,0
"2026-09-04","MARTHA",0,0
"2026-09-04","8E0145-20",0,0
"2026-09-04","KZ-1936",0,0
"2026-09-04","PRIAH",29,0
"2026-09-04","HEIDY 21219-8",0,0
"2026-09-04","YUDA P1080-15",0,0
"2026-09-04","KZ-1916",0,0
"2026-09-04","SANDRA",0,0
"2026-09-04","DINIRA",0,0
"2026-09-04","AMAPOLA",0,0
"2026-09-04","GALENA P1094-4",0,0
"2026-09-04","ACACIA YQ7581-H68",0,0
"2026-09-04","AMANDA",0,0
"2026-09-04","PARAISO",0,0
"2026-09-04","NIKKI",0,0
"2026-09-04","MIA-2 (C109-240205-2)",0,0
"2026-09-04","YELA 23178-11",0,0
"2026-09-04","CARISSA",21,0
"2026-09-04","LIRIO  WAN-005",0,0
"2026-09-04","IVES",22,0
"2026-09-04","FRESIA",19,0
"2026-09-04","FRESNO(AT-014)",0,0
"2026-09-04","KERLY",0,0
"2026-09-04","REGINA",0,0
"2026-09-04","LAURA",1,0
"2026-09-04","EILEEN P1078-12",0,0
"2026-09-04","CARLA (C015-231009-6)",0,0
"2026-09-04","ETTA L1996-9",0,0
"2026-09-04","MONIC RM-11",0,0
"2026-09-04","KZ-1939",16,0
"2026-09-04","PARIS",0,0
"2026-09-04","YULE",11,0
"2026-09-04","KZ-1920",0,0
"2026-09-04","WANDA",0,0
"2026-09-05","LALY WH-W08",0,0
"2026-09-05","RISA",0,0
"2026-09-05","MILLIE",26,0
"2026-09-05","ESPIREA  WAN-004",0,0
"2026-09-05","P956-7",0,0
"2026-09-05","DETTE 23046-35",0,0
"2026-09-05","OLAS",0,0
"2026-09-05","MOORE",0,0
"2026-09-05","KZ-1931",0,0
"2026-09-05","LIENZO",26,0
"2026-09-05","NIRAJ 1D8033-W44",0,0
"2026-09-05","LC-DH-39",0,0
"2026-09-05","CAROL BF2402",0,0
"2026-09-05","STELLA L1870-40",0,0
"2026-09-05","MILENA",32,0
"2026-09-05","KZ-1937",14,0
"2026-09-05","EVAM 21142-7",0,0
"2026-09-05","CANAIMA",0,0
"2026-09-05","KZ-1935",0,0
"2026-09-05","SARI WH-W03",0,0
"2026-09-05","GAIA",0,0
"2026-09-05","DANA",0,0
"2026-09-05","DALIA YQ7516-F78",0,0
"2026-09-05","GIRASOL",8,0
"2026-09-05","ARIEL 8306-K15",0,0
"2026-09-05","ATENEA",8,0
"2026-09-05","MORELA",0,0
"2026-09-05","CADIE P1090-1",0,0
"2026-09-05","P990-2",0,0
"2026-09-05","MIA-III",0,0
"2026-09-05","EILEEN P1078-12",0,0
"2026-09-05","CIRA RMC13",0,0
"2026-09-05","MOLLY 20124-43",0,0
"2026-09-05","LESLIE L1920-21A",0,0
"2026-09-05","MARA BF2404",0,0
"2026-09-05","ISABEL",0,0
"2026-09-05","KZ-1927",0,0
"2026-09-05","VEGA (LC-DH-43)",0,0
"2026-09-05","SALLY",0,0
"2026-09-05","ROXANA",25,0
"2026-09-05","SARI",0,0
"2026-09-05","KZ-1899",18,0
"2026-09-05","BRISA",25,0
"2026-09-05","TULIPAN",18,0
"2026-09-05","GATEN",0,0
"2026-09-05","ELBA RM-15",0,0
"2026-09-05","MILLY 23120-1",0,0
"2026-09-05","MIEL",49,0
"2026-09-05","ELSA-II",0,0
"2026-09-05","CARIDAD",0,0
"2026-09-05","NURIS WH-W01",0,0
"2026-09-05","MARTHA",0,0
"2026-09-05","DANIELA",0,0
"2026-09-05","JJW-7",0,0
"2026-09-05","ELLA",0,0
"2026-09-05","MIA (C109-240206-32)",0,0
"2026-09-05","CALA  WAN-002",0,0
"2026-09-05","LELIS WH-W07",0,0
"2026-09-05","GARDENIA YQ7510-H34",0,0
"2026-09-05","ZARA",26,0
"2026-09-05","LOLA-II",0,0
"2026-09-05","VANESSA",0,0
"2026-09-05","BELLA 8302-K51",0,0
"2026-09-05","PAULA-II",0,0
"2026-09-05","8E0213-8",0,0
"2026-09-05","AVA  P1094-2",0,0
"2026-09-05","KELLY",0,0
"2026-09-05","MILKA",0,0
"2026-09-05","TOÑA RMC9",26,0
"2026-09-05","TINA",0,0
"2026-09-05","LUNA WH-W11",0,0
"2026-09-05","HEART  WAN-0010",0,0
"2026-09-05","JJW-5",0,0
"2026-09-05","ORQUIDEA",0,0
"2026-09-05","LYNN",0,0
"2026-09-05","CARMEN-II",28,0
"2026-09-05","BALMAT",0,0
"2026-09-05","MALIA",0,0
"2026-09-05","KZ-1938",0,0
"2026-09-05","TABEI",0,0
"2026-09-05","ALICIA  P1091-4",0,0
"2026-09-05","FLAVIA",0,0
"2026-09-05","CATA",0,0
"2026-09-05","LIRIO  WAN-005",0,0
"2026-09-05","JERZY",0,0
"2026-09-05","ACACIA YQ7581-H68",0,0
"2026-09-05","MAYA",23,0
"2026-09-05","DEMI ZS16-15",0,0
"2026-09-05","KZ-1932",0,0
"2026-09-05",,0,0
"2026-09-05","NARDO",0,0
"2026-09-05","KATIA  XIN-002",0,0
"2026-09-05","KZ-1898",0,0
"2026-09-05","NACARID",29,0
"2026-09-05","LOAD",0,0
"2026-09-05","YUKI",0,0
"2026-09-05","ROSA (LC222011)",0,0
"2026-09-05","BLANCA 11134-K31",0,0
"2026-09-05","ORQUIDEA-II",13,0
"2026-09-05","CHORONI",0,0
"2026-09-05","C015-220520-3",0,0
"2026-09-05","MADELYN",33,0
"2026-09-05","NIEBLA 4020-24",0,0
"2026-09-05","BRICE L1913-52",0,0
"2026-09-05","PRIAH",29,0
"2026-09-05","LC-ST-19",0,0
"2026-09-05","FABIOLA",0,0
"2026-09-05","ELEIDY",0,0
"2026-09-05","CLARION",25,0
"2026-09-05","JOY",0,0
"2026-09-05","IVETTE",0,0
"2026-09-05","VEGA-II",0,0
"2026-09-05","NOHELY",0,0
"2026-09-05","AMI",0,0
"2026-09-05","MARGARET",27,0
"2026-09-05","IRENE",0,0
"2026-09-05","CHOCO",0,0
"2026-09-05","MIRAC P1061-9",0,0
"2026-09-05","LIBIA",0,0
"2026-09-05","ELSA (C109-240206-1)",0,0
"2026-09-05","YULIKA",0,0
"2026-09-05","ANARE",0,0
"2026-09-05","MARITA",0,0
"2026-09-05","NELLY",0,0
"2026-09-05","TATIANA",0,0
"2026-09-05","YELA 23178-11",0,0
"2026-09-05","NIEVES 11134-K37",0,0
"2026-09-05","IVY",0,0
"2026-09-05","FLORA YQ7581-H86",0,0
"2026-09-05","8E0075-7",0,0
"2026-09-05","KZ-1926",0,0
"2026-09-05","EFFIE  XZ51-1",0,0
"2026-09-05","CORAL",0,0
"2026-09-05","EVA",0,0
"2026-09-05","DYER",19,0
"2026-09-05","KZ-1918",0,0
"2026-09-05","SOL",0,0
"2026-09-05","LC-DH-33",0,0
"2026-09-05","DINIRA",0,0
"2026-09-05","SANDRA",0,0
"2026-09-05","KZ-1916",0,0
"2026-09-05","KZ-1933",14,0
"2026-09-05","BECKY",33,0
"2026-09-05","KLARA  23247-4",0,0
"2026-09-05","NATALIA",0,0
"2026-09-05","EMMA (C082-230803-10)",0,0
"2026-09-05","KZ-1934",0,0
"2026-09-05","DIVA",0,0
"2026-09-05","NARCISO  WAN-008",0,0
"2026-09-05","RUDDY",0,0
"2026-09-05","NEKO RM-12",0,0
"2026-09-05","LOLA (LC311595)",0,0
"2026-09-05","MOCHIMA",0,0
"2026-09-05","CORAIMA",0,0
"2026-09-05","IVONNE",0,0
"2026-09-05","LEILANI YQ7542-H34B",0,0
"2026-09-05","DAYANA",0,0
"2026-09-05","SUSANA",0,0
"2026-09-05","MIRIAM",0,0
"2026-09-05","P448-91",0,0
"2026-09-05","Untitled Feb3_22:12",0,0
"2026-09-05","KZ-1905",0,0
"2026-09-05","GEMA BN1925-K6",0,0
"2026-09-05","KZ-1921",0,0
"2026-09-05","SALOME",28,0
"2026-09-05","AMAPOLA-II",7,0
"2026-09-05","KZ-1922",0,0
"2026-09-05","VENUS",39,0
"2026-09-05","SELENA L2801-3",0,0
"2026-09-05","MIA-2 (C109-240205-2)",0,0
"2026-09-05","NORKYS",0,0
"2026-09-05","JJW-8",0,0
"2026-09-05","HILDA",0,0
"2026-09-05","YULI 23148-11",0,0
"2026-09-05","DINA BF2411",0,0
"2026-09-05","MORAN",30,0
"2026-09-05","PAULA",0,0
"2026-09-05","MEDINA",0,0
"2026-09-05","ALMA (C082-230803-32)",0,0
"2026-09-05","KARINA",0,0
"2026-09-05","KZ-1917",0,0
"2026-09-05","DUNA",0,0
"2026-09-05","JENNY",0,0
"2026-09-05","KORA  XIN-005",0,0
"2026-09-05","ASTER 1D8055-W28",0,0
"2026-09-05","AZUCENA",0,0
"2026-09-05","JJW-6",0,0
"2026-09-05","SOFIA",0,0
"2026-09-05","CLAUDIA",0,0
"2026-09-05","KZ-1913",0,0
"2026-09-05","PEGGY BF2408",0,0
"2026-09-05","TANIA",0,0
"2026-09-05","LYRIA",0,0
"2026-09-05","GALA",29,0
"2026-09-05","KZ-1920",0,0
"2026-09-05","MARGARITA",0,0
"2026-09-05","MULAN 8306-K19",0,0
"2026-09-05","SCARLET",0,0
"2026-09-05","KATALEYA  XIN-003",0,0
"2026-09-05","GLORIA",0,0
"2026-09-05","CLAVEL",0,0
"2026-09-05","7979-K28",0,0
"2026-09-05","NOA",32,0
"2026-09-05","VERO RM-14",0,0
"2026-09-05","AURA BF2406",0,0
"2026-09-05","SOFIA-II",0,0
"2026-09-05","JANE BF2412",0,0
"2026-09-05","ELENA L1992-28",0,0
"2026-09-05","KIARA",0,0
"2026-09-05","PILIN",33,0
"2026-09-05","TERESA",0,0
"2026-09-05","LUCY",0,0
"2026-09-05","SADIE",26,0
"2026-09-05","MACUTO",0,0
"2026-09-05","KZ-1893",0,0
"2026-09-05","DARA RM-09",0,0
"2026-09-05","CARISSA",21,0
"2026-09-05","ZURY WH-W013",0,0
"2026-09-05","AMANDA",0,0
"2026-09-05","FILCH 23198-7",0,0
"2026-09-05","MARBE BF2403",0,0
"2026-09-05","ASHLEY L1895-36",0,0
"2026-09-05","PATTY L1913-89",0,0
"2026-09-05","ARENA",0,0
"2026-09-05","LEA BF2405",0,0
"2026-09-05","FATIMA",0,0
"2026-09-05","NURY",21,0
"2026-09-05","8E0072-26",0,0
"2026-09-05","KZ-1930",0,0
"2026-09-05","TILA WH-W04",0,0
"2026-09-05","BYl111-K2",0,0
"2026-09-05","YUDA P1080-15",0,0
"2026-09-05","JJW-1",0,0
"2026-09-05","P1061-7",0,0
"2026-09-05","KZ-1915",0,0
"2026-09-05","8E0145-20",0,0
"2026-09-05","MOHANA 8302-K40",0,0
"2026-09-05","KZ-1936",0,0
"2026-09-05","CRISBEL",0,0
"2026-09-05","YURI WH-W02",0,0
"2026-09-05","MONICA",0,0
"2026-09-05","KZ-1910",0,0
"2026-09-05","CLARA P1067-7",0,0
"2026-09-05","ZHENITH",27,0
"2026-09-05","TIFFANY",0,0
"2026-09-05","MERIDA 8302-K96",0,0
"2026-09-05","SHANNON",0,0
"2026-09-05","DALILA-II",15,0
"2026-09-05","CAROLINA",0,0
"2026-09-05","BEGONIA YQ7667-H08",0,0
"2026-09-05","DAFNE  XIN-001",0,0
"2026-09-05","CHLOE  P1081-3",0,0
"2026-09-05","BETHANY",0,0
"2026-09-05","LC-DH-9",0,0
"2026-09-05","FRESNO(AT-014)",0,0
"2026-09-05","NUT",0,0
"2026-09-05","LILY 22006-7",0,0
"2026-09-05","GLEDYS",0,0
"2026-09-05","GALENA P1094-4",0,0
"2026-09-05","LUPITA",0,0
"2026-09-05","JLP1025-5",0,0
"2026-09-05","ORCHILA",0,0
"2026-09-05","AMAPOLA",0,0
"2026-09-05","CELIA P1086-5",0,0
"2026-09-05","HADA BF2407",0,0
"2026-09-05","MAR",0,0
"2026-09-05","KZ-1929",0,0
"2026-09-05","BAHIA",0,0
"2026-09-05","AGUA",0,0
"2026-09-05","JJW-3",0,0
"2026-09-05","AURORA 8302-K3",0,0
"2026-09-05","MAITE",0,0
"2026-09-05","CAURA",0,0
"2026-09-05","KZ-1914",0,0
"2026-09-05","LARA (LC311546)",0,0
"2026-09-05","KRISS",0,0
"2026-09-05","TYLER",0,0
"2026-09-05","ISLA",30,0
"2026-09-05","JASMIN 8306-K7",0,0
"2026-09-05","ZULAY",27,0
"2026-09-05","HEIDY 21219-8",0,0
"2026-09-05","MIA-V",17,0
"2026-09-05","GIA",33,0
"2026-09-05","MABEL",0,0
"2026-09-05","ODA",0,0
"2026-09-05","MIRTHA",0,0
"2026-09-05","KZ-1904",0,0
"2026-09-05","MALENA",0,0
"2026-09-05","EDNA BF2413",0,0
"2026-09-05","VIVIANA",0,0
"2026-09-05","LILA (LC222036)",0,0
"2026-09-05","CAYENA",0,0
"2026-09-05","SABI 23147-6",0,0
"2026-09-05","DALILA",0,0
"2026-09-05","POLINA",29,0
"2026-09-05","KZ-1924",0,0
"2026-09-05","HERA",50,0
"2026-09-05","KZ-1900",0,0
"2026-09-05","MIA-IV",22,0
"2026-09-05","MAREA",0,0
"2026-09-05","DIANA 19269-24",0,0
"2026-09-05","REGINA",0,0
"2026-09-05","MIN",0,0
"2026-09-05","LAURA",1,0
"2026-09-05","KERLY",0,0
"2026-09-05","KZ-1901",0,0
"2026-09-05","DAYRA",0,0
"2026-09-05","LISETH L1982-70",0,0
"2026-09-05","KEELY",0,0
"2026-09-05","KZ-1925",0,0
"2026-09-05","BRENDA",0,0
"2026-09-05","KZ-1919",0,0
"2026-09-05","SONYA",0,0
"2026-09-05","AVILA",0,0
"2026-09-05","LIS (C082-240426-5)",0,0
"2026-09-05","KZ-1896",0,0
"2026-09-05","GLISS",17,0
"2026-09-05","YOLANDA",0,0
"2026-09-05","ALAIA-II",0,0
"2026-09-05","PARAISO-II",0,0
"2026-09-05","INDIGO 1D8055-W33",0,0
"2026-09-05","MAYRA",0,0
"2026-09-05","ELDA BF2409",0,0
"2026-09-05","ELIS",0,0
"2026-09-05","ALAIA (C082-20231027-23)",0,0
"2026-09-05","MIYI RMC12",0,0
"2026-09-05","KASSIA",0,0
"2026-09-05","MIA-II",0,0
"2026-09-05","ALMA-II",0,0
"2026-09-05","KZ-1928",0,0
"2026-09-05","INES",0,0
"2026-09-05","VIDIA",27,0
"2026-09-05","LALA WH-W06",37,0
"2026-09-05","TERRA",19,0
"2026-09-05","CG 190228-2",0,0
"2026-09-05","MIMI",0,0
"2026-09-05","11134-K3",0,0
"2026-09-05","MELISSA 1D4265-W14",0,0
"2026-09-05","FEDRA",0,0
"2026-09-05","SHERYL",0,0
"2026-09-05","ARIA P1080-5",0,0
"2026-09-05","LOTUS 1138265-W54",0,0
"2026-09-05","AURIS RM-13",0,0
"2026-09-05","RAQUEL",0,0
"2026-09-05","CHOC 22007-14",0,0
"2026-09-05","WANDA",0,0
"2026-09-05","MORA BF2414",20,0
"2026-09-05","MARTA",0,0
"2026-09-05","C082-1",0,0
"2026-09-05","YULE",11,0
"2026-09-05","PARIS",0,0
"2026-09-05","NIURKA",0,0
"2026-09-05","KETTE L1985A-6",0,0
"2026-09-05","KZ-1939",16,0
"2026-09-05","MONIC RM-11",0,0
"2026-09-05","C015-221019-7",0,0
"2026-09-05","ASTRID",0,0
"2026-09-05","LIS-II",0,0
"2026-09-05","KAMI BF2410",0,0
"2026-09-05","KZ-1923",0,0
"2026-09-05","ETTA L1996-9",0,0
"2026-09-05","MAGA BF2401",0,0
"2026-09-05","PILAR",0,0
"2026-09-05","ZARINA",0,0
"2026-09-05","FRESIA",17,0
"2026-09-05","IVES",23,0
"2026-09-05","PARAISO",0,0
"2026-09-05","NIKKI",0,0
"2026-09-05","KZ-1902",13,0
"2026-09-05","CARLA (C015-231009-6)",0,0
"2026-09-05","KZ-1897",0,0
"2026-09-06","7979-K28",0,0
"2026-09-06","KZ-1920",0,0
"2026-09-06","KZ-1904",0,0
"2026-09-06","MIRTHA",0,0
"2026-09-06","BEGONIA YQ7667-H08",0,0
"2026-09-06","DAFNE  XIN-001",0,0
"2026-09-06","MORELA",0,0
"2026-09-06","ATENEA",8,0
"2026-09-06","CHLOE  P1081-3",0,0
"2026-09-06","JJW-8",0,0
"2026-09-06","NORKYS",0,0
"2026-09-06","LILA (LC222036)",0,0
"2026-09-06","SABI 23147-6",0,0
"2026-09-06","MALIA",0,0
"2026-09-06","CAYENA",0,0
"2026-09-06","CADIE P1090-1",0,0
"2026-09-06","DAYRA",0,0
"2026-09-06","KZ-1901",0,0
"2026-09-06","LAURA",1,0
"2026-09-06","REGINA",0,0
"2026-09-06","SOL",0,0
"2026-09-06","EVA",0,0
"2026-09-06","YOLANDA",0,0
"2026-09-06","KZ-1896",0,0
"2026-09-06","GLISS",17,0
"2026-09-06","ZURY WH-W013",0,0
"2026-09-06","AVILA",0,0
"2026-09-06","ALAIA-II",0,0
"2026-09-06","JLP1025-5",0,0
"2026-09-06","MAR",0,0
"2026-09-06","YUKI",0,0
"2026-09-06","CLARION",25,0
"2026-09-06","C015-220520-3",0,0
"2026-09-06","NIRAJ 1D8033-W44",0,0
"2026-09-06","LC-ST-19",0,0
"2026-09-06","FEDRA",0,0
"2026-09-06","MIA-2 (C109-240205-2)",0,0
"2026-09-06","CHOC 22007-14",0,0
"2026-09-06","ZHENITH",29,0
"2026-09-06","KIARA",0,0
"2026-09-06","PARIS",0,0
"2026-09-06","YULE",11,0
"2026-09-06","ELENA L1992-28",0,0
"2026-09-06","TIFFANY",0,0
"2026-09-06","AMI",0,0
"2026-09-06","KETTE L1985A-6",0,0
"2026-09-06","CARISSA",21,0
"2026-09-06","FLAVIA",0,0
"2026-09-06","CATA",0,0
"2026-09-06","BETHANY",0,0
"2026-09-06","POLINA",28,0
"2026-09-06","LIRIO  WAN-005",0,0
"2026-09-06","ANARE",0,0
"2026-09-06","YULIKA",0,0
"2026-09-06","SALLY",0,0
"2026-09-06","ROXANA",25,0
"2026-09-06","ISABEL",0,0
"2026-09-06","LILY 22006-7",0,0
"2026-09-06","KZ-1927",0,0
"2026-09-06","ALAIA (C082-20231027-23)",0,0
"2026-09-06","KZ-1918",0,0
"2026-09-06","DYER",18,0
"2026-09-06","JERZY",0,0
"2026-09-06","NIKKI",0,0
"2026-09-06","PARAISO",0,0
"2026-09-06","EFFIE  XZ51-1",0,0
"2026-09-06","HILDA",0,0
"2026-09-06","KZ-1933",14,0
"2026-09-06","MEDINA",0,0
"2026-09-06","MIMI",0,0
"2026-09-06","KLARA  23247-4",0,0
"2026-09-06","CG 190228-2",0,0
"2026-09-06","OLAS",0,0
"2026-09-06","YUDA P1080-15",0,0
"2026-09-06","CLAUDIA",0,0
"2026-09-06","KZ-1913",0,0
"2026-09-06","KZ-1937",14,0
"2026-09-06","BRICE L1913-52",0,0
"2026-09-06","MARTHA",0,0
"2026-09-06","CARIDAD",0,0
"2026-09-06","8E0213-8",0,0
"2026-09-06","ZARA",26,0
"2026-09-06","LOLA (LC311595)",0,0
"2026-09-06","PEGGY BF2408",0,0
"2026-09-06","JANE BF2412",0,0
"2026-09-06","MULAN 8306-K19",0,0
"2026-09-06","SOFIA-II",0,0
"2026-09-06","CLAVEL",0,0
"2026-09-06","GLORIA",0,0
"2026-09-06","DANA",0,0
"2026-09-06","GIRASOL",8,0
"2026-09-06","KZ-1939",16,0
"2026-09-06","IVES",22,0
"2026-09-06","LISETH L1982-70",0,0
"2026-09-06","P990-2",0,0
"2026-09-06","MAGA BF2401",0,0
"2026-09-06","FRESNO(AT-014)",0,0
"2026-09-06","KZ-1926",0,0
"2026-09-06","8E0075-7",0,0
"2026-09-06","ORCHILA",0,0
"2026-09-06","ELSA (C109-240206-1)",0,0
"2026-09-06","BLANCA 11134-K31",0,0
"2026-09-06","ROSA (LC222011)",0,0
"2026-09-06","KORA  XIN-005",0,0
"2026-09-06","CAURA",0,0
"2026-09-06","MAITE",0,0
"2026-09-06","KZ-1914",0,0
"2026-09-06","SHERYL",0,0
"2026-09-06","NURIS WH-W01",0,0
"2026-09-06","ELLA",0,0
"2026-09-06","MOHANA 8302-K40",0,0
"2026-09-06","MONICA",0,0
"2026-09-06","KZ-1936",0,0
"2026-09-06","8E0145-20",0,0
"2026-09-06","MADELYN",33,0
"2026-09-06","KZ-1910",0,0
"2026-09-06","PAULA-II",0,0
"2026-09-06","ORQUIDEA",0,0
"2026-09-06","LYNN",0,0
"2026-09-06","KZ-1923",0,0
"2026-09-06","KAMI BF2410",0,0
"2026-09-06","PILIN",33,0
"2026-09-06","KZ-1925",0,0
"2026-09-06","KEELY",0,0
"2026-09-06","NUT",0,0
"2026-09-06","KZ-1924",0,0
"2026-09-06","DIANA 19269-24",0,0
"2026-09-06","KZ-1897",0,0
"2026-09-06","LIS (C082-240426-5)",0,0
"2026-09-06","AMANDA",0,0
"2026-09-06","IVY",0,0
"2026-09-06","ELDA BF2409",0,0
"2026-09-06","GLEDYS",0,0
"2026-09-06","ALMA (C082-230803-32)",0,0
"2026-09-06","GALENA P1094-4",0,0
"2026-09-06","MAYRA",0,0
"2026-09-06","MIN",0,0
"2026-09-06","VEGA (LC-DH-43)",0,0
"2026-09-06","KZ-1919",0,0
"2026-09-06","SONYA",0,0
"2026-09-06","BRENDA",0,0
"2026-09-06","YULI 23148-11",0,0
"2026-09-06","NACARID",29,0
"2026-09-06","LOAD",0,0
"2026-09-06","KZ-1929",0,0
"2026-09-06","AMAPOLA",0,0
"2026-09-06","HADA BF2407",0,0
"2026-09-06","PATTY L1913-89",0,0
"2026-09-06","TERRA",20,0
"2026-09-06","VIDIA",27,0
"2026-09-06","LALA WH-W06",37,0
"2026-09-06","HEIDY 21219-8",0,0
"2026-09-06","P956-7",0,0
"2026-09-06","ARIA P1080-5",0,0
"2026-09-06","JJW-5",0,0
"2026-09-06","BELLA 8302-K51",0,0
"2026-09-06","MILKA",0,0
"2026-09-06","AVA  P1094-2",0,0
"2026-09-06","KELLY",0,0
"2026-09-06","VANESSA",0,0
"2026-09-06","LOLA-II",0,0
"2026-09-06","CARMEN-II",28,0
"2026-09-06","VERO RM-14",0,0
"2026-09-06","DALILA",0,0
"2026-09-06","NIURKA",0,0
"2026-09-06","ARIEL 8306-K15",0,0
"2026-09-06","DALIA YQ7516-F78",0,0
"2026-09-06","LUCY",0,0
"2026-09-06","TERESA",0,0
"2026-09-06","LC-DH-9",0,0
"2026-09-06","HERA",50,0
"2026-09-06","NIEVES 11134-K37",0,0
"2026-09-06","FLORA YQ7581-H86",0,0
"2026-09-06","MIA-IV",22,0
"2026-09-06","KZ-1900",0,0
"2026-09-06","EILEEN P1078-12",0,0
"2026-09-06","TABEI",0,0
"2026-09-06","ACACIA YQ7581-H68",0,0
"2026-09-06","MIA-II",0,0
"2026-09-06","ALMA-II",0,0
"2026-09-06","KASSIA",0,0
"2026-09-06","CARLA (C015-231009-6)",0,0
"2026-09-06","GATEN",0,0
"2026-09-06","TULIPAN",18,0
"2026-09-06","DEMI ZS16-15",0,0
"2026-09-06","ASHLEY L1895-36",0,0
"2026-09-06","MARBE BF2403",0,0
"2026-09-06","NARDO",0,0
"2026-09-06","KZ-1898",0,0
"2026-09-06","FILCH 23198-7",0,0
"2026-09-06","KARINA",0,0
"2026-09-06","KZ-1917",0,0
"2026-09-06","ELIS",0,0
"2026-09-06","MIYI RMC12",0,0
"2026-09-06","KZ-1932",0,0
"2026-09-06","MAYA",23,0
"2026-09-06","KZ-1916",0,0
"2026-09-06","DINIRA",0,0
"2026-09-06","SANDRA",0,0
"2026-09-06","LALY WH-W08",0,0
"2026-09-06","KZ-1899",18,0
"2026-09-06","BRISA",25,0
"2026-09-06","SARI",0,0
"2026-09-06","JASMIN 8306-K7",0,0
"2026-09-06","ZULAY",27,0
"2026-09-06","MIA-V",18,0
"2026-09-06","KRISS",0,0
"2026-09-06","TYLER",0,0
"2026-09-06","ISLA",30,0
"2026-09-06","8E0072-26",0,0
"2026-09-06","KZ-1930",0,0
"2026-09-06","TILA WH-W04",0,0
"2026-09-06","FATIMA",0,0
"2026-09-06","NURY",21,0
"2026-09-06","ELSA-II",0,0
"2026-09-06","DALILA-II",15,0
"2026-09-06","CAROLINA",0,0
"2026-09-06","MIA (C109-240206-32)",0,0
"2026-09-06","KATALEYA  XIN-003",0,0
"2026-09-06","MIRIAM",0,0
"2026-09-06","SUSANA",0,0
"2026-09-06","P448-91",0,0
"2026-09-06","SCARLET",0,0
"2026-09-06","GEMA BN1925-K6",0,0
"2026-09-06","MORA BF2414",20,0
"2026-09-06","MARTA",0,0
"2026-09-06","C082-1",0,0
"2026-09-06","KZ-1893",0,0
"2026-09-06","ASTRID",0,0
"2026-09-06","LIS-II",0,0
"2026-09-06","MONIC RM-11",0,0
"2026-09-06","MIRAC P1061-9",0,0
"2026-09-06","NELLY",0,0
"2026-09-06","TATIANA",0,0
"2026-09-06","ZARINA",0,0
"2026-09-06","PILAR",0,0
"2026-09-06","YELA 23178-11",0,0
"2026-09-06","MARITA",0,0
"2026-09-06","CORAL",0,0
"2026-09-06","MORAN",30,0
"2026-09-06","DINA BF2411",0,0
"2026-09-06","MARA BF2404",0,0
"2026-09-06","ELBA RM-15",0,0
"2026-09-06","CELIA P1086-5",0,0
"2026-09-06","RISA",0,0
"2026-09-06","MILLIE",26,0
"2026-09-06","KATIA  XIN-002",0,0
"2026-09-06","ESPIREA  WAN-004",0,0
"2026-09-06","KZ-1915",0,0
"2026-09-06","JJW-7",0,0
"2026-09-06","DANIELA",0,0
"2026-09-06","JJW-6",0,0
"2026-09-06","AZUCENA",0,0
"2026-09-06","LUNA WH-W11",0,0
"2026-09-06","TINA",0,0
"2026-09-06","RAQUEL",0,0
"2026-09-06","TANIA",0,0
"2026-09-06","LYRIA",0,0
"2026-09-06","GALA",29,0
"2026-09-06","CORAIMA",0,0
"2026-09-06","GARDENIA YQ7510-H34",0,0
"2026-09-06","MOCHIMA",0,0
"2026-09-06","VEGA-II",0,0
"2026-09-06","IVETTE",0,0
"2026-09-06","LEILANI YQ7542-H34B",0,0
"2026-09-06","NOHELY",0,0
"2026-09-06","MERIDA 8302-K96",0,0
"2026-09-06","KZ-1905",0,0
"2026-09-06","KZ-1921",0,0
"2026-09-06","MALENA",0,0
"2026-09-06","VIVIANA",0,0
"2026-09-06","EDNA BF2413",0,0
"2026-09-06","DAYANA",0,0
"2026-09-06","Untitled Feb3_22:12",0,0
"2026-09-06","DARA RM-09",0,0
"2026-09-06","EMMA (C082-230803-10)",0,0
"2026-09-06","CHOCO",0,0
"2026-09-06","IRENE",0,0
"2026-09-06","MARGARET",27,0
"2026-09-06","C015-221019-7",0,0
"2026-09-06","KZ-1938",0,0
"2026-09-06","NOA",31,0
"2026-09-06","ODA",0,0
"2026-09-06","MACUTO",0,0
"2026-09-06","SADIE",26,0
"2026-09-06","SELENA L2801-3",0,0
"2026-09-06","KERLY",0,0
"2026-09-06","MAREA",0,0
"2026-09-06","LC-DH-33",0,0
"2026-09-06","INDIGO 1D8055-W33",0,0
"2026-09-06","PAULA",0,0
"2026-09-06","PARAISO-II",0,0
"2026-09-06","JJW-3",0,0
"2026-09-06","BAHIA",0,0
"2026-09-06","AGUA",0,0
"2026-09-06","LUPITA",0,0
"2026-09-06","KZ-1931",0,0
"2026-09-06","DETTE 23046-35",0,0
"2026-09-06","MOORE",0,0
"2026-09-06","DUNA",0,0
"2026-09-06","JENNY",0,0
"2026-09-06","ASTER 1D8055-W28",0,0
"2026-09-06","CAROL BF2402",0,0
"2026-09-06","STELLA L1870-40",0,0
"2026-09-06","MELISSA 1D4265-W14",0,0
"2026-09-06","SOFIA",0,0
"2026-09-06","NIEBLA 4020-24",0,0
"2026-09-06","PRIAH",29,0
"2026-09-06","LC-DH-39",0,0
"2026-09-06","MILENA",32,0
"2026-09-06","LIENZO",26,0
"2026-09-06","GIA",33,0
"2026-09-06","KZ-1935",0,0
"2026-09-06","NARCISO  WAN-008",0,0
"2026-09-06","MABEL",0,0
"2026-09-06","IVONNE",0,0
"2026-09-06","LELIS WH-W07",0,0
"2026-09-06","CALA  WAN-002",0,0
"2026-09-06","RUDDY",0,0
"2026-09-06","NEKO RM-12",0,0
"2026-09-06","SHANNON",0,0
"2026-09-06","AURA BF2406",0,0
"2026-09-06","MARGARITA",0,0
"2026-09-06","WANDA",0,0
"2026-09-06","GAIA",0,0
"2026-09-06","SARI WH-W03",0,0
"2026-09-06","KZ-1922",0,0
"2026-09-06","SALOME",28,0
"2026-09-06","VENUS",39,0
"2026-09-06","AMAPOLA-II",8,0
"2026-09-06","ETTA L1996-9",0,0
"2026-09-06","BALMAT",0,0
"2026-09-06","FRESIA",17,0
"2026-09-06","CIRA RMC13",0,0
"2026-09-06","MIA-III",0,0
"2026-09-06","ALICIA  P1091-4",0,0
"2026-09-06","LIBIA",0,0
"2026-09-06","KZ-1902",13,0
"2026-09-06","LESLIE L1920-21A",0,0
"2026-09-06","MOLLY 20124-43",0,0
"2026-09-06","KZ-1928",0,0
"2026-09-06","LEA BF2405",0,0
"2026-09-06","ARENA",0,0
"2026-09-06","MILLY 23120-1",0,0
"2026-09-06","MIEL",49,0
"2026-09-06","AURORA 8302-K3",0,0
"2026-09-06",,0,0
"2026-09-06","INES",0,0
"2026-09-06","BYl111-K2",0,0
"2026-09-06","JJW-1",0,0
"2026-09-06","LARA (LC311546)",0,0
"2026-09-06","P1061-7",0,0
"2026-09-06","NATALIA",0,0
"2026-09-06","BECKY",33,0
"2026-09-06","FABIOLA",0,0
"2026-09-06","ELEIDY",0,0
"2026-09-06","CRISBEL",0,0
"2026-09-06","YURI WH-W02",0,0
"2026-09-06","11134-K3",0,0
"2026-09-06","CHORONI",0,0
"2026-09-06","ORQUIDEA-II",14,0
"2026-09-06","CLARA P1067-7",0,0
"2026-09-06","TOÑA RMC9",26,0
"2026-09-06","AURIS RM-13",0,0
"2026-09-06","EVAM 21142-7",0,0
"2026-09-06","DIVA",0,0
"2026-09-06","KZ-1934",0,0
"2026-09-06","HEART  WAN-0010",0,0
"2026-09-06","JOY",0,0
"2026-09-06","LOTUS 1138265-W54",0,0
"2026-09-06","CANAIMA",0,0
"2026-09-07","ZURY WH-W013",0,0
"2026-09-07","KZ-1897",0,0
"2026-09-07","CORAL",0,0
"2026-09-07","P990-2",0,0
"2026-09-07","LIBIA",0,0
"2026-09-07","MARITA",0,0
"2026-09-07","KEELY",0,0
"2026-09-07","KZ-1925",0,0
"2026-09-07","LIS-II",0,0
"2026-09-07","ASTRID",0,0
"2026-09-07","NIURKA",0,0
"2026-09-07","KAMI BF2410",0,0
"2026-09-07","KZ-1923",0,0
"2026-09-07","KZ-1921",0,0
"2026-09-07","CALA  WAN-002",0,0
"2026-09-07","JJW-5",0,0
"2026-09-07","LELIS WH-W07",0,0
"2026-09-07","CARIDAD",0,0
"2026-09-07","MARTHA",0,0
"2026-09-07","LC-ST-19",0,0
"2026-09-07","KORA  XIN-005",0,0
"2026-09-07","LARA (LC311546)",0,0
"2026-09-07","ELBA RM-15",0,0
"2026-09-07","KZ-1933",14,0
"2026-09-07","LESLIE L1920-21A",0,0
"2026-09-07","MOLLY 20124-43",0,0
"2026-09-07","PARAISO-II",0,0
"2026-09-07","PARAISO",0,0
"2026-09-07","NIKKI",0,0
"2026-09-07","INDIGO 1D8055-W33",0,0
"2026-09-07","MARA BF2404",0,0
"2026-09-07","BETHANY",0,0
"2026-09-07","CARISSA",19,0
"2026-09-07","NOA",32,0
"2026-09-07","GAIA",0,0
"2026-09-07","SARI WH-W03",0,0
"2026-09-07","DAFNE  XIN-001",0,0
"2026-09-07","BEGONIA YQ7667-H08",0,0
"2026-09-07","CHLOE  P1081-3",0,0
"2026-09-07","LILA (LC222036)",0,0
"2026-09-07",,0,0
"2026-09-07","DANA",0,0
"2026-09-07","GIRASOL",8,0
"2026-09-07","SABI 23147-6",0,0
"2026-09-07","LYNN",0,0
"2026-09-07","ORQUIDEA",0,0
"2026-09-07","VERO RM-14",0,0
"2026-09-07","7979-K28",0,0
"2026-09-07","CLAVEL",0,0
"2026-09-07","GLORIA",0,0
"2026-09-07","WANDA",0,0
"2026-09-07","ELENA L1992-28",0,0
"2026-09-07","AMI",0,0
"2026-09-07","AURA BF2406",0,0
"2026-09-07","KATALEYA  XIN-003",0,0
"2026-09-07","YULE",10,0
"2026-09-07","PARIS",0,0
"2026-09-07","IVETTE",0,0
"2026-09-07","VEGA-II",0,0
"2026-09-07","NOHELY",0,0
"2026-09-07","MOCHIMA",0,0
"2026-09-07","CORAIMA",0,0
"2026-09-07","PRIAH",29,0
"2026-09-07","MONICA",0,0
"2026-09-07","YUDA P1080-15",0,0
"2026-09-07","JENNY",0,0
"2026-09-07","DUNA",0,0
"2026-09-07","BECKY",33,0
"2026-09-07","MAR",0,0
"2026-09-07","NATALIA",0,0
"2026-09-07","AURORA 8302-K3",0,0
"2026-09-07","ELIS",0,0
"2026-09-07","MIYI RMC12",0,0
"2026-09-07","MILLIE",26,0
"2026-09-07","RISA",0,0
"2026-09-07","ALMA-II",0,0
"2026-09-07","MIA-II",0,0
"2026-09-07","KASSIA",0,0
"2026-09-07","EMMA (C082-230803-10)",0,0
"2026-09-07","8E0075-7",0,0
"2026-09-07","KZ-1926",0,0
"2026-09-07","YULI 23148-11",0,0
"2026-09-07","KZ-1918",0,0
"2026-09-07","DYER",19,0
"2026-09-07","LILY 22006-7",0,0
"2026-09-07","POLINA",28,0
"2026-09-07","LISETH L1982-70",0,0
"2026-09-07","IVES",23,0
"2026-09-07","KZ-1939",16,0
"2026-09-07","ALAIA (C082-20231027-23)",0,0
"2026-09-07","BALMAT",0,0
"2026-09-07","NORKYS",0,0
"2026-09-07","JJW-8",0,0
"2026-09-07","ATENEA",8,0
"2026-09-07","MORELA",0,0
"2026-09-07","KETTE L1985A-6",0,0
"2026-09-07","DARA RM-09",0,0
"2026-09-07","SADIE",23,0
"2026-09-07","MACUTO",0,0
"2026-09-07","C015-221019-7",0,0
"2026-09-07","SOFIA-II",0,0
"2026-09-07","JANE BF2412",0,0
"2026-09-07","TINA",0,0
"2026-09-07","LUNA WH-W11",0,0
"2026-09-07","JJW-7",0,0
"2026-09-07","NIRAJ 1D8033-W44",0,0
"2026-09-07","DANIELA",0,0
"2026-09-07","SOFIA",0,0
"2026-09-07","ISLA",30,0
"2026-09-07","KRISS",0,0
"2026-09-07","TYLER",0,0
"2026-09-07","OLAS",0,0
"2026-09-07","TERRA",20,0
"2026-09-07","LALA WH-W06",37,0
"2026-09-07","VIDIA",27,0
"2026-09-07","JASMIN 8306-K7",0,0
"2026-09-07","MAYA",23,0
"2026-09-07","KZ-1932",0,0
"2026-09-07","ASHLEY L1895-36",0,0
"2026-09-07","FILCH 23198-7",0,0
"2026-09-07","MARBE BF2403",0,0
"2026-09-07","NACARID",29,0
"2026-09-07","LOAD",0,0
"2026-09-07","MIA-2 (C109-240205-2)",0,0
"2026-09-07","KZ-1902",13,0
"2026-09-07","ISABEL",0,0
"2026-09-07","ROXANA",25,0
"2026-09-07","SALLY",0,0
"2026-09-07","KZ-1927",0,0
"2026-09-07","LC-DH-9",0,0
"2026-09-07","DALIA YQ7516-F78",0,0
"2026-09-07","CAYENA",0,0
"2026-09-07","ARIEL 8306-K15",0,0
"2026-09-07","KZ-1893",0,0
"2026-09-07","KZ-1938",0,0
"2026-09-07","KZ-1920",0,0
"2026-09-07","MORA BF2414",20,0
"2026-09-07","MARTA",0,0
"2026-09-07","C082-1",0,0
"2026-09-07","DALILA-II",15,0
"2026-09-07","CAROLINA",0,0
"2026-09-07","CARMEN-II",28,0
"2026-09-07","SHANNON",0,0
"2026-09-07","LEILANI YQ7542-H34B",0,0
"2026-09-07","MIRIAM",0,0
"2026-09-07","MULAN 8306-K19",0,0
"2026-09-07","P448-91",0,0
"2026-09-07","SUSANA",0,0
"2026-09-07","PAULA-II",0,0
"2026-09-07","KELLY",0,0
"2026-09-07","EVAM 21142-7",0,0
"2026-09-07","MILKA",0,0
"2026-09-07","RAQUEL",0,0
"2026-09-07","KZ-1935",0,0
"2026-09-07","8E0145-20",0,0
"2026-09-07","KZ-1936",0,0
"2026-09-07","MELISSA 1D4265-W14",0,0
"2026-09-07","SHERYL",0,0
"2026-09-07","ZULAY",27,0
"2026-09-07","MIA-V",18,0
"2026-09-07","JLP1025-5",0,0
"2026-09-07","KZ-1929",0,0
"2026-09-07","DEMI ZS16-15",0,0
"2026-09-07","KZ-1898",0,0
"2026-09-07","NARDO",0,0
"2026-09-07","JJW-3",0,0
"2026-09-07","AGUA",0,0
"2026-09-07","CELIA P1086-5",0,0
"2026-09-07","BAHIA",0,0
"2026-09-07","GLEDYS",0,0
"2026-09-07","DIANA 19269-24",0,0
"2026-09-07","TABEI",0,0
"2026-09-07","YULIKA",0,0
"2026-09-07","ANARE",0,0
"2026-09-07","CADIE P1090-1",0,0
"2026-09-07","MAREA",0,0
"2026-09-07","MIA-III",0,0
"2026-09-07","CIRA RMC13",0,0
"2026-09-07","MIRAC P1061-9",0,0
"2026-09-07","PILIN",33,0
"2026-09-07","CHOCO",0,0
"2026-09-07","ALMA (C082-230803-32)",0,0
"2026-09-07","MARGARET",27,0
"2026-09-07","IRENE",0,0
"2026-09-07","DALILA",0,0
"2026-09-07","GEMA BN1925-K6",0,0
"2026-09-07","MARGARITA",0,0
"2026-09-07","LOLA (LC311595)",0,0
"2026-09-07","DIVA",0,0
"2026-09-07","KZ-1934",0,0
"2026-09-07","CANAIMA",0,0
"2026-09-07","VANESSA",0,0
"2026-09-07","LOLA-II",0,0
"2026-09-07","ZARA",26,0
"2026-09-07","HEART  WAN-0010",0,0
"2026-09-07","GARDENIA YQ7510-H34",0,0
"2026-09-07","AURIS RM-13",0,0
"2026-09-07","AVA  P1094-2",0,0
"2026-09-07","NARCISO  WAN-008",0,0
"2026-09-07","LYRIA",0,0
"2026-09-07","GALA",30,0
"2026-09-07","TANIA",0,0
"2026-09-07","MABEL",0,0
"2026-09-07","JJW-6",0,0
"2026-09-07","AZUCENA",0,0
"2026-09-07","FEDRA",0,0
"2026-09-07","ELLA",0,0
"2026-09-07","C015-220520-3",0,0
"2026-09-07","NIEBLA 4020-24",0,0
"2026-09-07","GIA",33,0
"2026-09-07","CLARION",25,0
"2026-09-07","NURIS WH-W01",0,0
"2026-09-07","ELEIDY",0,0
"2026-09-07","FABIOLA",0,0
"2026-09-07","MOHANA 8302-K40",0,0
"2026-09-07","P956-7",0,0
"2026-09-07","MIEL",49,0
"2026-09-07","ARENA",0,0
"2026-09-07","LEA BF2405",0,0
"2026-09-07","EFFIE  XZ51-1",0,0
"2026-09-07","ELDA BF2409",0,0
"2026-09-07","BRENDA",0,0
"2026-09-07","KZ-1919",0,0
"2026-09-07","SONYA",0,0
"2026-09-07","LC-DH-33",0,0
"2026-09-07","MIN",0,0
"2026-09-07","AMANDA",0,0
"2026-09-07","MAGA BF2401",0,0
"2026-09-07","YELA 23178-11",0,0
"2026-09-07","KZ-1924",0,0
"2026-09-07","MIA (C109-240206-32)",0,0
"2026-09-07","ZARINA",0,0
"2026-09-07","PILAR",0,0
"2026-09-07","LAURA",1,0
"2026-09-07","ALICIA  P1091-4",0,0
"2026-09-07","REGINA",0,0
"2026-09-07","FRESIA",17,0
"2026-09-07","DAYRA",0,0
"2026-09-07","KZ-1901",0,0
"2026-09-07","AMAPOLA-II",7,0
"2026-09-07","SALOME",27,0
"2026-09-07","KZ-1922",0,0
"2026-09-07","VENUS",39,0
"2026-09-07","MALIA",0,0
"2026-09-07","KZ-1904",0,0
"2026-09-07","MIRTHA",0,0
"2026-09-07","DAYANA",0,0
"2026-09-07","TIFFANY",0,0
"2026-09-07","ELSA (C109-240206-1)",0,0
"2026-09-07","ZHENITH",30,0
"2026-09-07","LOTUS 1138265-W54",0,0
"2026-09-07","8E0213-8",0,0
"2026-09-07","IVONNE",0,0
"2026-09-07","BELLA 8302-K51",0,0
"2026-09-07","NEKO RM-12",0,0
"2026-09-07","CLARA P1067-7",0,0
"2026-09-07","RUDDY",0,0
"2026-09-07","CARLA (C015-231009-6)",0,0
"2026-09-07","LIENZO",26,0
"2026-09-07","YURI WH-W02",0,0
"2026-09-07","BRICE L1913-52",0,0
"2026-09-07","CRISBEL",0,0
"2026-09-07","ESPIREA  WAN-004",0,0
"2026-09-07","ORCHILA",0,0
"2026-09-07","AMAPOLA",0,0
"2026-09-07","LALY WH-W08",0,0
"2026-09-07","PATTY L1913-89",0,0
"2026-09-07","LUPITA",0,0
"2026-09-07","MEDINA",0,0
"2026-09-07","KZ-1917",0,0
"2026-09-07","KARINA",0,0
"2026-09-07","HILDA",0,0
"2026-09-07","GALENA P1094-4",0,0
"2026-09-07","VEGA (LC-DH-43)",0,0
"2026-09-07","AVILA",0,0
"2026-09-07","GLISS",17,0
"2026-09-07","ALAIA-II",0,0
"2026-09-07","ACACIA YQ7581-H68",0,0
"2026-09-07","KZ-1896",0,0
"2026-09-07","YOLANDA",0,0
"2026-09-07","PAULA",0,0
"2026-09-07","MORAN",30,0
"2026-09-07","DINA BF2411",0,0
"2026-09-07","LIRIO  WAN-005",0,0
"2026-09-07","MIA-IV",22,0
"2026-09-07","HERA",50,0
"2026-09-07","NUT",0,0
"2026-09-07","FRESNO(AT-014)",0,0
"2026-09-07","KZ-1900",0,0
"2026-09-07","EILEEN P1078-12",0,0
"2026-09-07","NIEVES 11134-K37",0,0
"2026-09-07","FLORA YQ7581-H86",0,0
"2026-09-07","ETTA L1996-9",0,0
"2026-09-07","ODA",0,0
"2026-09-07","Untitled Feb3_22:12",0,0
"2026-09-07","SCARLET",0,0
"2026-09-07","MALENA",0,0
"2026-09-07","EDNA BF2413",0,0
"2026-09-07","VIVIANA",0,0
"2026-09-07","MERIDA 8302-K96",0,0
"2026-09-07","KIARA",0,0
"2026-09-07","KZ-1910",0,0
"2026-09-07","CHOC 22007-14",0,0
"2026-09-07","JOY",0,0
"2026-09-07","STELLA L1870-40",0,0
"2026-09-07","KZ-1913",0,0
"2026-09-07","CLAUDIA",0,0
"2026-09-07","CAROL BF2402",0,0
"2026-09-07","YUKI",0,0
"2026-09-07","ASTER 1D8055-W28",0,0
"2026-09-07","HEIDY 21219-8",0,0
"2026-09-07","TILA WH-W04",0,0
"2026-09-07","8E0072-26",0,0
"2026-09-07","KZ-1930",0,0
"2026-09-07","CAURA",0,0
"2026-09-07","MAITE",0,0
"2026-09-07","KZ-1914",0,0
"2026-09-07","DETTE 23046-35",0,0
"2026-09-07","MIMI",0,0
"2026-09-07","CG 190228-2",0,0
"2026-09-07","BYl111-K2",0,0
"2026-09-07","JJW-1",0,0
"2026-09-07","P1061-7",0,0
"2026-09-07","KLARA  23247-4",0,0
"2026-09-07","INES",0,0
"2026-09-07","MILLY 23120-1",0,0
"2026-09-07","KZ-1915",0,0
"2026-09-07","BLANCA 11134-K31",0,0
"2026-09-07","ROSA (LC222011)",0,0
"2026-09-07","MOORE",0,0
"2026-09-07","KZ-1931",0,0
"2026-09-07","HADA BF2407",0,0
"2026-09-07","BRISA",25,0
"2026-09-07","KZ-1899",18,0
"2026-09-07","SARI",0,0
"2026-09-07","MAYRA",0,0
"2026-09-07","JERZY",0,0
"2026-09-07","LIS (C082-240426-5)",0,0
"2026-09-07","IVY",0,0
"2026-09-07","KERLY",0,0
"2026-09-07","EVA",0,0
"2026-09-07","FLAVIA",0,0
"2026-09-07","CATA",0,0
"2026-09-07","SOL",0,0
"2026-09-07","NELLY",0,0
"2026-09-07","TATIANA",0,0
"2026-09-07","SELENA L2801-3",0,0
"2026-09-07","MONIC RM-11",0,0
"2026-09-07","LUCY",0,0
"2026-09-07","TERESA",0,0
"2026-09-07","KZ-1905",0,0
"2026-09-07","PEGGY BF2408",0,0
"2026-09-07","TOÑA RMC9",26,0
"2026-09-07","ELSA-II",0,0
"2026-09-07","ORQUIDEA-II",14,0
"2026-09-07","CHORONI",0,0
"2026-09-07","ARIA P1080-5",0,0
"2026-09-07","11134-K3",0,0
"2026-09-07","MADELYN",33,0
"2026-09-07","MILENA",31,0
"2026-09-07","LC-DH-39",0,0
"2026-09-07","KZ-1937",14,0
"2026-09-07","NURY",21,0
"2026-09-07","FATIMA",0,0
"2026-09-07","KATIA  XIN-002",0,0
"2026-09-07","KZ-1916",0,0
"2026-09-07","DINIRA",0,0
"2026-09-07","SANDRA",0,0
"2026-09-07","KZ-1928",0,0
"2026-09-07","GATEN",0,0
"2026-09-07","TULIPAN",18,0
"2026-09-08","FRESIA",16,0
"2026-09-08","ACACIA YQ7581-H68",0,0
"2026-09-08","CATA",0,0
"2026-09-08","FLAVIA",0,0
"2026-09-08","GALENA P1094-4",0,0
"2026-09-08","VEGA (LC-DH-43)",0,0
"2026-09-08","LC-DH-9",0,0
"2026-09-08","PARAISO-II",0,0
"2026-09-08","JERZY",0,0
"2026-09-08","SONYA",0,0
"2026-09-08","BRENDA",0,0
"2026-09-08","KZ-1919",0,0
"2026-09-08","CADIE P1090-1",0,0
"2026-09-08","LIRIO  WAN-005",0,0
"2026-09-08","EDNA BF2413",0,0
"2026-09-08","VIVIANA",0,0
"2026-09-08","MALENA",0,0
"2026-09-08","VERO RM-14",0,0
"2026-09-08","TIFFANY",0,0
"2026-09-08","NOHELY",0,0
"2026-09-08","VEGA-II",0,0
"2026-09-08","IVETTE",0,0
"2026-09-08","MIRAC P1061-9",0,0
"2026-09-08","KZ-1939",16,0
"2026-09-08","GIRASOL",8,0
"2026-09-08","ELENA L1992-28",0,0
"2026-09-08","DANA",0,0
"2026-09-08","CLAUDIA",0,0
"2026-09-08","SOL",0,0
"2026-09-08","EVA",0,0
"2026-09-08","LOLA (LC311595)",0,0
"2026-09-08","KZ-1913",0,0
"2026-09-08","8E0213-8",0,0
"2026-09-08","KZ-1935",0,0
"2026-09-08","MABEL",0,0
"2026-09-08","DINIRA",0,0
"2026-09-08","ROSA (LC222011)",0,0
"2026-09-08","SANDRA",0,0
"2026-09-08","MIA (C109-240206-32)",0,0
"2026-09-08","KZ-1916",0,0
"2026-09-08","BLANCA 11134-K31",0,0
"2026-09-08","SARI",0,0
"2026-09-08","BRISA",25,0
"2026-09-08","KZ-1899",18,0
"2026-09-08","KZ-1928",0,0
"2026-09-08","INES",0,0
"2026-09-08","P990-2",0,0
"2026-09-08","LILY 22006-7",0,0
"2026-09-08","ZURY WH-W013",0,0
"2026-09-08","IVES",21,0
"2026-09-08","MIA-2 (C109-240205-2)",0,0
"2026-09-08","LC-DH-33",0,0
"2026-09-08","JOY",0,0
"2026-09-08","KETTE L1985A-6",0,0
"2026-09-08","SCARLET",0,0
"2026-09-08","SABI 23147-6",0,0
"2026-09-08","LILA (LC222036)",0,0
"2026-09-08","KZ-1905",0,0
"2026-09-08","KZ-1921",0,0
"2026-09-08","LIS-II",0,0
"2026-09-08","ASTRID",0,0
"2026-09-08","MONIC RM-11",0,0
"2026-09-08","LEILANI YQ7542-H34B",0,0
"2026-09-08","TERESA",0,0
"2026-09-08","LUCY",0,0
"2026-09-08","BALMAT",0,0
"2026-09-08","KATALEYA  XIN-003",0,0
"2026-09-08","ELSA (C109-240206-1)",0,0
"2026-09-08","GAIA",0,0
"2026-09-08","SARI WH-W03",0,0
"2026-09-08","MACUTO",0,0
"2026-09-08","SADIE",23,0
"2026-09-08","KZ-1923",0,0
"2026-09-08","KAMI BF2410",0,0
"2026-09-08","DALILA",0,0
"2026-09-08","CLARA P1067-7",0,0
"2026-09-08","HEART  WAN-0010",0,0
"2026-09-08","PAULA-II",0,0
"2026-09-08","NIEBLA 4020-24",0,0
"2026-09-08","IVONNE",0,0
"2026-09-08","ARIA P1080-5",0,0
"2026-09-08","JLP1025-5",0,0
"2026-09-08","ORCHILA",0,0
"2026-09-08","MILLIE",25,0
"2026-09-08","RISA",0,0
"2026-09-08","ODA",0,0
"2026-09-08","KZ-1931",0,0
"2026-09-08","MOORE",0,0
"2026-09-08","MAGA BF2401",0,0
"2026-09-08","ALAIA-II",0,0
"2026-09-08","AVILA",0,0
"2026-09-08","KZ-1896",0,0
"2026-09-08","GLISS",17,0
"2026-09-08","YOLANDA",0,0
"2026-09-08","CLAVEL",0,0
"2026-09-08","GLORIA",0,0
"2026-09-08","C015-221019-7",0,0
"2026-09-08","KZ-1920",0,0
"2026-09-08","KIARA",0,0
"2026-09-08","SOFIA-II",0,0
"2026-09-08","JANE BF2412",0,0
"2026-09-08","DALIA YQ7516-F78",0,0
"2026-09-08","ARIEL 8306-K15",0,0
"2026-09-08","YULE",10,0
"2026-09-08","PARIS",0,0
"2026-09-08","KZ-1937",14,0
"2026-09-08","C015-220520-3",0,0
"2026-09-08","RAQUEL",0,0
"2026-09-08","RUDDY",0,0
"2026-09-08","NEKO RM-12",0,0
"2026-09-08","ELIS",0,0
"2026-09-08","MIYI RMC12",0,0
"2026-09-08","LARA (LC311546)",0,0
"2026-09-08","DETTE 23046-35",0,0
"2026-09-08","KZ-1929",0,0
"2026-09-08","ESPIREA  WAN-004",0,0
"2026-09-08","NARDO",0,0
"2026-09-08","KZ-1898",0,0
"2026-09-08","NURY",21,0
"2026-09-08","FATIMA",0,0
"2026-09-08","CELIA P1086-5",0,0
"2026-09-08","CG 190228-2",0,0
"2026-09-08","MIMI",0,0
"2026-09-08","KATIA  XIN-002",0,0
"2026-09-08","MIEL",49,0
"2026-09-08","LIS (C082-240426-5)",0,0
"2026-09-08","EFFIE  XZ51-1",0,0
"2026-09-08","KERLY",0,0
"2026-09-08","CORAL",0,0
"2026-09-08","MARGARITA",0,0
"2026-09-08","CARMEN-II",27,0
"2026-09-08","SHANNON",0,0
"2026-09-08","SELENA L2801-3",0,0
"2026-09-08","CHOCO",0,0
"2026-09-08","MARGARET",27,0
"2026-09-08","IRENE",0,0
"2026-09-08","KZ-1893",0,0
"2026-09-08","KZ-1938",0,0
"2026-09-08","MALIA",0,0
"2026-09-08","PRIAH",29,0
"2026-09-08","8E0145-20",0,0
"2026-09-08","KZ-1936",0,0
"2026-09-08","ELLA",0,0
"2026-09-08","PEGGY BF2408",0,0
"2026-09-08","MONICA",0,0
"2026-09-08","DANIELA",0,0
"2026-09-08","JJW-7",0,0
"2026-09-08","LOTUS 1138265-W54",0,0
"2026-09-08","NIRAJ 1D8033-W44",0,0
"2026-09-08","GALA",29,0
"2026-09-08","TANIA",0,0
"2026-09-08","LYRIA",0,0
"2026-09-08","YUDA P1080-15",0,0
"2026-09-08","DUNA",0,0
"2026-09-08","JENNY",0,0
"2026-09-08","TERRA",20,0
"2026-09-08","LALA WH-W06",37,0
"2026-09-08","VIDIA",27,0
"2026-09-08","KZ-1915",0,0
"2026-09-08","KZ-1924",0,0
"2026-09-08","LAURA",1,0
"2026-09-08","REGINA",0,0
"2026-09-08","HILDA",0,0
"2026-09-08","MARA BF2404",0,0
"2026-09-08","AMANDA",0,0
"2026-09-08","KZ-1904",0,0
"2026-09-08","MIRTHA",0,0
"2026-09-08","CAROLINA",0,0
"2026-09-08","DALILA-II",14,0
"2026-09-08","ETTA L1996-9",0,0
"2026-09-08","CAYENA",0,0
"2026-09-08","NORKYS",0,0
"2026-09-08","JJW-8",0,0
"2026-09-08","LELIS WH-W07",0,0
"2026-09-08","CALA  WAN-002",0,0
"2026-09-08","AVA  P1094-2",0,0
"2026-09-08","NARCISO  WAN-008",0,0
"2026-09-08","CHORONI",0,0
"2026-09-08","ORQUIDEA-II",14,0
"2026-09-08","ELSA-II",0,0
"2026-09-08","MADELYN",33,0
"2026-09-08","11134-K3",0,0
"2026-09-08","BELLA 8302-K51",0,0
"2026-09-08","MILENA",32,0
"2026-09-08","LC-DH-39",0,0
"2026-09-08","SHERYL",0,0
"2026-09-08","CHOC 22007-14",0,0
"2026-09-08","FABIOLA",0,0
"2026-09-08","ELEIDY",0,0
"2026-09-08","CLARION",25,0
"2026-09-08","LC-ST-19",0,0
"2026-09-08","KZ-1910",0,0
"2026-09-08","KZ-1934",0,0
"2026-09-08","STELLA L1870-40",0,0
"2026-09-08","CAROL BF2402",0,0
"2026-09-08","DIVA",0,0
"2026-09-08","MELISSA 1D4265-W14",0,0
"2026-09-08","MILKA",0,0
"2026-09-08","KELLY",0,0
"2026-09-08","TOÑA RMC9",26,0
"2026-09-08","MOCHIMA",0,0
"2026-09-08","CORAIMA",0,0
"2026-09-08","IVY",0,0
"2026-09-08","AURIS RM-13",0,0
"2026-09-08","ALMA (C082-230803-32)",0,0
"2026-09-08","LALY WH-W08",0,0
"2026-09-08","KORA  XIN-005",0,0
"2026-09-08","KZ-1900",0,0
"2026-09-08","MIA-IV",22,0
"2026-09-08","HERA",50,0
"2026-09-08","INDIGO 1D8055-W33",0,0
"2026-09-08","MARITA",0,0
"2026-09-08","MOLLY 20124-43",0,0
"2026-09-08","CARISSA",21,0
"2026-09-08","LESLIE L1920-21A",0,0
"2026-09-08","MAREA",0,0
"2026-09-08","KZ-1926",0,0
"2026-09-08","8E0075-7",0,0
"2026-09-08","ALICIA  P1091-4",0,0
"2026-09-08","GLEDYS",0,0
"2026-09-08","EILEEN P1078-12",0,0
"2026-09-08","PAULA",0,0
"2026-09-08","YELA 23178-11",0,0
"2026-09-08","BEGONIA YQ7667-H08",0,0
"2026-09-08","DAFNE  XIN-001",0,0
"2026-09-08","CHLOE  P1081-3",0,0
"2026-09-08","DAYANA",0,0
"2026-09-08","SUSANA",0,0
"2026-09-08","P448-91",0,0
"2026-09-08","MIRIAM",0,0
"2026-09-08","PILIN",33,0
"2026-09-08","SALOME",28,0
"2026-09-08","AMAPOLA-II",7,0
"2026-09-08","VENUS",39,0
"2026-09-08","MAR",0,0
"2026-09-08","KZ-1922",0,0
"2026-09-08",,0,0
"2026-09-08","NIURKA",0,0
"2026-09-08","MULAN 8306-K19",0,0
"2026-09-08","CARIDAD",0,0
"2026-09-08","MARTHA",0,0
"2026-09-08","SOFIA",0,0
"2026-09-08","MOHANA 8302-K40",0,0
"2026-09-08","MIN",0,0
"2026-09-08","AMAPOLA",0,0
"2026-09-08","ELBA RM-15",0,0
"2026-09-08","MARBE BF2403",0,0
"2026-09-08","BECKY",33,0
"2026-09-08","FILCH 23198-7",0,0
"2026-09-08","NATALIA",0,0
"2026-09-08","ASHLEY L1895-36",0,0
"2026-09-08","DEMI ZS16-15",0,0
"2026-09-08","P956-7",0,0
"2026-09-08","NOA",32,0
"2026-09-08","TILA WH-W04",0,0
"2026-09-08","8E0072-26",0,0
"2026-09-08","KZ-1930",0,0
"2026-09-08","P1061-7",0,0
"2026-09-08","BYl111-K2",0,0
"2026-09-08","JJW-1",0,0
"2026-09-08","PILAR",0,0
"2026-09-08","ZARINA",0,0
"2026-09-08","TABEI",0,0
"2026-09-08","BETHANY",0,0
"2026-09-08","POLINA",29,0
"2026-09-08","ANARE",0,0
"2026-09-08","YULIKA",0,0
"2026-09-08","KZ-1901",0,0
"2026-09-08","YULI 23148-11",0,0
"2026-09-08","DAYRA",0,0
"2026-09-08","NELLY",0,0
"2026-09-08","TATIANA",0,0
"2026-09-08","KZ-1902",13,0
"2026-09-08","ELDA BF2409",0,0
"2026-09-08","MAYRA",0,0
"2026-09-08","PARAISO",0,0
"2026-09-08","NIKKI",0,0
"2026-09-08","DIANA 19269-24",0,0
"2026-09-08","KZ-1897",0,0
"2026-09-08","CARLA (C015-231009-6)",0,0
"2026-09-08","ORQUIDEA",0,0
"2026-09-08","LYNN",0,0
"2026-09-08","MORA BF2414",20,0
"2026-09-08","C082-1",0,0
"2026-09-08","MARTA",0,0
"2026-09-08","MERIDA 8302-K96",0,0
"2026-09-08","MORELA",0,0
"2026-09-08","Untitled Feb3_22:12",0,0
"2026-09-08","ATENEA",8,0
"2026-09-08","JJW-6",0,0
"2026-09-08","AZUCENA",0,0
"2026-09-08","NUT",0,0
"2026-09-08","LIENZO",26,0
"2026-09-08","YURI WH-W02",0,0
"2026-09-08","CRISBEL",0,0
"2026-09-08","NURIS WH-W01",0,0
"2026-09-08","JJW-5",0,0
"2026-09-08","HADA BF2407",0,0
"2026-09-08","AURORA 8302-K3",0,0
"2026-09-08","MEDINA",0,0
"2026-09-08","KLARA  23247-4",0,0
"2026-09-08","ARENA",0,0
"2026-09-08","AMI",0,0
"2026-09-08","LEA BF2405",0,0
"2026-09-08","LOAD",0,0
"2026-09-08","NACARID",29,0
"2026-09-08","KARINA",0,0
"2026-09-08","HEIDY 21219-8",0,0
"2026-09-08","KZ-1917",0,0
"2026-09-08","KZ-1933",14,0
"2026-09-08","BAHIA",0,0
"2026-09-08","AGUA",0,0
"2026-09-08","JJW-3",0,0
"2026-09-08","MIA-II",0,0
"2026-09-08","KASSIA",0,0
"2026-09-08","ALMA-II",0,0
"2026-09-08","OLAS",0,0
"2026-09-08","YUKI",0,0
"2026-09-08","CAURA",0,0
"2026-09-08","KZ-1914",0,0
"2026-09-08","EMMA (C082-230803-10)",0,0
"2026-09-08","MAITE",0,0
"2026-09-08","LIBIA",0,0
"2026-09-08","KZ-1925",0,0
"2026-09-08","GIA",33,0
"2026-09-08","KEELY",0,0
"2026-09-08","MIA-III",0,0
"2026-09-08","CIRA RMC13",0,0
"2026-09-08","KZ-1927",0,0
"2026-09-08","ISABEL",0,0
"2026-09-08","FRESNO(AT-014)",0,0
"2026-09-08","SALLY",0,0
"2026-09-08","ROXANA",22,0
"2026-09-08","LISETH L1982-70",0,0
"2026-09-08","DINA BF2411",0,0
"2026-09-08","MORAN",30,0
"2026-09-08","DYER",18,0
"2026-09-08","KZ-1918",0,0
"2026-09-08","FLORA YQ7581-H86",0,0
"2026-09-08","NIEVES 11134-K37",0,0
"2026-09-08","7979-K28",0,0
"2026-09-08","WANDA",0,0
"2026-09-08","AURA BF2406",0,0
"2026-09-08","DARA RM-09",0,0
"2026-09-08","GEMA BN1925-K6",0,0
"2026-09-08","GARDENIA YQ7510-H34",0,0
"2026-09-08","FEDRA",0,0
"2026-09-08","EVAM 21142-7",0,0
"2026-09-08","ZHENITH",28,0
"2026-09-08","ALAIA (C082-20231027-23)",0,0
"2026-09-08","CANAIMA",0,0
"2026-09-08","ZARA",26,0
"2026-09-08","VANESSA",0,0
"2026-09-08","BRICE L1913-52",0,0
"2026-09-08","LOLA-II",0,0
"2026-09-08","LUNA WH-W11",0,0
"2026-09-08","TINA",0,0
"2026-09-08","MILLY 23120-1",0,0
"2026-09-08","MAYA",23,0
"2026-09-08","KZ-1932",0,0
"2026-09-08","JASMIN 8306-K7",0,0
"2026-09-08","LUPITA",0,0
"2026-09-08","ASTER 1D8055-W28",0,0
"2026-09-08","GATEN",0,0
"2026-09-08","TULIPAN",18,0
"2026-09-08","TYLER",0,0
"2026-09-08","ISLA",30,0
"2026-09-08","KRISS",0,0
"2026-09-08","MIA-V",17,0
"2026-09-08","ZULAY",26,0
"2026-09-08","PATTY L1913-89",0,0
"2026-09-09","JJW-8",0,0
"2026-09-09","NORKYS",0,0
"2026-09-09","ELENA L1992-28",0,0
"2026-09-09","MONIC RM-11",0,0
"2026-09-09","SARI WH-W03",0,0
"2026-09-09","GAIA",0,0
"2026-09-09","PILIN",33,0
"2026-09-09","LEILANI YQ7542-H34B",0,0
"2026-09-09","KIARA",0,0
"2026-09-09","AURA BF2406",0,0
"2026-09-09","MIRIAM",0,0
"2026-09-09","P448-91",0,0
"2026-09-09","SUSANA",0,0
"2026-09-09","MARGARITA",0,0
"2026-09-09","PAULA",0,0
"2026-09-09","YELA 23178-11",0,0
"2026-09-09","MARA BF2404",0,0
"2026-09-09","IVES",21,0
"2026-09-09","ACACIA YQ7581-H68",0,0
"2026-09-09","POLINA",29,0
"2026-09-09","JENNY",0,0
"2026-09-09","DUNA",0,0
"2026-09-09","RISA",0,0
"2026-09-09","MILLIE",26,0
"2026-09-09","HADA BF2407",0,0
"2026-09-09","SARI",0,0
"2026-09-09","KZ-1899",18,0
"2026-09-09","BRISA",25,0
"2026-09-09","AURIS RM-13",0,0
"2026-09-09","MABEL",0,0
"2026-09-09","ATENEA",8,0
"2026-09-09","MORELA",0,0
"2026-09-09","MACUTO",0,0
"2026-09-09","SADIE",23,0
"2026-09-09","KZ-1939",16,0
"2026-09-09","NIURKA",0,0
"2026-09-09","KZ-1905",0,0
"2026-09-09","SCARLET",0,0
"2026-09-09","BEGONIA YQ7667-H08",0,0
"2026-09-09","DAFNE  XIN-001",0,0
"2026-09-09","CHLOE  P1081-3",0,0
"2026-09-09","LC-DH-33",0,0
"2026-09-09","AVILA",0,0
"2026-09-09","YOLANDA",0,0
"2026-09-09","ALAIA-II",0,0
"2026-09-09","GLISS",17,0
"2026-09-09","KZ-1896",0,0
"2026-09-09","KERLY",0,0
"2026-09-09","CARLA (C015-231009-6)",0,0
"2026-09-09","LAURA",1,0
"2026-09-09","REGINA",0,0
"2026-09-09","GALENA P1094-4",0,0
"2026-09-09","FRESIA",16,0
"2026-09-09","VEGA (LC-DH-43)",0,0
"2026-09-09","MIA-III",0,0
"2026-09-09","CIRA RMC13",0,0
"2026-09-09","EFFIE  XZ51-1",0,0
"2026-09-09","CATA",0,0
"2026-09-09","ZURY WH-W013",0,0
"2026-09-09","FLAVIA",0,0
"2026-09-09","LIS (C082-240426-5)",0,0
"2026-09-09","ANARE",0,0
"2026-09-09","YULIKA",0,0
"2026-09-09","LIBIA",0,0
"2026-09-09","TABEI",0,0
"2026-09-09","INES",0,0
"2026-09-09","KATIA  XIN-002",0,0
"2026-09-09","TILA WH-W04",0,0
"2026-09-09","8E0072-26",0,0
"2026-09-09","KZ-1930",0,0
"2026-09-09","NACARID",29,0
"2026-09-09","LOAD",0,0
"2026-09-09","MILLY 23120-1",0,0
"2026-09-09","ARIA P1080-5",0,0
"2026-09-09","JJW-5",0,0
"2026-09-09","TINA",0,0
"2026-09-09","LUNA WH-W11",0,0
"2026-09-09","8E0213-8",0,0
"2026-09-09","SHERYL",0,0
"2026-09-09","HEART  WAN-0010",0,0
"2026-09-09","NARCISO  WAN-008",0,0
"2026-09-09","CARIDAD",0,0
"2026-09-09","MARTHA",0,0
"2026-09-09","LELIS WH-W07",0,0
"2026-09-09","11134-K3",0,0
"2026-09-09","CALA  WAN-002",0,0
"2026-09-09","EVAM 21142-7",0,0
"2026-09-09","BALMAT",0,0
"2026-09-09","KZ-1921",0,0
"2026-09-09","LILA (LC222036)",0,0
"2026-09-09","SABI 23147-6",0,0
"2026-09-09","LISETH L1982-70",0,0
"2026-09-09","FRESNO(AT-014)",0,0
"2026-09-09","DYER",17,0
"2026-09-09","KZ-1918",0,0
"2026-09-09","EILEEN P1078-12",0,0
"2026-09-09","KZ-1897",0,0
"2026-09-09","PARAISO-II",0,0
"2026-09-09","CADIE P1090-1",0,0
"2026-09-09","KZ-1926",0,0
"2026-09-09","8E0075-7",0,0
"2026-09-09","KZ-1902",12,0
"2026-09-09","PARAISO",0,0
"2026-09-09","NIKKI",0,0
"2026-09-09","MAGA BF2401",0,0
"2026-09-09","INDIGO 1D8055-W33",0,0
"2026-09-09","BECKY",33,0
"2026-09-09","NATALIA",0,0
"2026-09-09","LEA BF2405",0,0
"2026-09-09","ARENA",0,0
"2026-09-09","AMAPOLA",0,0
"2026-09-09","TOÑA RMC9",26,0
"2026-09-09","KELLY",0,0
"2026-09-09","MILKA",0,0
"2026-09-09","LOLA-II",0,0
"2026-09-09","VANESSA",0,0
"2026-09-09","FABIOLA",0,0
"2026-09-09","MIA (C109-240206-32)",0,0
"2026-09-09","ELEIDY",0,0
"2026-09-09","JJW-6",0,0
"2026-09-09","AZUCENA",0,0
"2026-09-09","PRIAH",28,0
"2026-09-09","CLARA P1067-7",0,0
"2026-09-09","ELSA-II",0,0
"2026-09-09","DARA RM-09",0,0
"2026-09-09","KATALEYA  XIN-003",0,0
"2026-09-09","IVETTE",0,0
"2026-09-09","VEGA-II",0,0
"2026-09-09","NOHELY",0,0
"2026-09-09","KZ-1904",0,0
"2026-09-09","MIRTHA",0,0
"2026-09-09","GLEDYS",0,0
"2026-09-09","MAYRA",0,0
"2026-09-09","JOY",0,0
"2026-09-09",,0,0
"2026-09-09","MAREA",0,0
"2026-09-09","GIA",33,0
"2026-09-09","LILY 22006-7",0,0
"2026-09-09","MIA-IV",22,0
"2026-09-09","HERA",48,0
"2026-09-09","KZ-1900",0,0
"2026-09-09","KZ-1924",0,0
"2026-09-09","PILAR",0,0
"2026-09-09","ZARINA",0,0
"2026-09-09","MARITA",0,0
"2026-09-09","MIMI",0,0
"2026-09-09","CG 190228-2",0,0
"2026-09-09","LALA WH-W06",37,0
"2026-09-09","VIDIA",27,0
"2026-09-09","TERRA",20,0
"2026-09-09","CELIA P1086-5",0,0
"2026-09-09","OLAS",0,0
"2026-09-09","YUKI",0,0
"2026-09-09","KORA  XIN-005",0,0
"2026-09-09","MIYI RMC12",0,0
"2026-09-09","ELIS",0,0
"2026-09-09","AURORA 8302-K3",0,0
"2026-09-09","LALY WH-W08",0,0
"2026-09-09","KZ-1934",0,0
"2026-09-09","DIVA",0,0
"2026-09-09","KZ-1913",0,0
"2026-09-09","CLAUDIA",0,0
"2026-09-09","ELLA",0,0
"2026-09-09","KZ-1936",0,0
"2026-09-09","8E0145-20",0,0
"2026-09-09","EVA",0,0
"2026-09-09","SOL",0,0
"2026-09-09","MADELYN",32,0
"2026-09-09","LIENZO",26,0
"2026-09-09","KZ-1893",0,0
"2026-09-09","ASTRID",0,0
"2026-09-09","LIS-II",0,0
"2026-09-09","SELENA L2801-3",0,0
"2026-09-09","DALIA YQ7516-F78",0,0
"2026-09-09","ARIEL 8306-K15",0,0
"2026-09-09","TIFFANY",0,0
"2026-09-09","C082-1",0,0
"2026-09-09","MORA BF2414",20,0
"2026-09-09","MIA-2 (C109-240205-2)",0,0
"2026-09-09","MARTA",0,0
"2026-09-09","WANDA",0,0
"2026-09-09","CORAL",0,0
"2026-09-09","ELDA BF2409",0,0
"2026-09-09","HILDA",0,0
"2026-09-09","KZ-1925",0,0
"2026-09-09","KEELY",0,0
"2026-09-09","MIA-V",17,0
"2026-09-09","ZULAY",27,0
"2026-09-09","KZ-1931",0,0
"2026-09-09","MOORE",0,0
"2026-09-09","NOA",32,0
"2026-09-09","MIEL",49,0
"2026-09-09","JJW-1",0,0
"2026-09-09","P1061-7",0,0
"2026-09-09","BYl111-K2",0,0
"2026-09-09","NURY",21,0
"2026-09-09","FATIMA",0,0
"2026-09-09","ALMA (C082-230803-32)",0,0
"2026-09-09","P956-7",0,0
"2026-09-09","DEMI ZS16-15",0,0
"2026-09-09","ASTER 1D8055-W28",0,0
"2026-09-09","HEIDY 21219-8",0,0
"2026-09-09","KZ-1928",0,0
"2026-09-09","BLANCA 11134-K31",0,0
"2026-09-09","ROSA (LC222011)",0,0
"2026-09-09","KZ-1929",0,0
"2026-09-09","KLARA  23247-4",0,0
"2026-09-09","AMI",0,0
"2026-09-09","MEDINA",0,0
"2026-09-09","LARA (LC311546)",0,0
"2026-09-09","KZ-1916",0,0
"2026-09-09","SANDRA",0,0
"2026-09-09","DINIRA",0,0
"2026-09-09","DETTE 23046-35",0,0
"2026-09-09","ESPIREA  WAN-004",0,0
"2026-09-09","KZ-1932",0,0
"2026-09-09","MAYA",23,0
"2026-09-09","GALA",28,0
"2026-09-09","LYRIA",0,0
"2026-09-09","TANIA",0,0
"2026-09-09","NIRAJ 1D8033-W44",0,0
"2026-09-09","AVA  P1094-2",0,0
"2026-09-09","MARGARET",27,0
"2026-09-09","CHOCO",0,0
"2026-09-09","IRENE",0,0
"2026-09-09","MALIA",0,0
"2026-09-09","SOFIA-II",0,0
"2026-09-09","JANE BF2412",0,0
"2026-09-09","CARMEN-II",27,0
"2026-09-09","MIRAC P1061-9",0,0
"2026-09-09","VERO RM-14",0,0
"2026-09-09","7979-K28",0,0
"2026-09-09","CLAVEL",0,0
"2026-09-09","GLORIA",0,0
"2026-09-09","EDNA BF2413",0,0
"2026-09-09","VIVIANA",0,0
"2026-09-09","MALENA",0,0
"2026-09-09","DINA BF2411",0,0
"2026-09-09","MORAN",30,0
"2026-09-09","KZ-1919",0,0
"2026-09-09","BRENDA",0,0
"2026-09-09","SONYA",0,0
"2026-09-09","LC-DH-9",0,0
"2026-09-09","TATIANA",0,0
"2026-09-09","LESLIE L1920-21A",0,0
"2026-09-09","MOLLY 20124-43",0,0
"2026-09-09","NELLY",0,0
"2026-09-09","YULI 23148-11",0,0
"2026-09-09","ODA",0,0
"2026-09-09","PATTY L1913-89",0,0
"2026-09-09","MAITE",0,0
"2026-09-09","CAURA",0,0
"2026-09-09","KZ-1914",0,0
"2026-09-09","BAHIA",0,0
"2026-09-09","AGUA",0,0
"2026-09-09","JJW-3",0,0
"2026-09-09","LUPITA",0,0
"2026-09-09","RAQUEL",0,0
"2026-09-09","MOHANA 8302-K40",0,0
"2026-09-09","ZHENITH",27,0
"2026-09-09","KZ-1910",0,0
"2026-09-09","BRICE L1913-52",0,0
"2026-09-09","KZ-1937",13,0
"2026-09-09","DANIELA",0,0
"2026-09-09","JJW-7",0,0
"2026-09-09","LOTUS 1138265-W54",0,0
"2026-09-09","CRISBEL",0,0
"2026-09-09","YURI WH-W02",0,0
"2026-09-09","NUT",0,0
"2026-09-09","LC-DH-39",0,0
"2026-09-09","MILENA",32,0
"2026-09-09","GARDENIA YQ7510-H34",0,0
"2026-09-09","DALILA",0,0
"2026-09-09","MAR",0,0
"2026-09-09","KAMI BF2410",0,0
"2026-09-09","KZ-1923",0,0
"2026-09-09","Untitled Feb3_22:12",0,0
"2026-09-09","GIRASOL",8,0
"2026-09-09","DANA",0,0
"2026-09-09","GEMA BN1925-K6",0,0
"2026-09-09","MULAN 8306-K19",0,0
"2026-09-09","SALOME",28,0
"2026-09-09","VENUS",39,0
"2026-09-09","MERIDA 8302-K96",0,0
"2026-09-09","KZ-1922",0,0
"2026-09-09","AMAPOLA-II",6,0
"2026-09-09","DALILA-II",13,0
"2026-09-09","CAROLINA",0,0
"2026-09-09","SHANNON",0,0
"2026-09-09","PARIS",0,0
"2026-09-09","YULE",10,0
"2026-09-09","ETTA L1996-9",0,0
"2026-09-09","KZ-1920",0,0
"2026-09-09","ISABEL",0,0
"2026-09-09","SALLY",0,0
"2026-09-09","KZ-1927",0,0
"2026-09-09","ROXANA",23,0
"2026-09-09","FLORA YQ7581-H86",0,0
"2026-09-09","NIEVES 11134-K37",0,0
"2026-09-09","LIRIO  WAN-005",0,0
"2026-09-09","AMANDA",0,0
"2026-09-09","CARISSA",21,0
"2026-09-09","DAYRA",0,0
"2026-09-09","KZ-1901",0,0
"2026-09-09","P990-2",0,0
"2026-09-09","KZ-1915",0,0
"2026-09-09","FILCH 23198-7",0,0
"2026-09-09","MARBE BF2403",0,0
"2026-09-09","ASHLEY L1895-36",0,0
"2026-09-09","KASSIA",0,0
"2026-09-09","MIA-II",0,0
"2026-09-09","ALMA-II",0,0
"2026-09-09","JLP1025-5",0,0
"2026-09-09","KZ-1935",0,0
"2026-09-09","IVONNE",0,0
"2026-09-09","EMMA (C082-230803-10)",0,0
"2026-09-09","MOCHIMA",0,0
"2026-09-09","CORAIMA",0,0
"2026-09-09","RUDDY",0,0
"2026-09-09","NEKO RM-12",0,0
"2026-09-09","NURIS WH-W01",0,0
"2026-09-09","PAULA-II",0,0
"2026-09-09","MELISSA 1D4265-W14",0,0
"2026-09-09","NIEBLA 4020-24",0,0
"2026-09-09","IVY",0,0
"2026-09-09","C015-220520-3",0,0
"2026-09-09","MONICA",0,0
"2026-09-09","CHOC 22007-14",0,0
"2026-09-09","LC-ST-19",0,0
"2026-09-09","LOLA (LC311595)",0,0
"2026-09-09","SOFIA",0,0
"2026-09-09","KZ-1938",0,0
"2026-09-09","CAYENA",0,0
"2026-09-09","LUCY",0,0
"2026-09-09","TERESA",0,0
"2026-09-09","LYNN",0,0
"2026-09-09","C015-221019-7",0,0
"2026-09-09","ORQUIDEA",0,0
"2026-09-09","DAYANA",0,0
"2026-09-09","KETTE L1985A-6",0,0
"2026-09-09","DIANA 19269-24",0,0
"2026-09-09","ELSA (C109-240206-1)",0,0
"2026-09-09","ALICIA  P1091-4",0,0
"2026-09-09","JERZY",0,0
"2026-09-09","BETHANY",0,0
"2026-09-09","ALAIA (C082-20231027-23)",0,0
"2026-09-09","ISLA",30,0
"2026-09-09","TYLER",0,0
"2026-09-09","KRISS",0,0
"2026-09-09","ELBA RM-15",0,0
"2026-09-09","TULIPAN",18,0
"2026-09-09","GATEN",0,0
"2026-09-09","YUDA P1080-15",0,0
"2026-09-09","KZ-1898",0,0
"2026-09-09","NARDO",0,0
"2026-09-09","KZ-1933",14,0
"2026-09-09","KZ-1917",0,0
"2026-09-09","KARINA",0,0
"2026-09-09","ORCHILA",0,0
"2026-09-09","JASMIN 8306-K7",0,0
"2026-09-09","ZARA",26,0
"2026-09-09","CAROL BF2402",0,0
"2026-09-09","STELLA L1870-40",0,0
"2026-09-09","CANAIMA",0,0
"2026-09-09","MIN",0,0
"2026-09-09","PEGGY BF2408",0,0
"2026-09-09","CLARION",25,0
"2026-09-09","BELLA 8302-K51",0,0
"2026-09-09","FEDRA",0,0
"2026-09-09","ORQUIDEA-II",14,0
"2026-09-09","CHORONI",0,0
"2026-09-10",,0,0
"2026-09-10","P956-7",0,0
"2026-09-10","MIA-V",17,0
"2026-09-10","ZULAY",27,0
"2026-09-10","AMI",0,0
"2026-09-10","KZ-1899",18,0
"2026-09-10","BRISA",25,0
"2026-09-10","SARI",0,0
"2026-09-10","LALY WH-W08",0,0
"2026-09-10","ELIS",0,0
"2026-09-10","ELSA (C109-240206-1)",0,0
"2026-09-10","MIYI RMC12",0,0
"2026-09-10","ASTER 1D8055-W28",0,0
"2026-09-10","KORA  XIN-005",0,0
"2026-09-10","MIA-II",0,0
"2026-09-10","AURORA 8302-K3",0,0
"2026-09-10","KASSIA",0,0
"2026-09-10","ALMA-II",0,0
"2026-09-10","ZHENITH",26,0
"2026-09-10","LUNA WH-W11",0,0
"2026-09-10","TINA",0,0
"2026-09-10","PEGGY BF2408",0,0
"2026-09-10","ORQUIDEA-II",8,0
"2026-09-10","CHORONI",0,0
"2026-09-10","AVA  P1094-2",0,0
"2026-09-10","DALILA",0,0
"2026-09-10","ARIEL 8306-K15",0,0
"2026-09-10","DALIA YQ7516-F78",0,0
"2026-09-10","KZ-1921",0,0
"2026-09-10","KIARA",0,0
"2026-09-10","KZ-1902",13,0
"2026-09-10","LISETH L1982-70",0,0
"2026-09-10","PARAISO-II",0,0
"2026-09-10","KERLY",0,0
"2026-09-10","ISLA",30,0
"2026-09-10","KRISS",0,0
"2026-09-10","TYLER",0,0
"2026-09-10","AMAPOLA",0,0
"2026-09-10","ODA",0,0
"2026-09-10","ESPIREA  WAN-004",0,0
"2026-09-10","8E0213-8",0,0
"2026-09-10","RAQUEL",0,0
"2026-09-10","MOHANA 8302-K40",0,0
"2026-09-10","NURIS WH-W01",0,0
"2026-09-10","KZ-1935",0,0
"2026-09-10","MILKA",0,0
"2026-09-10","KELLY",0,0
"2026-09-10","MIA-2 (C109-240205-2)",0,0
"2026-09-10","LC-DH-39",0,0
"2026-09-10","LOLA (LC311595)",0,0
"2026-09-10","MILENA",31,0
"2026-09-10","11134-K3",0,0
"2026-09-10","MADELYN",30,0
"2026-09-10","FEDRA",0,0
"2026-09-10","PRIAH",26,0
"2026-09-10","MARTHA",0,0
"2026-09-10","CARIDAD",0,0
"2026-09-10","ELLA",0,0
"2026-09-10","NARCISO  WAN-008",0,0
"2026-09-10","BELLA 8302-K51",0,0
"2026-09-10","SHERYL",0,0
"2026-09-10","CLARA P1067-7",0,0
"2026-09-10","KZ-1937",14,0
"2026-09-10","KZ-1913",0,0
"2026-09-10","CLAUDIA",0,0
"2026-09-10","KZ-1893",0,0
"2026-09-10","P448-91",0,0
"2026-09-10","MIRIAM",0,0
"2026-09-10","KETTE L1985A-6",0,0
"2026-09-10","SUSANA",0,0
"2026-09-10","SHANNON",0,0
"2026-09-10","HILDA",0,0
"2026-09-10","FRESNO(AT-014)",0,0
"2026-09-10","LIBIA",0,0
"2026-09-10","FLAVIA",0,0
"2026-09-10","CATA",0,0
"2026-09-10","LIS (C082-240426-5)",0,0
"2026-09-10","FRESIA",16,0
"2026-09-10","KZ-1925",0,0
"2026-09-10","KEELY",0,0
"2026-09-10","ALMA (C082-230803-32)",0,0
"2026-09-10","FATIMA",0,0
"2026-09-10","NURY",20,0
"2026-09-10","MIMI",0,0
"2026-09-10","CG 190228-2",0,0
"2026-09-10","HADA BF2407",0,0
"2026-09-10","GATEN",0,0
"2026-09-10","DETTE 23046-35",0,0
"2026-09-10","TULIPAN",18,0
"2026-09-10","CANAIMA",0,0
"2026-09-10","VANESSA",0,0
"2026-09-10","LOLA-II",0,0
"2026-09-10","PAULA-II",0,0
"2026-09-10","KZ-1934",0,0
"2026-09-10","DIVA",0,0
"2026-09-10","GALA",29,0
"2026-09-10","LYRIA",0,0
"2026-09-10","TANIA",0,0
"2026-09-10","C015-220520-3",0,0
"2026-09-10","MABEL",0,0
"2026-09-10","NIRAJ 1D8033-W44",0,0
"2026-09-10","AURIS RM-13",0,0
"2026-09-10","BRICE L1913-52",0,0
"2026-09-10","TOÑA RMC9",26,0
"2026-09-10","ELEIDY",0,0
"2026-09-10","FABIOLA",0,0
"2026-09-10","KAMI BF2410",0,0
"2026-09-10","KZ-1923",0,0
"2026-09-10","MARTA",0,0
"2026-09-10","C082-1",0,0
"2026-09-10","MORA BF2414",19,0
"2026-09-10","KZ-1905",0,0
"2026-09-10","CAROLINA",0,0
"2026-09-10","DALILA-II",12,0
"2026-09-10","PARAISO",0,0
"2026-09-10","NIKKI",0,0
"2026-09-10","EILEEN P1078-12",0,0
"2026-09-10","JERZY",0,0
"2026-09-10","SONYA",0,0
"2026-09-10","KZ-1919",0,0
"2026-09-10","BRENDA",0,0
"2026-09-10","MORAN",30,0
"2026-09-10","DINA BF2411",0,0
"2026-09-10","GIA",33,0
"2026-09-10","MAGA BF2401",0,0
"2026-09-10","LC-DH-9",0,0
"2026-09-10","INDIGO 1D8055-W33",0,0
"2026-09-10","CARISSA",19,0
"2026-09-10","ASHLEY L1895-36",0,0
"2026-09-10","INES",0,0
"2026-09-10","MARBE BF2403",0,0
"2026-09-10","FILCH 23198-7",0,0
"2026-09-10","ORCHILA",0,0
"2026-09-10","KLARA  23247-4",0,0
"2026-09-10","CORAIMA",0,0
"2026-09-10","STELLA L1870-40",0,0
"2026-09-10","CAROL BF2402",0,0
"2026-09-10","MOCHIMA",0,0
"2026-09-10","MELISSA 1D4265-W14",0,0
"2026-09-10","IVONNE",0,0
"2026-09-10","HEART  WAN-0010",0,0
"2026-09-10","SOFIA",0,0
"2026-09-10","LELIS WH-W07",0,0
"2026-09-10","CALA  WAN-002",0,0
"2026-09-10","GARDENIA YQ7510-H34",0,0
"2026-09-10","YURI WH-W02",0,0
"2026-09-10","CRISBEL",0,0
"2026-09-10","MONICA",0,0
"2026-09-10","BALMAT",0,0
"2026-09-10","SALOME",28,0
"2026-09-10","KZ-1922",0,0
"2026-09-10","VENUS",33,0
"2026-09-10","AMAPOLA-II",7,0
"2026-09-10","MALIA",0,0
"2026-09-10","MERIDA 8302-K96",0,0
"2026-09-10","GIRASOL",7,0
"2026-09-10","DANA",0,0
"2026-09-10","DAYANA",0,0
"2026-09-10","AURA BF2406",0,0
"2026-09-10","KZ-1897",0,0
"2026-09-10","ALICIA  P1091-4",0,0
"2026-09-10","TABEI",0,0
"2026-09-10","ALAIA (C082-20231027-23)",0,0
"2026-09-10","YULIKA",0,0
"2026-09-10","ZURY WH-W013",0,0
"2026-09-10","ANARE",0,0
"2026-09-10","NELLY",0,0
"2026-09-10","TATIANA",0,0
"2026-09-10","LILY 22006-7",0,0
"2026-09-10","DAYRA",0,0
"2026-09-10","KZ-1901",0,0
"2026-09-10","TILA WH-W04",0,0
"2026-09-10","CARLA (C015-231009-6)",0,0
"2026-09-10","KZ-1930",0,0
"2026-09-10","8E0072-26",0,0
"2026-09-10","P1061-7",0,0
"2026-09-10","JJW-1",0,0
"2026-09-10","BYl111-K2",0,0
"2026-09-10","JLP1025-5",0,0
"2026-09-10","HEIDY 21219-8",0,0
"2026-09-10","KZ-1929",0,0
"2026-09-10","ELBA RM-15",0,0
"2026-09-10","ARENA",0,0
"2026-09-10","LEA BF2405",0,0
"2026-09-10","KZ-1928",0,0
"2026-09-10","KZ-1910",0,0
"2026-09-10","RUDDY",0,0
"2026-09-10","NEKO RM-12",0,0
"2026-09-10","JJW-5",0,0
"2026-09-10","LOTUS 1138265-W54",0,0
"2026-09-10","EVAM 21142-7",0,0
"2026-09-10","ELENA L1992-28",0,0
"2026-09-10","CAYENA",0,0
"2026-09-10","KZ-1939",16,0
"2026-09-10","MONIC RM-11",0,0
"2026-09-10","ASTRID",0,0
"2026-09-10","LIS-II",0,0
"2026-09-10","DARA RM-09",0,0
"2026-09-10","JJW-8",0,0
"2026-09-10","NORKYS",0,0
"2026-09-10","MULAN 8306-K19",0,0
"2026-09-10","ATENEA",8,0
"2026-09-10","MORELA",0,0
"2026-09-10","KZ-1904",0,0
"2026-09-10","ETTA L1996-9",0,0
"2026-09-10","MIRTHA",0,0
"2026-09-10","KZ-1920",0,0
"2026-09-10","MAR",0,0
"2026-09-10","WANDA",0,0
"2026-09-10","SELENA L2801-3",0,0
"2026-09-10","YULE",10,0
"2026-09-10","PARIS",0,0
"2026-09-10","CARMEN-II",27,0
"2026-09-10","LILA (LC222036)",0,0
"2026-09-10","SABI 23147-6",0,0
"2026-09-10","CHLOE  P1081-3",0,0
"2026-09-10","SOFIA-II",0,0
"2026-09-10","DAFNE  XIN-001",0,0
"2026-09-10","BEGONIA YQ7667-H08",0,0
"2026-09-10","JANE BF2412",0,0
"2026-09-10","LC-DH-33",0,0
"2026-09-10","CADIE P1090-1",0,0
"2026-09-10","MAREA",0,0
"2026-09-10","CAURA",0,0
"2026-09-10","MAITE",0,0
"2026-09-10","KZ-1914",0,0
"2026-09-10","OLAS",0,0
"2026-09-10","MIEL",49,0
"2026-09-10","MAYA",22,0
"2026-09-10","KZ-1932",0,0
"2026-09-10","YUDA P1080-15",0,0
"2026-09-10","MEDINA",0,0
"2026-09-10","LUPITA",0,0
"2026-09-10","KZ-1917",0,0
"2026-09-10","KARINA",0,0
"2026-09-10","LARA (LC311546)",0,0
"2026-09-10","KZ-1898",0,0
"2026-09-10","NARDO",0,0
"2026-09-10","JJW-3",0,0
"2026-09-10","AGUA",0,0
"2026-09-10","BAHIA",0,0
"2026-09-10","NIEBLA 4020-24",0,0
"2026-09-10","EVA",0,0
"2026-09-10","SOL",0,0
"2026-09-10","JJW-6",0,0
"2026-09-10","AZUCENA",0,0
"2026-09-10","8E0145-20",0,0
"2026-09-10","CHOC 22007-14",0,0
"2026-09-10","KZ-1936",0,0
"2026-09-10","Untitled Feb3_22:12",0,0
"2026-09-10","NIURKA",0,0
"2026-09-10","SARI WH-W03",0,0
"2026-09-10","GAIA",0,0
"2026-09-10","GEMA BN1925-K6",0,0
"2026-09-10","KZ-1938",0,0
"2026-09-10","CHOCO",0,0
"2026-09-10","MARGARET",27,0
"2026-09-10","IRENE",0,0
"2026-09-10","MALENA",0,0
"2026-09-10","EDNA BF2413",0,0
"2026-09-10","VIVIANA",0,0
"2026-09-10","C015-221019-7",0,0
"2026-09-10","YELA 23178-11",0,0
"2026-09-10","MARA BF2404",0,0
"2026-09-10","CORAL",0,0
"2026-09-10","EFFIE  XZ51-1",0,0
"2026-09-10","BETHANY",0,0
"2026-09-10","YULI 23148-11",0,0
"2026-09-10","ZARINA",0,0
"2026-09-10","PILAR",0,0
"2026-09-10","KZ-1924",0,0
"2026-09-10","GALENA P1094-4",0,0
"2026-09-10","REGINA",0,0
"2026-09-10","JOY",0,0
"2026-09-10","LAURA",1,0
"2026-09-10","KATIA  XIN-002",0,0
"2026-09-10","DUNA",0,0
"2026-09-10","JENNY",0,0
"2026-09-10","NATALIA",0,0
"2026-09-10","BECKY",32,0
"2026-09-10","YUKI",0,0
"2026-09-10","PATTY L1913-89",0,0
"2026-09-10","KZ-1915",0,0
"2026-09-10","DEMI ZS16-15",0,0
"2026-09-10","LALA WH-W06",37,0
"2026-09-10","VIDIA",27,0
"2026-09-10","CELIA P1086-5",0,0
"2026-09-10","TERRA",19,0
"2026-09-10","NOA",30,0
"2026-09-10","KZ-1916",0,0
"2026-09-10","SANDRA",0,0
"2026-09-10","DINIRA",0,0
"2026-09-10","ELSA-II",0,0
"2026-09-10","LIENZO",25,0
"2026-09-10","IVY",0,0
"2026-09-10","LC-ST-19",0,0
"2026-09-10","PILIN",31,0
"2026-09-10","MIA (C109-240206-32)",0,0
"2026-09-10","KATALEYA  XIN-003",0,0
"2026-09-10","MARGARITA",0,0
"2026-09-10","YOLANDA",0,0
"2026-09-10","ALAIA-II",0,0
"2026-09-10","AVILA",0,0
"2026-09-10","LIRIO  WAN-005",0,0
"2026-09-10","KZ-1896",0,0
"2026-09-10","GLISS",17,0
"2026-09-10","MAYRA",0,0
"2026-09-10","DIANA 19269-24",0,0
"2026-09-10","GLEDYS",0,0
"2026-09-10","ELDA BF2409",0,0
"2026-09-10","AMANDA",0,0
"2026-09-10","KZ-1918",0,0
"2026-09-10","DYER",11,0
"2026-09-10","SALLY",0,0
"2026-09-10","KZ-1927",0,0
"2026-09-10","ROXANA",20,0
"2026-09-10","ISABEL",0,0
"2026-09-10","PAULA",0,0
"2026-09-10","MARITA",0,0
"2026-09-10","LESLIE L1920-21A",0,0
"2026-09-10","MOLLY 20124-43",0,0
"2026-09-10","POLINA",28,0
"2026-09-10","P990-2",0,0
"2026-09-10","VEGA (LC-DH-43)",0,0
"2026-09-10","HERA",48,0
"2026-09-10","MIA-IV",21,0
"2026-09-10","KZ-1900",0,0
"2026-09-10","MOORE",0,0
"2026-09-10","KZ-1931",0,0
"2026-09-10","KZ-1933",14,0
"2026-09-10","ROSA (LC222011)",0,0
"2026-09-10","BLANCA 11134-K31",0,0
"2026-09-10","MILLIE",24,0
"2026-09-10","RISA",0,0
"2026-09-10","MILLY 23120-1",0,0
"2026-09-10","NACARID",29,0
"2026-09-10","JASMIN 8306-K7",0,0
"2026-09-10","LOAD",0,0
"2026-09-10","NUT",0,0
"2026-09-10","ZARA",26,0
"2026-09-10","ARIA P1080-5",0,0
"2026-09-10","MIN",0,0
"2026-09-10","CLARION",25,0
"2026-09-10","JJW-7",0,0
"2026-09-10","DANIELA",0,0
"2026-09-10","LUCY",0,0
"2026-09-10","TERESA",0,0
"2026-09-10","SADIE",21,0
"2026-09-10","LEILANI YQ7542-H34B",0,0
"2026-09-10","MACUTO",0,0
"2026-09-10","TIFFANY",0,0
"2026-09-10","SCARLET",0,0
"2026-09-10","7979-K28",0,0
"2026-09-10","CLAVEL",0,0
"2026-09-10","GLORIA",0,0
"2026-09-10","ORQUIDEA",0,0
"2026-09-10","LYNN",0,0
"2026-09-10","MIRAC P1061-9",0,0
"2026-09-10","EMMA (C082-230803-10)",0,0
"2026-09-10","VERO RM-14",0,0
"2026-09-10","VEGA-II",0,0
"2026-09-10","IVETTE",0,0
"2026-09-10","NOHELY",0,0
"2026-09-10","8E0075-7",0,0
"2026-09-10","KZ-1926",0,0
"2026-09-10","NIEVES 11134-K37",0,0
"2026-09-10","FLORA YQ7581-H86",0,0
"2026-09-10","ACACIA YQ7581-H68",0,0
"2026-09-10","MIA-III",0,0
"2026-09-10","CIRA RMC13",0,0
"2026-09-10","IVES",20,0
"2026-09-11","AVA  P1094-2",0,0
"2026-09-11","HEART  WAN-0010",0,0
"2026-09-11","11134-K3",0,0
"2026-09-11","IVY",0,0
"2026-09-11","CARIDAD",0,0
"2026-09-11","MARTHA",0,0
"2026-09-11","PEGGY BF2408",0,0
"2026-09-11","JJW-6",0,0
"2026-09-11","AZUCENA",0,0
"2026-09-11","NUT",0,0
"2026-09-11","MOHANA 8302-K40",0,0
"2026-09-11","MABEL",0,0
"2026-09-11","NURIS WH-W01",0,0
"2026-09-11","LYRIA",0,0
"2026-09-11","GALA",28,0
"2026-09-11","TANIA",0,0
"2026-09-11","CAROL BF2402",0,0
"2026-09-11","STELLA L1870-40",0,0
"2026-09-11","NIRAJ 1D8033-W44",0,0
"2026-09-11","JJW-3",0,0
"2026-09-11","BAHIA",0,0
"2026-09-11","AGUA",0,0
"2026-09-11","KZ-1917",0,0
"2026-09-11","KARINA",0,0
"2026-09-11","ELBA RM-15",0,0
"2026-09-11","ORCHILA",0,0
"2026-09-11","AMI",0,0
"2026-09-11","YUKI",0,0
"2026-09-11","TABEI",0,0
"2026-09-11","KZ-1896",0,0
"2026-09-11","AVILA",0,0
"2026-09-11","GLISS",17,0
"2026-09-11","YOLANDA",0,0
"2026-09-11","ALAIA-II",0,0
"2026-09-11","YELA 23178-11",0,0
"2026-09-11","PARAISO-II",0,0
"2026-09-11","KIARA",0,0
"2026-09-11","WANDA",0,0
"2026-09-11","NIURKA",0,0
"2026-09-11","LC-ST-19",0,0
"2026-09-11","ELSA (C109-240206-1)",0,0
"2026-09-11","CHORONI",0,0
"2026-09-11","ORQUIDEA-II",18,0
"2026-09-11","RAQUEL",0,0
"2026-09-11","MILLY 23120-1",0,0
"2026-09-11","RISA",0,0
"2026-09-11","DETTE 23046-35",0,0
"2026-09-11","MILLIE",23,0
"2026-09-11","AMAPOLA",0,0
"2026-09-11","HADA BF2407",0,0
"2026-09-11","KZ-1929",0,0
"2026-09-11","INES",0,0
"2026-09-11","JJW-1",0,0
"2026-09-11","P1061-7",0,0
"2026-09-11","BYl111-K2",0,0
"2026-09-11","FILCH 23198-7",0,0
"2026-09-11","CG 190228-2",0,0
"2026-09-11","MARBE BF2403",0,0
"2026-09-11","ASHLEY L1895-36",0,0
"2026-09-11","MIMI",0,0
"2026-09-11","ISLA",28,0
"2026-09-11","TYLER",0,0
"2026-09-11","KRISS",0,0
"2026-09-11","NATALIA",0,0
"2026-09-11","BECKY",32,0
"2026-09-11","KATIA  XIN-002",0,0
"2026-09-11","DUNA",0,0
"2026-09-11","JENNY",0,0
"2026-09-11","EMMA (C082-230803-10)",0,0
"2026-09-11","KERLY",0,0
"2026-09-11","KZ-1924",0,0
"2026-09-11","KZ-1918",0,0
"2026-09-11","DYER",33,0
"2026-09-11","SONYA",0,0
"2026-09-11","KZ-1919",0,0
"2026-09-11","BRENDA",0,0
"2026-09-11","MAYRA",0,0
"2026-09-11","NOHELY",0,0
"2026-09-11","IVETTE",0,0
"2026-09-11","C015-221019-7",0,0
"2026-09-11","VEGA-II",0,0
"2026-09-11","SARI WH-W03",0,0
"2026-09-11","GAIA",0,0
"2026-09-11","MONIC RM-11",0,0
"2026-09-11","CAYENA",0,0
"2026-09-11","ELEIDY",0,0
"2026-09-11","FABIOLA",0,0
"2026-09-11","MADELYN",30,0
"2026-09-11","PRIAH",25,0
"2026-09-11","C015-220520-3",0,0
"2026-09-11","KZ-1935",0,0
"2026-09-11","CANAIMA",0,0
"2026-09-11","BLANCA 11134-K31",0,0
"2026-09-11","GATEN",0,0
"2026-09-11","TULIPAN",18,0
"2026-09-11","ROSA (LC222011)",0,0
"2026-09-11","KLARA  23247-4",0,0
"2026-09-11","NARDO",0,0
"2026-09-11","KZ-1898",0,0
"2026-09-11","NACARID",28,0
"2026-09-11","LOAD",0,0
"2026-09-11","ODA",0,0
"2026-09-11","LARA (LC311546)",0,0
"2026-09-11","LALY WH-W08",0,0
"2026-09-11","SARI",0,0
"2026-09-11","KZ-1899",18,0
"2026-09-11","BRISA",25,0
"2026-09-11","KORA  XIN-005",0,0
"2026-09-11","KZ-1932",0,0
"2026-09-11","MAYA",22,0
"2026-09-11","DINIRA",0,0
"2026-09-11","KZ-1916",0,0
"2026-09-11","SANDRA",0,0
"2026-09-11","FATIMA",0,0
"2026-09-11","NURY",20,0
"2026-09-11","AMANDA",0,0
"2026-09-11","ELDA BF2409",0,0
"2026-09-11","PARIS",0,0
"2026-09-11","YULE",10,0
"2026-09-11","AURA BF2406",0,0
"2026-09-11","LILA (LC222036)",0,0
"2026-09-11","SABI 23147-6",0,0
"2026-09-11","MIRIAM",0,0
"2026-09-11","DAFNE  XIN-001",0,0
"2026-09-11","MAR",0,0
"2026-09-11","BEGONIA YQ7667-H08",0,0
"2026-09-11","CHLOE  P1081-3",0,0
"2026-09-11","SUSANA",0,0
"2026-09-11","ALAIA (C082-20231027-23)",0,0
"2026-09-11","P448-91",0,0
"2026-09-11","DAYANA",0,0
"2026-09-11","CLAVEL",0,0
"2026-09-11","GLORIA",0,0
"2026-09-11","ETTA L1996-9",0,0
"2026-09-11","MERIDA 8302-K96",0,0
"2026-09-11","PILIN",31,0
"2026-09-11","BALMAT",0,0
"2026-09-11","NARCISO  WAN-008",0,0
"2026-09-11","CLARION",25,0
"2026-09-11","MIN",0,0
"2026-09-11","NIEBLA 4020-24",0,0
"2026-09-11","LUNA WH-W11",0,0
"2026-09-11","TINA",0,0
"2026-09-11","KZ-1910",0,0
"2026-09-11","MIA-II",0,0
"2026-09-11","ALMA-II",0,0
"2026-09-11","KASSIA",0,0
"2026-09-11","ASTER 1D8055-W28",0,0
"2026-09-11","MEDINA",0,0
"2026-09-11","HEIDY 21219-8",0,0
"2026-09-11","ZULAY",26,0
"2026-09-11","MIA-V",17,0
"2026-09-11","MAITE",0,0
"2026-09-11","CAURA",0,0
"2026-09-11","KZ-1914",0,0
"2026-09-11","KZ-1930",0,0
"2026-09-11","TILA WH-W04",0,0
"2026-09-11","8E0072-26",0,0
"2026-09-11","MIA-2 (C109-240205-2)",0,0
"2026-09-11","OLAS",0,0
"2026-09-11","TATIANA",0,0
"2026-09-11","INDIGO 1D8055-W33",0,0
"2026-09-11","NELLY",0,0
"2026-09-11","ANARE",0,0
"2026-09-11","ACACIA YQ7581-H68",0,0
"2026-09-11","YULIKA",0,0
"2026-09-11","MARITA",0,0
"2026-09-11","BETHANY",0,0
"2026-09-11","POLINA",27,0
"2026-09-11","DINA BF2411",0,0
"2026-09-11","MORAN",28,0
"2026-09-11","CADIE P1090-1",0,0
"2026-09-11","DIANA 19269-24",0,0
"2026-09-11","JERZY",0,0
"2026-09-11","GIA",33,0
"2026-09-11","LIRIO  WAN-005",0,0
"2026-09-11","KZ-1920",0,0
"2026-09-11","DALILA",0,0
"2026-09-11","SALOME",38,0
"2026-09-11","AMAPOLA-II",6,0
"2026-09-11","KZ-1922",0,0
"2026-09-11","VENUS",33,0
"2026-09-11","Untitled Feb3_22:12",0,0
"2026-09-11","BELLA 8302-K51",0,0
"2026-09-11","LC-DH-39",0,0
"2026-09-11","MILENA",31,0
"2026-09-11","MELISSA 1D4265-W14",0,0
"2026-09-11","JJW-5",0,0
"2026-09-11","KELLY",0,0
"2026-09-11","MILKA",0,0
"2026-09-11","ZHENITH",24,0
"2026-09-11","SOL",0,0
"2026-09-11","EVA",0,0
"2026-09-11","JLP1025-5",0,0
"2026-09-11","KZ-1931",0,0
"2026-09-11","MOORE",0,0
"2026-09-11","P956-7",0,0
"2026-09-11","KZ-1925",0,0
"2026-09-11","KEELY",0,0
"2026-09-11","IVES",17,0
"2026-09-11","LIS (C082-240426-5)",0,0
"2026-09-11","CARISSA",19,0
"2026-09-11","FRESIA",16,0
"2026-09-11","REGINA",0,0
"2026-09-11","LAURA",1,0
"2026-09-11","LIBIA",0,0
"2026-09-11","GALENA P1094-4",0,0
"2026-09-11","JOY",0,0
"2026-09-11","MAGA BF2401",0,0
"2026-09-11","MOLLY 20124-43",0,0
"2026-09-11","LESLIE L1920-21A",0,0
"2026-09-11","ZURY WH-W013",0,0
"2026-09-11","P990-2",0,0
"2026-09-11","YULI 23148-11",0,0
"2026-09-11","CORAL",0,0
"2026-09-11","KZ-1897",0,0
"2026-09-11","LISETH L1982-70",0,0
"2026-09-11","NIKKI",0,0
"2026-09-11","PARAISO",0,0
"2026-09-11","GLEDYS",0,0
"2026-09-11","EILEEN P1078-12",0,0
"2026-09-11","KZ-1902",12,0
"2026-09-11","8E0075-7",0,0
"2026-09-11","KZ-1926",0,0
"2026-09-11","SCARLET",0,0
"2026-09-11","ELENA L1992-28",0,0
"2026-09-11","SOFIA",0,0
"2026-09-11","MONICA",0,0
"2026-09-11","ELSA-II",0,0
"2026-09-11","CHOC 22007-14",0,0
"2026-09-11","LOTUS 1138265-W54",0,0
"2026-09-11","CORAIMA",0,0
"2026-09-11","MOCHIMA",0,0
"2026-09-11","ARIA P1080-5",0,0
"2026-09-11","ZARA",26,0
"2026-09-11","VANESSA",0,0
"2026-09-11","LOLA-II",0,0
"2026-09-11","ESPIREA  WAN-004",0,0
"2026-09-11","LUPITA",0,0
"2026-09-11","TERRA",19,0
"2026-09-11","VIDIA",27,0
"2026-09-11","LALA WH-W06",37,0
"2026-09-11","DEMI ZS16-15",0,0
"2026-09-11","CATA",0,0
"2026-09-11","FLAVIA",0,0
"2026-09-11","MIA-IV",22,0
"2026-09-11","KZ-1900",0,0
"2026-09-11","HERA",48,0
"2026-09-11","PAULA",0,0
"2026-09-11","FRESNO(AT-014)",0,0
"2026-09-11","KZ-1905",0,0
"2026-09-11","TIFFANY",0,0
"2026-09-11","KZ-1904",0,0
"2026-09-11","MIRTHA",0,0
"2026-09-11","KZ-1923",0,0
"2026-09-11","KAMI BF2410",0,0
"2026-09-11","KATALEYA  XIN-003",0,0
"2026-09-11","MULAN 8306-K19",0,0
"2026-09-11","JJW-8",0,0
"2026-09-11","NORKYS",0,0
"2026-09-11","KZ-1893",0,0
"2026-09-11","LIS-II",0,0
"2026-09-11","ASTRID",0,0
"2026-09-11","CLARA P1067-7",0,0
"2026-09-11","YURI WH-W02",0,0
"2026-09-11","CRISBEL",0,0
"2026-09-11","KZ-1913",0,0
"2026-09-11","CLAUDIA",0,0
"2026-09-11","GARDENIA YQ7510-H34",0,0
"2026-09-11","KZ-1937",13,0
"2026-09-11","JJW-7",0,0
"2026-09-11","DANIELA",0,0
"2026-09-11","EVAM 21142-7",0,0
"2026-09-11","ELLA",0,0
"2026-09-11","LIENZO",25,0
"2026-09-11","8E0145-20",0,0
"2026-09-11","KZ-1936",0,0
"2026-09-11","AURIS RM-13",0,0
"2026-09-11","NEKO RM-12",0,0
"2026-09-11","RUDDY",0,0
"2026-09-11","BRICE L1913-52",0,0
"2026-09-11","CARLA (C015-231009-6)",0,0
"2026-09-11","IVONNE",0,0
"2026-09-11","TOÑA RMC9",26,0
"2026-09-11","DIVA",0,0
"2026-09-11","KZ-1934",0,0
"2026-09-11","NOA",30,0
"2026-09-11","KZ-1933",14,0
"2026-09-11","JASMIN 8306-K7",0,0
"2026-09-11","ARENA",0,0
"2026-09-11","LEA BF2405",0,0
"2026-09-11","AURORA 8302-K3",0,0
"2026-09-11","CELIA P1086-5",0,0
"2026-09-11","MIEL",49,0
"2026-09-11","KZ-1915",0,0
"2026-09-11","LC-DH-9",0,0
"2026-09-11","LILY 22006-7",0,0
"2026-09-11","DAYRA",0,0
"2026-09-11","KZ-1901",0,0
"2026-09-11","PILAR",0,0
"2026-09-11","ZARINA",0,0
"2026-09-11","EFFIE  XZ51-1",0,0
"2026-09-11","MIA (C109-240206-32)",0,0
"2026-09-11","HILDA",0,0
"2026-09-11","KZ-1921",0,0
"2026-09-11","SHANNON",0,0
"2026-09-11","CARMEN-II",27,0
"2026-09-11","DALILA-II",23,0
"2026-09-11","CAROLINA",0,0
"2026-09-11","C082-1",0,0
"2026-09-11","MORA BF2414",19,0
"2026-09-11","MARTA",0,0
"2026-09-11","MIRAC P1061-9",0,0
"2026-09-11","VERO RM-14",0,0
"2026-09-11","SELENA L2801-3",0,0
"2026-09-11","ORQUIDEA",0,0
"2026-09-11","LYNN",0,0
"2026-09-11","EDNA BF2413",0,0
"2026-09-11","ALMA (C082-230803-32)",0,0
"2026-09-11","VIVIANA",0,0
"2026-09-11","MALENA",0,0
"2026-09-11","MARGARITA",0,0
"2026-09-11","MALIA",0,0
"2026-09-11","DANA",0,0
"2026-09-11","GIRASOL",8,0
"2026-09-11","MORELA",0,0
"2026-09-11","ATENEA",8,0
"2026-09-11","KZ-1938",0,0
"2026-09-11","MARGARET",27,0
"2026-09-11","IRENE",0,0
"2026-09-11","LEILANI YQ7542-H34B",0,0
"2026-09-11","CHOCO",0,0
"2026-09-11","LELIS WH-W07",0,0
"2026-09-11","CALA  WAN-002",0,0
"2026-09-11","SHERYL",0,0
"2026-09-11","LOLA (LC311595)",0,0
"2026-09-11","FEDRA",0,0
"2026-09-11","8E0213-8",0,0
"2026-09-11","PAULA-II",0,0
"2026-09-11","KZ-1928",0,0
"2026-09-11","ELIS",0,0
"2026-09-11","YUDA P1080-15",0,0
"2026-09-11","MIYI RMC12",0,0
"2026-09-11","PATTY L1913-89",0,0
"2026-09-11","MIA-III",0,0
"2026-09-11","CIRA RMC13",0,0
"2026-09-11","MAREA",0,0
"2026-09-11","VEGA (LC-DH-43)",0,0
"2026-09-11","MARA BF2404",0,0
"2026-09-11","LC-DH-33",0,0
"2026-09-11","ALICIA  P1091-4",0,0
"2026-09-11","ROXANA",20,0
"2026-09-11",,0,0
"2026-09-11","SALLY",0,0
"2026-09-11","KZ-1927",0,0
"2026-09-11","ISABEL",0,0
"2026-09-11","NIEVES 11134-K37",0,0
"2026-09-11","FLORA YQ7581-H86",0,0
"2026-09-11","JANE BF2412",0,0
"2026-09-11","KETTE L1985A-6",0,0
"2026-09-11","SOFIA-II",0,0
"2026-09-11","7979-K28",0,0
"2026-09-11","ARIEL 8306-K15",0,0
"2026-09-11","DALIA YQ7516-F78",0,0
"2026-09-11","MACUTO",0,0
"2026-09-11","SADIE",19,0
"2026-09-11","DARA RM-09",0,0
"2026-09-11","TERESA",0,0
"2026-09-11","LUCY",0,0
"2026-09-11","GEMA BN1925-K6",0,0
"2026-09-11","KZ-1939",16,0
"2026-09-12","DEMI ZS16-15",0,0
"2026-09-12","ORCHILA",0,0
"2026-09-12","NUT",0,0
"2026-09-12","SARI",0,0
"2026-09-12","KZ-1899",18,0
"2026-09-12","BRISA",25,0
"2026-09-12","LUPITA",0,0
"2026-09-12","AURORA 8302-K3",0,0
"2026-09-12","IVY",0,0
"2026-09-12","TERRA",18,0
"2026-09-12","LALA WH-W06",37,0
"2026-09-12","VIDIA",27,0
"2026-09-12","KLARA  23247-4",0,0
"2026-09-12","INES",0,0
"2026-09-12","MOORE",0,0
"2026-09-12","ROSA (LC222011)",0,0
"2026-09-12","KZ-1931",0,0
"2026-09-12","BLANCA 11134-K31",0,0
"2026-09-12","OLAS",0,0
"2026-09-12","C015-220520-3",0,0
"2026-09-12","ELLA",0,0
"2026-09-12","NIEBLA 4020-24",0,0
"2026-09-12","NURIS WH-W01",0,0
"2026-09-12","CLARION",25,0
"2026-09-12","11134-K3",0,0
"2026-09-12","ARIA P1080-5",0,0
"2026-09-12","RAQUEL",0,0
"2026-09-12","CLAVEL",0,0
"2026-09-12","GLORIA",0,0
"2026-09-12","MORELA",0,0
"2026-09-12","KETTE L1985A-6",0,0
"2026-09-12","ATENEA",8,0
"2026-09-12","GAIA",0,0
"2026-09-12","SARI WH-W03",0,0
"2026-09-12","CADIE P1090-1",0,0
"2026-09-12","CATA",0,0
"2026-09-12","FLAVIA",0,0
"2026-09-12","KZ-1900",0,0
"2026-09-12","MIA-IV",21,0
"2026-09-12","FRESNO(AT-014)",0,0
"2026-09-12","HERA",47,0
"2026-09-12","KZ-1902",12,0
"2026-09-12","JERZY",0,0
"2026-09-12","RISA",0,0
"2026-09-12","MILLIE",23,0
"2026-09-12","KZ-1917",0,0
"2026-09-12","KARINA",0,0
"2026-09-12","AMAPOLA",0,0
"2026-09-12","DINIRA",0,0
"2026-09-12","SANDRA",0,0
"2026-09-12","KZ-1916",0,0
"2026-09-12","YUKI",0,0
"2026-09-12","LC-ST-19",0,0
"2026-09-12","ORQUIDEA-II",17,0
"2026-09-12","CHORONI",0,0
"2026-09-12","ELSA-II",0,0
"2026-09-12","LIENZO",24,0
"2026-09-12","GARDENIA YQ7510-H34",0,0
"2026-09-12","TOÑA RMC9",26,0
"2026-09-12","LUNA WH-W11",0,0
"2026-09-12","TINA",0,0
"2026-09-12","JJW-5",0,0
"2026-09-12","CALA  WAN-002",0,0
"2026-09-12","LELIS WH-W07",0,0
"2026-09-12","RUDDY",0,0
"2026-09-12","CLARA P1067-7",0,0
"2026-09-12","NEKO RM-12",0,0
"2026-09-12","CORAIMA",0,0
"2026-09-12","MOCHIMA",0,0
"2026-09-12","MABEL",0,0
"2026-09-12","CHOC 22007-14",0,0
"2026-09-12","HEART  WAN-0010",0,0
"2026-09-12","ZARA",26,0
"2026-09-12","LOLA-II",0,0
"2026-09-12","VANESSA",0,0
"2026-09-12","AURA BF2406",0,0
"2026-09-12","KZ-1893",0,0
"2026-09-12","CAYENA",0,0
"2026-09-12","DALIA YQ7516-F78",0,0
"2026-09-12","ARIEL 8306-K15",0,0
"2026-09-12","PILIN",31,0
"2026-09-12","MIRAC P1061-9",0,0
"2026-09-12","FRESIA",16,0
"2026-09-12","P990-2",0,0
"2026-09-12","ROXANA",17,0
"2026-09-12","ISABEL",0,0
"2026-09-12","KZ-1927",0,0
"2026-09-12","SALLY",0,0
"2026-09-12","PARAISO-II",0,0
"2026-09-12","MOLLY 20124-43",0,0
"2026-09-12","LESLIE L1920-21A",0,0
"2026-09-12","VEGA (LC-DH-43)",0,0
"2026-09-12","BRENDA",0,0
"2026-09-12","KZ-1919",0,0
"2026-09-12","SONYA",0,0
"2026-09-12","LEA BF2405",0,0
"2026-09-12","ARENA",0,0
"2026-09-12","JLP1025-5",0,0
"2026-09-12","MEDINA",0,0
"2026-09-12","MIEL",49,0
"2026-09-12","DANIELA",0,0
"2026-09-12","JJW-7",0,0
"2026-09-12","NIRAJ 1D8033-W44",0,0
"2026-09-12","CAROL BF2402",0,0
"2026-09-12","STELLA L1870-40",0,0
"2026-09-12","CLAUDIA",0,0
"2026-09-12","KZ-1913",0,0
"2026-09-12","MIA (C109-240206-32)",0,0
"2026-09-12","CRISBEL",0,0
"2026-09-12","YURI WH-W02",0,0
"2026-09-12","BRICE L1913-52",0,0
"2026-09-12","8E0145-20",0,0
"2026-09-12","KZ-1936",0,0
"2026-09-12","MARTHA",0,0
"2026-09-12","CARIDAD",0,0
"2026-09-12","MILENA",31,0
"2026-09-12","LC-DH-39",0,0
"2026-09-12","PEGGY BF2408",0,0
"2026-09-12","7979-K28",0,0
"2026-09-12","KZ-1939",16,0
"2026-09-12","LUCY",0,0
"2026-09-12","TERESA",0,0
"2026-09-12","LAURA",0,0
"2026-09-12","REGINA",0,0
"2026-09-12","ALICIA  P1091-4",0,0
"2026-09-12","KERLY",0,0
"2026-09-12","DAYRA",0,0
"2026-09-12","KZ-1901",0,0
"2026-09-12","KEELY",0,0
"2026-09-12","KZ-1925",0,0
"2026-09-12","DIANA 19269-24",0,0
"2026-09-12","TABEI",0,0
"2026-09-12","AMANDA",0,0
"2026-09-12","MAYRA",0,0
"2026-09-12","GLEDYS",0,0
"2026-09-12","ALAIA-II",0,0
"2026-09-12","AVILA",0,0
"2026-09-12","GLISS",16,0
"2026-09-12","ACACIA YQ7581-H68",0,0
"2026-09-12","KZ-1896",0,0
"2026-09-12","YOLANDA",0,0
"2026-09-12","ELBA RM-15",0,0
"2026-09-12","ELIS",0,0
"2026-09-12","MIYI RMC12",0,0
"2026-09-12","ASTER 1D8055-W28",0,0
"2026-09-12","ALMA (C082-230803-32)",0,0
"2026-09-12","MONICA",0,0
"2026-09-12","PRIAH",26,0
"2026-09-12","JJW-6",0,0
"2026-09-12","AZUCENA",0,0
"2026-09-12","PAULA-II",0,0
"2026-09-12","KZ-1910",0,0
"2026-09-12","LOLA (LC311595)",0,0
"2026-09-12","KZ-1934",0,0
"2026-09-12","DIVA",0,0
"2026-09-12","CARMEN-II",27,0
"2026-09-12","MALENA",0,0
"2026-09-12","EDNA BF2413",0,0
"2026-09-12","VIVIANA",0,0
"2026-09-12","GEMA BN1925-K6",0,0
"2026-09-12","MARGARITA",0,0
"2026-09-12","Untitled Feb3_22:12",0,0
"2026-09-12","SCARLET",0,0
"2026-09-12","NORKYS",0,0
"2026-09-12","JJW-8",0,0
"2026-09-12","ETTA L1996-9",0,0
"2026-09-12","AMAPOLA-II",5,0
"2026-09-12","VENUS",32,0
"2026-09-12","SALOME",38,0
"2026-09-12","KZ-1922",0,0
"2026-09-12","ZARINA",0,0
"2026-09-12","PILAR",0,0
"2026-09-12","PAULA",0,0
"2026-09-12","ZURY WH-W013",0,0
"2026-09-12","HILDA",0,0
"2026-09-12","GALENA P1094-4",0,0
"2026-09-12","LOAD",0,0
"2026-09-12","NACARID",28,0
"2026-09-12","KATIA  XIN-002",0,0
"2026-09-12","JASMIN 8306-K7",0,0
"2026-09-12","MILLY 23120-1",0,0
"2026-09-12","KZ-1915",0,0
"2026-09-12","NURY",20,0
"2026-09-12","FATIMA",0,0
"2026-09-12","CAURA",0,0
"2026-09-12","KZ-1914",0,0
"2026-09-12","MAITE",0,0
"2026-09-12","AMI",0,0
"2026-09-12","FEDRA",0,0
"2026-09-12","MADELYN",30,0
"2026-09-12","LEILANI YQ7542-H34B",0,0
"2026-09-12","SUSANA",0,0
"2026-09-12","P448-91",0,0
"2026-09-12","MIRIAM",0,0
"2026-09-12","MULAN 8306-K19",0,0
"2026-09-12","KZ-1905",0,0
"2026-09-12","KZ-1921",0,0
"2026-09-12","GIA",33,0
"2026-09-12","NOHELY",0,0
"2026-09-12","VEGA-II",0,0
"2026-09-12","IVETTE",0,0
"2026-09-12","KATALEYA  XIN-003",0,0
"2026-09-12","YULE",10,0
"2026-09-12","PARIS",0,0
"2026-09-12","ORQUIDEA",0,0
"2026-09-12","LYNN",0,0
"2026-09-12","MARTA",0,0
"2026-09-12","C082-1",0,0
"2026-09-12","MORA BF2414",19,0
"2026-09-12","TIFFANY",0,0
"2026-09-12","DAYANA",0,0
"2026-09-12","ELENA L1992-28",0,0
"2026-09-12","KZ-1938",0,0
"2026-09-12","IRENE",0,0
"2026-09-12","MARGARET",27,0
"2026-09-12","CHOCO",0,0
"2026-09-12","LIS-II",0,0
"2026-09-12","ASTRID",0,0
"2026-09-12","BALMAT",0,0
"2026-09-12","NIURKA",0,0
"2026-09-12","NELLY",0,0
"2026-09-12","TATIANA",0,0
"2026-09-12","POLINA",27,0
"2026-09-12","LISETH L1982-70",0,0
"2026-09-12","YULI 23148-11",0,0
"2026-09-12","KZ-1926",0,0
"2026-09-12","8E0075-7",0,0
"2026-09-12",,0,0
"2026-09-12","KZ-1928",0,0
"2026-09-12","KASSIA",0,0
"2026-09-12","EVA",0,0
"2026-09-12","SOL",0,0
"2026-09-12","ALMA-II",0,0
"2026-09-12","MIA-II",0,0
"2026-09-12","HADA BF2407",0,0
"2026-09-12","KZ-1932",0,0
"2026-09-12","MAYA",22,0
"2026-09-12","DETTE 23046-35",0,0
"2026-09-12","MIMI",0,0
"2026-09-12","CG 190228-2",0,0
"2026-09-12","MIA-V",17,0
"2026-09-12","ALAIA (C082-20231027-23)",0,0
"2026-09-12","ZULAY",27,0
"2026-09-12","TYLER",0,0
"2026-09-12","KRISS",0,0
"2026-09-12","ISLA",28,0
"2026-09-12","NATALIA",0,0
"2026-09-12","BECKY",32,0
"2026-09-12","YUDA P1080-15",0,0
"2026-09-12","DUNA",0,0
"2026-09-12","JENNY",0,0
"2026-09-12","IVONNE",0,0
"2026-09-12","BELLA 8302-K51",0,0
"2026-09-12","TANIA",0,0
"2026-09-12","EMMA (C082-230803-10)",0,0
"2026-09-12","LYRIA",0,0
"2026-09-12","GALA",28,0
"2026-09-12","NARCISO  WAN-008",0,0
"2026-09-12","AVA  P1094-2",0,0
"2026-09-12","AURIS RM-13",0,0
"2026-09-12","KIARA",0,0
"2026-09-12","MERIDA 8302-K96",0,0
"2026-09-12","KZ-1904",0,0
"2026-09-12","MIRTHA",0,0
"2026-09-12","WANDA",0,0
"2026-09-12","IVES",28,0
"2026-09-12","CARLA (C015-231009-6)",0,0
"2026-09-12","LIRIO  WAN-005",0,0
"2026-09-12","EILEEN P1078-12",0,0
"2026-09-12","MORAN",27,0
"2026-09-12","DINA BF2411",0,0
"2026-09-12","KZ-1897",0,0
"2026-09-12","LILY 22006-7",0,0
"2026-09-12","KZ-1918",0,0
"2026-09-12","DYER",31,0
"2026-09-12","NIKKI",0,0
"2026-09-12","PARAISO",0,0
"2026-09-12","NARDO",0,0
"2026-09-12","KZ-1898",0,0
"2026-09-12","TULIPAN",18,0
"2026-09-12","GATEN",0,0
"2026-09-12","BAHIA",0,0
"2026-09-12","AGUA",0,0
"2026-09-12","CELIA P1086-5",0,0
"2026-09-12","JJW-3",0,0
"2026-09-12","KZ-1929",0,0
"2026-09-12","PATTY L1913-89",0,0
"2026-09-12","LALY WH-W08",0,0
"2026-09-12","ESPIREA  WAN-004",0,0
"2026-09-12","MIN",0,0
"2026-09-12","LARA (LC311546)",0,0
"2026-09-12","JJW-1",0,0
"2026-09-12","P1061-7",0,0
"2026-09-12","BYl111-K2",0,0
"2026-09-12","SHERYL",0,0
"2026-09-12","MELISSA 1D4265-W14",0,0
"2026-09-12","MOHANA 8302-K40",0,0
"2026-09-12","FABIOLA",0,0
"2026-09-12","ELEIDY",0,0
"2026-09-12","KZ-1935",0,0
"2026-09-12","KELLY",0,0
"2026-09-12","MILKA",0,0
"2026-09-12","EVAM 21142-7",0,0
"2026-09-12","LOTUS 1138265-W54",0,0
"2026-09-12","8E0213-8",0,0
"2026-09-12","SHANNON",0,0
"2026-09-12","MIA-2 (C109-240205-2)",0,0
"2026-09-12","KZ-1920",0,0
"2026-09-12","MALIA",0,0
"2026-09-12","CARISSA",19,0
"2026-09-12","LC-DH-9",0,0
"2026-09-12","CIRA RMC13",0,0
"2026-09-12","MIA-III",0,0
"2026-09-12","MAGA BF2401",0,0
"2026-09-12","YELA 23178-11",0,0
"2026-09-12","KZ-1924",0,0
"2026-09-12","FLORA YQ7581-H86",0,0
"2026-09-12","NIEVES 11134-K37",0,0
"2026-09-12","LIBIA",0,0
"2026-09-12","ANARE",0,0
"2026-09-12","YULIKA",0,0
"2026-09-12","MARITA",0,0
"2026-09-12","LIS (C082-240426-5)",0,0
"2026-09-12","LC-DH-33",0,0
"2026-09-12","ELSA (C109-240206-1)",0,0
"2026-09-12","CORAL",0,0
"2026-09-12","ASHLEY L1895-36",0,0
"2026-09-12","FILCH 23198-7",0,0
"2026-09-12","MARBE BF2403",0,0
"2026-09-12","KZ-1933",14,0
"2026-09-12","KORA  XIN-005",0,0
"2026-09-12","P956-7",0,0
"2026-09-12","8E0072-26",0,0
"2026-09-12","HEIDY 21219-8",0,0
"2026-09-12","KZ-1930",0,0
"2026-09-12","TILA WH-W04",0,0
"2026-09-12","KZ-1937",13,0
"2026-09-12","SOFIA",0,0
"2026-09-12","ZHENITH",23,0
"2026-09-12","NOA",29,0
"2026-09-12","CANAIMA",0,0
"2026-09-12","ODA",0,0
"2026-09-12","CAROLINA",0,0
"2026-09-12","DALILA-II",23,0
"2026-09-12","SOFIA-II",0,0
"2026-09-12","JANE BF2412",0,0
"2026-09-12","VERO RM-14",0,0
"2026-09-12","DARA RM-09",0,0
"2026-09-12","SABI 23147-6",0,0
"2026-09-12","DANA",0,0
"2026-09-12","LILA (LC222036)",0,0
"2026-09-12","GIRASOL",7,0
"2026-09-12","DAFNE  XIN-001",0,0
"2026-09-12","BEGONIA YQ7667-H08",0,0
"2026-09-12","CHLOE  P1081-3",0,0
"2026-09-12","KZ-1923",0,0
"2026-09-12","KAMI BF2410",0,0
"2026-09-12","DALILA",0,0
"2026-09-12","SADIE",19,0
"2026-09-12","JOY",0,0
"2026-09-12","C015-221019-7",0,0
"2026-09-12","MACUTO",0,0
"2026-09-12","MONIC RM-11",0,0
"2026-09-12","SELENA L2801-3",0,0
"2026-09-12","MAREA",0,0
"2026-09-12","BETHANY",0,0
"2026-09-12","MARA BF2404",0,0
"2026-09-12","INDIGO 1D8055-W33",0,0
"2026-09-12","ELDA BF2409",0,0
"2026-09-12","EFFIE  XZ51-1",0,0
"2026-09-12","MAR",0,0
"2026-09-13","TINA",0,0
"2026-09-13","LUNA WH-W11",0,0
"2026-09-13","MABEL",0,0
"2026-09-13","ALMA (C082-230803-32)",0,0
"2026-09-13","ODA",0,0
"2026-09-13","LELIS WH-W07",0,0
"2026-09-13","CALA  WAN-002",0,0
"2026-09-13","IVONNE",0,0
"2026-09-13","CARIDAD",0,0
"2026-09-13","MARTHA",0,0
"2026-09-13","KZ-1936",0,0
"2026-09-13","8E0145-20",0,0
"2026-09-13",,0,0
"2026-09-13","MOHANA 8302-K40",0,0
"2026-09-13","MONICA",0,0
"2026-09-13","KRISS",0,0
"2026-09-13","TYLER",0,0
"2026-09-13","ISLA",28,0
"2026-09-13","AMAPOLA",0,0
"2026-09-13","DEMI ZS16-15",0,0
"2026-09-13","P990-2",0,0
"2026-09-13","CARISSA",19,0
"2026-09-13","CATA",0,0
"2026-09-13","FLAVIA",0,0
"2026-09-13","NIURKA",0,0
"2026-09-13","SARI WH-W03",0,0
"2026-09-13","GAIA",0,0
"2026-09-13","MARGARET",27,0
"2026-09-13","CHOCO",0,0
"2026-09-13","IRENE",0,0
"2026-09-13","C015-221019-7",0,0
"2026-09-13","AURA BF2406",0,0
"2026-09-13","8E0213-8",0,0
"2026-09-13","RAQUEL",0,0
"2026-09-13","EVAM 21142-7",0,0
"2026-09-13","AURIS RM-13",0,0
"2026-09-13","CHORONI",0,0
"2026-09-13","ORQUIDEA-II",13,0
"2026-09-13","YUKI",0,0
"2026-09-13","EMMA (C082-230803-10)",0,0
"2026-09-13","AURORA 8302-K3",0,0
"2026-09-13","MIEL",49,0
"2026-09-13","ESPIREA  WAN-004",0,0
"2026-09-13","KZ-1915",0,0
"2026-09-13","MIYI RMC12",0,0
"2026-09-13","ELIS",0,0
"2026-09-13","ORCHILA",0,0
"2026-09-13","JLP1025-5",0,0
"2026-09-13","EVA",0,0
"2026-09-13","KATIA  XIN-002",0,0
"2026-09-13","SOL",0,0
"2026-09-13","MEDINA",0,0
"2026-09-13","KZ-1899",18,0
"2026-09-13","BRISA",24,0
"2026-09-13","SARI",0,0
"2026-09-13","AGUA",0,0
"2026-09-13","BAHIA",0,0
"2026-09-13","JJW-3",0,0
"2026-09-13","KZ-1933",14,0
"2026-09-13","KARINA",0,0
"2026-09-13","KZ-1917",0,0
"2026-09-13","ASHLEY L1895-36",0,0
"2026-09-13","NARDO",0,0
"2026-09-13","KZ-1898",0,0
"2026-09-13","MARBE BF2403",0,0
"2026-09-13","FILCH 23198-7",0,0
"2026-09-13","JERZY",0,0
"2026-09-13","DYER",31,0
"2026-09-13","KZ-1918",0,0
"2026-09-13","KZ-1924",0,0
"2026-09-13","KZ-1925",0,0
"2026-09-13","KEELY",0,0
"2026-09-13","LC-DH-9",0,0
"2026-09-13","MIA-2 (C109-240205-2)",0,0
"2026-09-13","MIRAC P1061-9",0,0
"2026-09-13","MONIC RM-11",0,0
"2026-09-13","BEGONIA YQ7667-H08",0,0
"2026-09-13","MORELA",0,0
"2026-09-13","CHLOE  P1081-3",0,0
"2026-09-13","ATENEA",8,0
"2026-09-13","DAFNE  XIN-001",0,0
"2026-09-13","LYNN",0,0
"2026-09-13","ORQUIDEA",0,0
"2026-09-13","KIARA",0,0
"2026-09-13","NOHELY",0,0
"2026-09-13","LEILANI YQ7542-H34B",0,0
"2026-09-13","IVETTE",0,0
"2026-09-13","VEGA-II",0,0
"2026-09-13","SUSANA",0,0
"2026-09-13","MIRIAM",0,0
"2026-09-13","P448-91",0,0
"2026-09-13","BELLA 8302-K51",0,0
"2026-09-13","JJW-5",0,0
"2026-09-13","GARDENIA YQ7510-H34",0,0
"2026-09-13","MOCHIMA",0,0
"2026-09-13","CORAIMA",0,0
"2026-09-13","ELSA-II",0,0
"2026-09-13","AMI",0,0
"2026-09-13","DANIELA",0,0
"2026-09-13","JJW-7",0,0
"2026-09-13","KORA  XIN-005",0,0
"2026-09-13","DUNA",0,0
"2026-09-13","JENNY",0,0
"2026-09-13","ASTER 1D8055-W28",0,0
"2026-09-13","TILA WH-W04",0,0
"2026-09-13","KZ-1930",0,0
"2026-09-13","8E0072-26",0,0
"2026-09-13","TERRA",18,0
"2026-09-13","VIDIA",27,0
"2026-09-13","LALA WH-W06",37,0
"2026-09-13","BLANCA 11134-K31",0,0
"2026-09-13","ROSA (LC222011)",0,0
"2026-09-13","MILLY 23120-1",0,0
"2026-09-13","BYl111-K2",0,0
"2026-09-13","LARA (LC311546)",0,0
"2026-09-13","P1061-7",0,0
"2026-09-13","JJW-1",0,0
"2026-09-13","ARENA",0,0
"2026-09-13","LEA BF2405",0,0
"2026-09-13","MAGA BF2401",0,0
"2026-09-13","IVES",28,0
"2026-09-13","ALICIA  P1091-4",0,0
"2026-09-13","MIA-III",0,0
"2026-09-13","CIRA RMC13",0,0
"2026-09-13","LIS-II",0,0
"2026-09-13","ASTRID",0,0
"2026-09-13","CAYENA",0,0
"2026-09-13","SABI 23147-6",0,0
"2026-09-13","JJW-8",0,0
"2026-09-13","LILA (LC222036)",0,0
"2026-09-13","NORKYS",0,0
"2026-09-13","DALILA",0,0
"2026-09-13","MARTA",0,0
"2026-09-13","C082-1",0,0
"2026-09-13","GEMA BN1925-K6",0,0
"2026-09-13","MORA BF2414",19,0
"2026-09-13","SHANNON",0,0
"2026-09-13","CARMEN-II",27,0
"2026-09-13","KZ-1921",0,0
"2026-09-13","CHOC 22007-14",0,0
"2026-09-13","ZHENITH",23,0
"2026-09-13","NOA",29,0
"2026-09-13","11134-K3",0,0
"2026-09-13","CAROL BF2402",0,0
"2026-09-13","STELLA L1870-40",0,0
"2026-09-13","OLAS",0,0
"2026-09-13","KLARA  23247-4",0,0
"2026-09-13","CG 190228-2",0,0
"2026-09-13","MIMI",0,0
"2026-09-13","JASMIN 8306-K7",0,0
"2026-09-13","LUPITA",0,0
"2026-09-13","KZ-1932",0,0
"2026-09-13","MAYA",22,0
"2026-09-13","KZ-1928",0,0
"2026-09-13","NACARID",28,0
"2026-09-13","LOAD",0,0
"2026-09-13","MIA-II",0,0
"2026-09-13","ALMA-II",0,0
"2026-09-13","KASSIA",0,0
"2026-09-13","GLEDYS",0,0
"2026-09-13","ACACIA YQ7581-H68",0,0
"2026-09-13","PAULA",0,0
"2026-09-13","INDIGO 1D8055-W33",0,0
"2026-09-13","MAR",0,0
"2026-09-13","LC-DH-33",0,0
"2026-09-13","LISETH L1982-70",0,0
"2026-09-13","KERLY",0,0
"2026-09-13","TATIANA",0,0
"2026-09-13","NELLY",0,0
"2026-09-13","CLAVEL",0,0
"2026-09-13","GLORIA",0,0
"2026-09-13","MALENA",0,0
"2026-09-13","VIVIANA",0,0
"2026-09-13","EDNA BF2413",0,0
"2026-09-13","PAULA-II",0,0
"2026-09-13","TOÑA RMC9",26,0
"2026-09-13","CLARA P1067-7",0,0
"2026-09-13","MADELYN",30,0
"2026-09-13","LIENZO",25,0
"2026-09-13","C015-220520-3",0,0
"2026-09-13","CLARION",25,0
"2026-09-13","ELEIDY",0,0
"2026-09-13","FABIOLA",0,0
"2026-09-13","NIEBLA 4020-24",0,0
"2026-09-13","SOFIA",0,0
"2026-09-13","YUDA P1080-15",0,0
"2026-09-13","VEGA (LC-DH-43)",0,0
"2026-09-13","SONYA",0,0
"2026-09-13","KZ-1919",0,0
"2026-09-13","YULI 23148-11",0,0
"2026-09-13","BRENDA",0,0
"2026-09-13","MOLLY 20124-43",0,0
"2026-09-13","LESLIE L1920-21A",0,0
"2026-09-13","KZ-1896",0,0
"2026-09-13","ALAIA-II",0,0
"2026-09-13","GLISS",17,0
"2026-09-13","AVILA",0,0
"2026-09-13","YOLANDA",0,0
"2026-09-13","ZURY WH-W013",0,0
"2026-09-13","HILDA",0,0
"2026-09-13","EFFIE  XZ51-1",0,0
"2026-09-13","NIKKI",0,0
"2026-09-13","PARAISO",0,0
"2026-09-13","ISABEL",0,0
"2026-09-13","KZ-1927",0,0
"2026-09-13","SALLY",0,0
"2026-09-13","ROXANA",17,0
"2026-09-13","LILY 22006-7",0,0
"2026-09-13","AMANDA",0,0
"2026-09-13","LIS (C082-240426-5)",0,0
"2026-09-13","MARA BF2404",0,0
"2026-09-13","DINA BF2411",0,0
"2026-09-13","MORAN",28,0
"2026-09-13","DIANA 19269-24",0,0
"2026-09-13","PILAR",0,0
"2026-09-13","ZARINA",0,0
"2026-09-13","KZ-1900",0,0
"2026-09-13","MIA-IV",22,0
"2026-09-13","NIEVES 11134-K37",0,0
"2026-09-13","FLORA YQ7581-H86",0,0
"2026-09-13","HERA",48,0
"2026-09-13","DAYRA",0,0
"2026-09-13","KZ-1901",0,0
"2026-09-13","CADIE P1090-1",0,0
"2026-09-13","REGINA",0,0
"2026-09-13","LAURA",0,0
"2026-09-13","MAREA",0,0
"2026-09-13","ELSA (C109-240206-1)",0,0
"2026-09-13","VENUS",32,0
"2026-09-13","KZ-1922",0,0
"2026-09-13","SALOME",38,0
"2026-09-13","AMAPOLA-II",17,0
"2026-09-13","GIRASOL",7,0
"2026-09-13","DANA",0,0
"2026-09-13","SOFIA-II",0,0
"2026-09-13","MULAN 8306-K19",0,0
"2026-09-13","JANE BF2412",0,0
"2026-09-13","HEART  WAN-0010",0,0
"2026-09-13","PEGGY BF2408",0,0
"2026-09-13","KZ-1935",0,0
"2026-09-13","NARCISO  WAN-008",0,0
"2026-09-13","PRIAH",26,0
"2026-09-13","ARIA P1080-5",0,0
"2026-09-13","KZ-1937",13,0
"2026-09-13","BRICE L1913-52",0,0
"2026-09-13","KZ-1913",0,0
"2026-09-13","CLAUDIA",0,0
"2026-09-13","ELLA",0,0
"2026-09-13","NURIS WH-W01",0,0
"2026-09-13","P956-7",0,0
"2026-09-13","MIA-V",17,0
"2026-09-13","ZULAY",27,0
"2026-09-13","DETTE 23046-35",0,0
"2026-09-13","KZ-1931",0,0
"2026-09-13","MOORE",0,0
"2026-09-13","MIA (C109-240206-32)",0,0
"2026-09-13","LALY WH-W08",0,0
"2026-09-13","KZ-1916",0,0
"2026-09-13","DINIRA",0,0
"2026-09-13","SANDRA",0,0
"2026-09-13","KZ-1902",12,0
"2026-09-13","PARAISO-II",0,0
"2026-09-13","CORAL",0,0
"2026-09-13","LIRIO  WAN-005",0,0
"2026-09-13","ANARE",0,0
"2026-09-13","YULIKA",0,0
"2026-09-13","KZ-1939",16,0
"2026-09-13","DARA RM-09",0,0
"2026-09-13","KZ-1938",0,0
"2026-09-13","7979-K28",0,0
"2026-09-13","ELENA L1992-28",0,0
"2026-09-13","Untitled Feb3_22:12",0,0
"2026-09-13","DAYANA",0,0
"2026-09-13","GIA",33,0
"2026-09-13","KZ-1920",0,0
"2026-09-13","YULE",10,0
"2026-09-13","PARIS",0,0
"2026-09-13","KZ-1934",0,0
"2026-09-13","DIVA",0,0
"2026-09-13","VANESSA",0,0
"2026-09-13","LOLA-II",0,0
"2026-09-13","LOLA (LC311595)",0,0
"2026-09-13","ZARA",26,0
"2026-09-13","CANAIMA",0,0
"2026-09-13","LOTUS 1138265-W54",0,0
"2026-09-13","AVA  P1094-2",0,0
"2026-09-13","KELLY",0,0
"2026-09-13","MILKA",0,0
"2026-09-13","TANIA",0,0
"2026-09-13","LYRIA",0,0
"2026-09-13","GALA",28,0
"2026-09-13","FEDRA",0,0
"2026-09-13","JJW-6",0,0
"2026-09-13","AZUCENA",0,0
"2026-09-13","MILENA",31,0
"2026-09-13","LC-DH-39",0,0
"2026-09-13","YURI WH-W02",0,0
"2026-09-13","CRISBEL",0,0
"2026-09-13","HEIDY 21219-8",0,0
"2026-09-13","MIN",0,0
"2026-09-13","NURY",20,0
"2026-09-13","FATIMA",0,0
"2026-09-13","PATTY L1913-89",0,0
"2026-09-13","HADA BF2407",0,0
"2026-09-13","KZ-1929",0,0
"2026-09-13","RISA",0,0
"2026-09-13","MILLIE",23,0
"2026-09-13","NUT",0,0
"2026-09-13","GALENA P1094-4",0,0
"2026-09-13","MAYRA",0,0
"2026-09-13","KZ-1897",0,0
"2026-09-13","YELA 23178-11",0,0
"2026-09-13","MARITA",0,0
"2026-09-13","PILIN",31,0
"2026-09-13","BALMAT",0,0
"2026-09-13","ETTA L1996-9",0,0
"2026-09-13","LUCY",0,0
"2026-09-13","TERESA",0,0
"2026-09-13","KZ-1893",0,0
"2026-09-13","SADIE",19,0
"2026-09-13","MACUTO",0,0
"2026-09-13","MALIA",0,0
"2026-09-13","MARGARITA",0,0
"2026-09-13","SCARLET",0,0
"2026-09-13","CARLA (C015-231009-6)",0,0
"2026-09-13","MIRTHA",0,0
"2026-09-13","KZ-1904",0,0
"2026-09-13","WANDA",0,0
"2026-09-13","KZ-1910",0,0
"2026-09-13","ALAIA (C082-20231027-23)",0,0
"2026-09-13","RUDDY",0,0
"2026-09-13","NEKO RM-12",0,0
"2026-09-13","SHERYL",0,0
"2026-09-13","LC-ST-19",0,0
"2026-09-13","NIRAJ 1D8033-W44",0,0
"2026-09-13","MELISSA 1D4265-W14",0,0
"2026-09-13","IVY",0,0
"2026-09-13","NATALIA",0,0
"2026-09-13","BECKY",32,0
"2026-09-13","KZ-1914",0,0
"2026-09-13","CAURA",0,0
"2026-09-13","MAITE",0,0
"2026-09-13","INES",0,0
"2026-09-13","ELBA RM-15",0,0
"2026-09-13","CELIA P1086-5",0,0
"2026-09-13","GATEN",0,0
"2026-09-13","TULIPAN",18,0
"2026-09-13","ELDA BF2409",0,0
"2026-09-13","KZ-1926",0,0
"2026-09-13","8E0075-7",0,0
"2026-09-13","POLINA",27,0
"2026-09-13","BETHANY",0,0
"2026-09-13","TABEI",0,0
"2026-09-13","EILEEN P1078-12",0,0
"2026-09-13","LIBIA",0,0
"2026-09-13","FRESNO(AT-014)",0,0
"2026-09-13","FRESIA",16,0
"2026-09-13","JOY",0,0
"2026-09-13","ARIEL 8306-K15",0,0
"2026-09-13","DALIA YQ7516-F78",0,0
"2026-09-13","SELENA L2801-3",0,0
"2026-09-13","KAMI BF2410",0,0
"2026-09-13","KZ-1923",0,0
"2026-09-13","KETTE L1985A-6",0,0
"2026-09-13","VERO RM-14",0,0
"2026-09-13","TIFFANY",0,0
"2026-09-13","CAROLINA",0,0
"2026-09-13","DALILA-II",23,0
"2026-09-13","KATALEYA  XIN-003",0,0
"2026-09-13","MERIDA 8302-K96",0,0
"2026-09-13","KZ-1905",0,0
"2026-09-14","YULI 23148-11",0,0
"2026-09-14","DINA BF2411",0,0
"2026-09-14","MORAN",26,0
"2026-09-14","INDIGO 1D8055-W33",0,0
"2026-09-14","PARAISO-II",0,0
"2026-09-14","LILY 22006-7",0,0
"2026-09-14","MAYRA",0,0
"2026-09-14","LIRIO  WAN-005",0,0
"2026-09-14","CATA",0,0
"2026-09-14","FLAVIA",0,0
"2026-09-14","YELA 23178-11",0,0
"2026-09-14","NELLY",0,0
"2026-09-14","TATIANA",0,0
"2026-09-14","KERLY",0,0
"2026-09-14","KEELY",0,0
"2026-09-14","KZ-1925",0,0
"2026-09-14","LISETH L1982-70",0,0
"2026-09-14","MARITA",0,0
"2026-09-14","MACUTO",0,0
"2026-09-14","SADIE",19,0
"2026-09-14","DARA RM-09",0,0
"2026-09-14","MONIC RM-11",0,0
"2026-09-14","KZ-1905",0,0
"2026-09-14","MULAN 8306-K19",0,0
"2026-09-14","SCARLET",0,0
"2026-09-14","LOLA-II",0,0
"2026-09-14","VANESSA",0,0
"2026-09-14","LC-ST-19",0,0
"2026-09-14","ELSA-II",0,0
"2026-09-14","MARTHA",0,0
"2026-09-14","CARIDAD",0,0
"2026-09-14","NURIS WH-W01",0,0
"2026-09-14","KORA  XIN-005",0,0
"2026-09-14","CAURA",0,0
"2026-09-14","KZ-1914",0,0
"2026-09-14","MAITE",0,0
"2026-09-14","SANDRA",0,0
"2026-09-14","KZ-1916",0,0
"2026-09-14","DINIRA",0,0
"2026-09-14","ELIS",0,0
"2026-09-14","MIYI RMC12",0,0
"2026-09-14","GALENA P1094-4",0,0
"2026-09-14","KZ-1902",12,0
"2026-09-14","IVES",28,0
"2026-09-14","POLINA",27,0
"2026-09-14","ARIEL 8306-K15",0,0
"2026-09-14","DALIA YQ7516-F78",0,0
"2026-09-14","DANA",0,0
"2026-09-14","GIRASOL",7,0
"2026-09-14","ATENEA",8,0
"2026-09-14","MORELA",0,0
"2026-09-14","KZ-1939",16,0
"2026-09-14","BEGONIA YQ7667-H08",0,0
"2026-09-14","CHLOE  P1081-3",0,0
"2026-09-14","DAFNE  XIN-001",0,0
"2026-09-14","AURA BF2406",0,0
"2026-09-14","YULE",10,0
"2026-09-14","PARIS",0,0
"2026-09-14","VEGA-II",0,0
"2026-09-14","IVETTE",0,0
"2026-09-14","ALAIA (C082-20231027-23)",0,0
"2026-09-14","NOHELY",0,0
"2026-09-14","CAROLINA",0,0
"2026-09-14","DALILA-II",23,0
"2026-09-14","CARMEN-II",26,0
"2026-09-14","KIARA",0,0
"2026-09-14","MALENA",0,0
"2026-09-14","EDNA BF2413",0,0
"2026-09-14","VIVIANA",0,0
"2026-09-14","LYNN",0,0
"2026-09-14","ORQUIDEA",0,0
"2026-09-14","VERO RM-14",0,0
"2026-09-14","7979-K28",0,0
"2026-09-14","GLORIA",0,0
"2026-09-14","KATALEYA  XIN-003",0,0
"2026-09-14","ALMA (C082-230803-32)",0,0
"2026-09-14","CLAVEL",0,0
"2026-09-14","PAULA-II",0,0
"2026-09-14","JJW-6",0,0
"2026-09-14","AZUCENA",0,0
"2026-09-14","EVA",0,0
"2026-09-14","SOL",0,0
"2026-09-14","ESPIREA  WAN-004",0,0
"2026-09-14","KZ-1933",14,0
"2026-09-14","SARI",0,0
"2026-09-14","BRISA",25,0
"2026-09-14","KZ-1899",18,0
"2026-09-14","ORCHILA",0,0
"2026-09-14","ZURY WH-W013",0,0
"2026-09-14","AMANDA",0,0
"2026-09-14","HILDA",0,0
"2026-09-14","GLEDYS",0,0
"2026-09-14","EMMA (C082-230803-10)",0,0
"2026-09-14","CARISSA",19,0
"2026-09-14","BETHANY",0,0
"2026-09-14","DALILA",0,0
"2026-09-14","KZ-1893",0,0
"2026-09-14","VENUS",32,0
"2026-09-14","KZ-1922",0,0
"2026-09-14","AMAPOLA-II",17,0
"2026-09-14","SALOME",38,0
"2026-09-14","GAIA",0,0
"2026-09-14","SARI WH-W03",0,0
"2026-09-14","NIURKA",0,0
"2026-09-14","KETTE L1985A-6",0,0
"2026-09-14","LIS-II",0,0
"2026-09-14","ASTRID",0,0
"2026-09-14","C082-1",0,0
"2026-09-14","MORA BF2414",19,0
"2026-09-14","MARTA",0,0
"2026-09-14","GARDENIA YQ7510-H34",0,0
"2026-09-14","ZARA",26,0
"2026-09-14","ELEIDY",0,0
"2026-09-14","FABIOLA",0,0
"2026-09-14","ORQUIDEA-II",17,0
"2026-09-14","CHORONI",0,0
"2026-09-14","C015-220520-3",0,0
"2026-09-14","FEDRA",0,0
"2026-09-14","P1061-7",0,0
"2026-09-14","YUDA P1080-15",0,0
"2026-09-14","JJW-1",0,0
"2026-09-14","BYl111-K2",0,0
"2026-09-14","INES",0,0
"2026-09-14","KZ-1915",0,0
"2026-09-14","MOORE",0,0
"2026-09-14","KZ-1931",0,0
"2026-09-14","DETTE 23046-35",0,0
"2026-09-14","P956-7",0,0
"2026-09-14","JENNY",0,0
"2026-09-14","DUNA",0,0
"2026-09-14","PATTY L1913-89",0,0
"2026-09-14","LEA BF2405",0,0
"2026-09-14","ARENA",0,0
"2026-09-14","MEDINA",0,0
"2026-09-14","HADA BF2407",0,0
"2026-09-14","LESLIE L1920-21A",0,0
"2026-09-14","MOLLY 20124-43",0,0
"2026-09-14","MARA BF2404",0,0
"2026-09-14","JERZY",0,0
"2026-09-14","FRESIA",16,0
"2026-09-14","MALIA",0,0
"2026-09-14","GIA",33,0
"2026-09-14","BALMAT",0,0
"2026-09-14","PILIN",31,0
"2026-09-14","JANE BF2412",0,0
"2026-09-14","SOFIA-II",0,0
"2026-09-14","WANDA",0,0
"2026-09-14","LEILANI YQ7542-H34B",0,0
"2026-09-14","MIRTHA",0,0
"2026-09-14","KZ-1904",0,0
"2026-09-14","KZ-1920",0,0
"2026-09-14","MARGARITA",0,0
"2026-09-14","MOCHIMA",0,0
"2026-09-14","LOLA (LC311595)",0,0
"2026-09-14","CORAIMA",0,0
"2026-09-14","GALA",27,0
"2026-09-14","LYRIA",0,0
"2026-09-14","TANIA",0,0
"2026-09-14","PEGGY BF2408",0,0
"2026-09-14","EVAM 21142-7",0,0
"2026-09-14","CANAIMA",0,0
"2026-09-14","ODA",0,0
"2026-09-14","KZ-1936",0,0
"2026-09-14","8E0145-20",0,0
"2026-09-14","MOHANA 8302-K40",0,0
"2026-09-14","KATIA  XIN-002",0,0
"2026-09-14","NARDO",0,0
"2026-09-14","KZ-1898",0,0
"2026-09-14","BAHIA",0,0
"2026-09-14","JJW-3",0,0
"2026-09-14","AGUA",0,0
"2026-09-14","LALY WH-W08",0,0
"2026-09-14","JLP1025-5",0,0
"2026-09-14","KZ-1929",0,0
"2026-09-14","KZ-1918",0,0
"2026-09-14","DYER",31,0
"2026-09-14","PARAISO",0,0
"2026-09-14","NIKKI",0,0
"2026-09-14","FLORA YQ7581-H86",0,0
"2026-09-14","NIEVES 11134-K37",0,0
"2026-09-14","DAYRA",0,0
"2026-09-14","KZ-1901",0,0
"2026-09-14","MAGA BF2401",0,0
"2026-09-14","KZ-1900",0,0
"2026-09-14","HERA",48,0
"2026-09-14","MIA-IV",22,0
"2026-09-14",,0,0
"2026-09-14","KZ-1938",0,0
"2026-09-14","TERESA",0,0
"2026-09-14","LUCY",0,0
"2026-09-14","C015-221019-7",0,0
"2026-09-14","MIRIAM",0,0
"2026-09-14","P448-91",0,0
"2026-09-14","SUSANA",0,0
"2026-09-14","Untitled Feb3_22:12",0,0
"2026-09-14","DAYANA",0,0
"2026-09-14","CHOC 22007-14",0,0
"2026-09-14","RAQUEL",0,0
"2026-09-14","KZ-1935",0,0
"2026-09-14","JJW-5",0,0
"2026-09-14","HEART  WAN-0010",0,0
"2026-09-14","LUNA WH-W11",0,0
"2026-09-14","TINA",0,0
"2026-09-14","TOÑA RMC9",26,0
"2026-09-14","NARCISO  WAN-008",0,0
"2026-09-14","ZHENITH",22,0
"2026-09-14","8E0213-8",0,0
"2026-09-14","AVA  P1094-2",0,0
"2026-09-14","CRISBEL",0,0
"2026-09-14","YURI WH-W02",0,0
"2026-09-14","SOFIA",0,0
"2026-09-14","LIENZO",25,0
"2026-09-14","NIRAJ 1D8033-W44",0,0
"2026-09-14","STELLA L1870-40",0,0
"2026-09-14","LC-DH-39",0,0
"2026-09-14","MILENA",31,0
"2026-09-14","CAROL BF2402",0,0
"2026-09-14","BRICE L1913-52",0,0
"2026-09-14","PRIAH",25,0
"2026-09-14","VIDIA",27,0
"2026-09-14","LALA WH-W06",37,0
"2026-09-14","TERRA",18,0
"2026-09-14","YUKI",0,0
"2026-09-14","ROSA (LC222011)",0,0
"2026-09-14","BLANCA 11134-K31",0,0
"2026-09-14","MAYA",22,0
"2026-09-14","KZ-1932",0,0
"2026-09-14","DEMI ZS16-15",0,0
"2026-09-14","ACACIA YQ7581-H68",0,0
"2026-09-14","KZ-1896",0,0
"2026-09-14","YOLANDA",0,0
"2026-09-14","ALAIA-II",0,0
"2026-09-14","AVILA",0,0
"2026-09-14","LIS (C082-240426-5)",0,0
"2026-09-14","GLISS",17,0
"2026-09-14","8E0075-7",0,0
"2026-09-14","KZ-1926",0,0
"2026-09-14","MAREA",0,0
"2026-09-14","TABEI",0,0
"2026-09-14","ALICIA  P1091-4",0,0
"2026-09-14","ANARE",0,0
"2026-09-14","YULIKA",0,0
"2026-09-14","JJW-8",0,0
"2026-09-14","NORKYS",0,0
"2026-09-14","LILA (LC222036)",0,0
"2026-09-14","SABI 23147-6",0,0
"2026-09-14","CAYENA",0,0
"2026-09-14","SHANNON",0,0
"2026-09-14","ELENA L1992-28",0,0
"2026-09-14","LOTUS 1138265-W54",0,0
"2026-09-14","AURIS RM-13",0,0
"2026-09-14","CARLA (C015-231009-6)",0,0
"2026-09-14","MABEL",0,0
"2026-09-14","CLARA P1067-7",0,0
"2026-09-14","KZ-1910",0,0
"2026-09-14","BELLA 8302-K51",0,0
"2026-09-14","ELLA",0,0
"2026-09-14","NOA",29,0
"2026-09-14","AURORA 8302-K3",0,0
"2026-09-14","LARA (LC311546)",0,0
"2026-09-14","GATEN",0,0
"2026-09-14","TULIPAN",18,0
"2026-09-14","MIN",0,0
"2026-09-14","NACARID",28,0
"2026-09-14","IVY",0,0
"2026-09-14","LOAD",0,0
"2026-09-14","KZ-1897",0,0
"2026-09-14","MIA (C109-240206-32)",0,0
"2026-09-14","LC-DH-33",0,0
"2026-09-14","PAULA",0,0
"2026-09-14","EILEEN P1078-12",0,0
"2026-09-14","CIRA RMC13",0,0
"2026-09-14","MIA-III",0,0
"2026-09-14","LC-DH-9",0,0
"2026-09-14","FRESNO(AT-014)",0,0
"2026-09-14","LAURA",0,0
"2026-09-14","DIANA 19269-24",0,0
"2026-09-14","REGINA",0,0
"2026-09-14","PILAR",0,0
"2026-09-14","ZARINA",0,0
"2026-09-14","SELENA L2801-3",0,0
"2026-09-14","KZ-1921",0,0
"2026-09-14","GEMA BN1925-K6",0,0
"2026-09-14","JOY",0,0
"2026-09-14","IVONNE",0,0
"2026-09-14","MILKA",0,0
"2026-09-14","KELLY",0,0
"2026-09-14","DIVA",0,0
"2026-09-14","KZ-1934",0,0
"2026-09-14","MONICA",0,0
"2026-09-14","MADELYN",30,0
"2026-09-14","NIEBLA 4020-24",0,0
"2026-09-14","MIEL",49,0
"2026-09-14","MIMI",0,0
"2026-09-14","CG 190228-2",0,0
"2026-09-14","ASTER 1D8055-W28",0,0
"2026-09-14","FATIMA",0,0
"2026-09-14","NURY",20,0
"2026-09-14","8E0072-26",0,0
"2026-09-14","TILA WH-W04",0,0
"2026-09-14","KZ-1930",0,0
"2026-09-14","KRISS",0,0
"2026-09-14","JASMIN 8306-K7",0,0
"2026-09-14","ISLA",28,0
"2026-09-14","TYLER",0,0
"2026-09-14","NUT",0,0
"2026-09-14","OLAS",0,0
"2026-09-14","MIA-II",0,0
"2026-09-14","KASSIA",0,0
"2026-09-14","ALMA-II",0,0
"2026-09-14","RISA",0,0
"2026-09-14","MILLIE",23,0
"2026-09-14","KZ-1928",0,0
"2026-09-14","CORAL",0,0
"2026-09-14","EFFIE  XZ51-1",0,0
"2026-09-14","SALLY",0,0
"2026-09-14","KZ-1927",0,0
"2026-09-14","ROXANA",17,0
"2026-09-14","VEGA (LC-DH-43)",0,0
"2026-09-14","ISABEL",0,0
"2026-09-14","BRENDA",0,0
"2026-09-14","KZ-1919",0,0
"2026-09-14","SONYA",0,0
"2026-09-14","ELDA BF2409",0,0
"2026-09-14","LIBIA",0,0
"2026-09-14","P990-2",0,0
"2026-09-14","CADIE P1090-1",0,0
"2026-09-14","MAR",0,0
"2026-09-14","KZ-1924",0,0
"2026-09-14","KZ-1923",0,0
"2026-09-14","KAMI BF2410",0,0
"2026-09-14","ETTA L1996-9",0,0
"2026-09-14","CHOCO",0,0
"2026-09-14","MARGARET",27,0
"2026-09-14","IRENE",0,0
"2026-09-14","MIRAC P1061-9",0,0
"2026-09-14","MERIDA 8302-K96",0,0
"2026-09-14","TIFFANY",0,0
"2026-09-14","RUDDY",0,0
"2026-09-14","NEKO RM-12",0,0
"2026-09-14","AMI",0,0
"2026-09-14","LELIS WH-W07",0,0
"2026-09-14","CALA  WAN-002",0,0
"2026-09-14","CLARION",25,0
"2026-09-14","JJW-7",0,0
"2026-09-14","ELSA (C109-240206-1)",0,0
"2026-09-14","DANIELA",0,0
"2026-09-14","KZ-1937",13,0
"2026-09-14","CLAUDIA",0,0
"2026-09-14","KZ-1913",0,0
"2026-09-14","ARIA P1080-5",0,0
"2026-09-14","SHERYL",0,0
"2026-09-14","MELISSA 1D4265-W14",0,0
"2026-09-14","11134-K3",0,0
"2026-09-14","HEIDY 21219-8",0,0
"2026-09-14","ZULAY",27,0
"2026-09-14","MIA-V",17,0
"2026-09-14","KLARA  23247-4",0,0
"2026-09-14","NATALIA",0,0
"2026-09-14","BECKY",31,0
"2026-09-14","MIA-2 (C109-240205-2)",0,0
"2026-09-14","MILLY 23120-1",0,0
"2026-09-14","KARINA",0,0
"2026-09-14","KZ-1917",0,0
"2026-09-14","ELBA RM-15",0,0
"2026-09-14","LUPITA",0,0
"2026-09-14","MARBE BF2403",0,0
"2026-09-14","ASHLEY L1895-36",0,0
"2026-09-14","FILCH 23198-7",0,0
"2026-09-14","CELIA P1086-5",0,0
"2026-09-14","AMAPOLA",0,0
"2026-09-15","DAYANA",0,0
"2026-09-15","MULAN 8306-K19",0,0
"2026-09-15","VEGA-II",0,0
"2026-09-15","IVETTE",0,0
"2026-09-15","NOHELY",0,0
"2026-09-15","KIARA",0,0
"2026-09-15","SHANNON",0,0
"2026-09-15","SARI WH-W03",0,0
"2026-09-15","GAIA",0,0
"2026-09-15","KZ-1922",0,0
"2026-09-15","AMAPOLA-II",15,0
"2026-09-15","SALOME",38,0
"2026-09-15","VENUS",31,0
"2026-09-15","CAYENA",0,0
"2026-09-15","MALIA",0,0
"2026-09-15","ANARE",0,0
"2026-09-15","YULIKA",0,0
"2026-09-15","FRESIA",15,0
"2026-09-15","ALMA (C082-230803-32)",0,0
"2026-09-15","INDIGO 1D8055-W33",0,0
"2026-09-15","LC-DH-33",0,0
"2026-09-15","YULI 23148-11",0,0
"2026-09-15","NARDO",0,0
"2026-09-15","KZ-1898",0,0
"2026-09-15","MILLY 23120-1",0,0
"2026-09-15","MIEL",49,0
"2026-09-15","NIRAJ 1D8033-W44",0,0
"2026-09-15","C015-220520-3",0,0
"2026-09-15","CARIDAD",0,0
"2026-09-15","MARTHA",0,0
"2026-09-15","SOFIA",0,0
"2026-09-15","AURIS RM-13",0,0
"2026-09-15","LOLA (LC311595)",0,0
"2026-09-15","VERO RM-14",0,0
"2026-09-15","KZ-1905",0,0
"2026-09-15","KZ-1939",15,0
"2026-09-15","GIRASOL",7,0
"2026-09-15","DANA",0,0
"2026-09-15","POLINA",27,0
"2026-09-15","P990-2",0,0
"2026-09-15","LIRIO  WAN-005",0,0
"2026-09-15","IVES",27,0
"2026-09-15","YELA 23178-11",0,0
"2026-09-15","CARISSA",19,0
"2026-09-15","KZ-1901",0,0
"2026-09-15","DAYRA",0,0
"2026-09-15","JERZY",0,0
"2026-09-15","NIKKI",0,0
"2026-09-15","PARAISO",0,0
"2026-09-15","LILY 22006-7",0,0
"2026-09-15","HILDA",0,0
"2026-09-15","ELDA BF2409",0,0
"2026-09-15","GLEDYS",0,0
"2026-09-15","PARAISO-II",0,0
"2026-09-15","MOLLY 20124-43",0,0
"2026-09-15","PAULA",0,0
"2026-09-15","LESLIE L1920-21A",0,0
"2026-09-15","KZ-1927",0,0
"2026-09-15","SALLY",0,0
"2026-09-15","ROXANA",17,0
"2026-09-15","ISABEL",0,0
"2026-09-15","EFFIE  XZ51-1",0,0
"2026-09-15","MIYI RMC12",0,0
"2026-09-15","ELIS",0,0
"2026-09-15","NACARID",28,0
"2026-09-15","LOAD",0,0
"2026-09-15","KZ-1930",0,0
"2026-09-15","TILA WH-W04",0,0
"2026-09-15","8E0072-26",0,0
"2026-09-15","MOORE",0,0
"2026-09-15","KZ-1931",0,0
"2026-09-15","MADELYN",30,0
"2026-09-15","11134-K3",0,0
"2026-09-15","LC-ST-19",0,0
"2026-09-15","CHOC 22007-14",0,0
"2026-09-15","MABEL",0,0
"2026-09-15","LUNA WH-W11",0,0
"2026-09-15","TINA",0,0
"2026-09-15","MARTA",0,0
"2026-09-15","MORA BF2414",19,0
"2026-09-15","C082-1",0,0
"2026-09-15","CARMEN-II",27,0
"2026-09-15","CADIE P1090-1",0,0
"2026-09-15","BETHANY",0,0
"2026-09-15","ALAIA (C082-20231027-23)",0,0
"2026-09-15","TABEI",0,0
"2026-09-15","KZ-1924",0,0
"2026-09-15","ZARINA",0,0
"2026-09-15","PILAR",0,0
"2026-09-15","TATIANA",0,0
"2026-09-15","NELLY",0,0
"2026-09-15","FLAVIA",0,0
"2026-09-15","CATA",0,0
"2026-09-15","MAREA",0,0
"2026-09-15","LISETH L1982-70",0,0
"2026-09-15","LAURA",0,0
"2026-09-15","EILEEN P1078-12",0,0
"2026-09-15","REGINA",0,0
"2026-09-15","ACACIA YQ7581-H68",0,0
"2026-09-15","AMANDA",0,0
"2026-09-15","NURY",20,0
"2026-09-15","FATIMA",0,0
"2026-09-15","YUDA P1080-15",0,0
"2026-09-15","MILENA",31,0
"2026-09-15","LC-DH-39",0,0
"2026-09-15","BRICE L1913-52",0,0
"2026-09-15","LIENZO",25,0
"2026-09-15","CLAUDIA",0,0
"2026-09-15","KZ-1913",0,0
"2026-09-15","HEART  WAN-0010",0,0
"2026-09-15","IVONNE",0,0
"2026-09-15","MOCHIMA",0,0
"2026-09-15","CORAIMA",0,0
"2026-09-15","KZ-1935",0,0
"2026-09-15","PEGGY BF2408",0,0
"2026-09-15","TIFFANY",0,0
"2026-09-15","AURA BF2406",0,0
"2026-09-15","MONIC RM-11",0,0
"2026-09-15","KZ-1938",0,0
"2026-09-15","MARITA",0,0
"2026-09-15","LC-DH-9",0,0
"2026-09-15","NIEVES 11134-K37",0,0
"2026-09-15","FLORA YQ7581-H86",0,0
"2026-09-15","KZ-1926",0,0
"2026-09-15","8E0075-7",0,0
"2026-09-15","GALENA P1094-4",0,0
"2026-09-15","VEGA (LC-DH-43)",0,0
"2026-09-15","KZ-1918",0,0
"2026-09-15","DYER",29,0
"2026-09-15","CORAL",0,0
"2026-09-15","KZ-1897",0,0
"2026-09-15","ZURY WH-W013",0,0
"2026-09-15","MEDINA",0,0
"2026-09-15","LALY WH-W08",0,0
"2026-09-15","BAHIA",0,0
"2026-09-15","JJW-3",0,0
"2026-09-15","AGUA",0,0
"2026-09-15","KASSIA",0,0
"2026-09-15","ALMA-II",0,0
"2026-09-15","MIA-II",0,0
"2026-09-15","PATTY L1913-89",0,0
"2026-09-15","GATEN",0,0
"2026-09-15","TULIPAN",18,0
"2026-09-15","CARLA (C015-231009-6)",0,0
"2026-09-15","P956-7",0,0
"2026-09-15","BLANCA 11134-K31",0,0
"2026-09-15","EVA",0,0
"2026-09-15","ROSA (LC222011)",0,0
"2026-09-15","SOL",0,0
"2026-09-15","INES",0,0
"2026-09-15","VIDIA",27,0
"2026-09-15","TERRA",18,0
"2026-09-15","LALA WH-W06",37,0
"2026-09-15","CRISBEL",0,0
"2026-09-15","YURI WH-W02",0,0
"2026-09-15","CLARA P1067-7",0,0
"2026-09-15","LOLA-II",0,0
"2026-09-15","VANESSA",0,0
"2026-09-15","LYRIA",0,0
"2026-09-15","TANIA",0,0
"2026-09-15","GALA",24,0
"2026-09-15","JJW-5",0,0
"2026-09-15","MIA-2 (C109-240205-2)",0,0
"2026-09-15","MILKA",0,0
"2026-09-15","LOTUS 1138265-W54",0,0
"2026-09-15","KELLY",0,0
"2026-09-15","PARIS",0,0
"2026-09-15","YULE",10,0
"2026-09-15","MIA (C109-240206-32)",0,0
"2026-09-15","KETTE L1985A-6",0,0
"2026-09-15","DARA RM-09",0,0
"2026-09-15","IRENE",0,0
"2026-09-15","MARGARET",27,0
"2026-09-15","CHOCO",0,0
"2026-09-15","ALICIA  P1091-4",0,0
"2026-09-15","CIRA RMC13",0,0
"2026-09-15","DIANA 19269-24",0,0
"2026-09-15","MIA-III",0,0
"2026-09-15","MAR",0,0
"2026-09-15","FRESNO(AT-014)",0,0
"2026-09-15","BRENDA",0,0
"2026-09-15","KZ-1919",0,0
"2026-09-15","SONYA",0,0
"2026-09-15","DINA BF2411",0,0
"2026-09-15","MORAN",27,0
"2026-09-15","LUPITA",0,0
"2026-09-15","DEMI ZS16-15",0,0
"2026-09-15","AMAPOLA",0,0
"2026-09-15","MIN",0,0
"2026-09-15","ELSA (C109-240206-1)",0,0
"2026-09-15","HADA BF2407",0,0
"2026-09-15","JLP1025-5",0,0
"2026-09-15","ORCHILA",0,0
"2026-09-15","ASHLEY L1895-36",0,0
"2026-09-15","MARBE BF2403",0,0
"2026-09-15","FILCH 23198-7",0,0
"2026-09-15","KZ-1933",14,0
"2026-09-15","ARENA",0,0
"2026-09-15","LEA BF2405",0,0
"2026-09-15","ELBA RM-15",0,0
"2026-09-15","RISA",0,0
"2026-09-15","MILLIE",23,0
"2026-09-15","KLARA  23247-4",0,0
"2026-09-15","JASMIN 8306-K7",0,0
"2026-09-15","MAITE",0,0
"2026-09-15","KZ-1914",0,0
"2026-09-15","CAURA",0,0
"2026-09-15","KZ-1915",0,0
"2026-09-15","KORA  XIN-005",0,0
"2026-09-15","P1061-7",0,0
"2026-09-15","ASTER 1D8055-W28",0,0
"2026-09-15","JJW-1",0,0
"2026-09-15","BYl111-K2",0,0
"2026-09-15","MIMI",0,0
"2026-09-15","CG 190228-2",0,0
"2026-09-15","NUT",0,0
"2026-09-15","8E0145-20",0,0
"2026-09-15","KZ-1936",0,0
"2026-09-15","WANDA",0,0
"2026-09-15","MARGARITA",0,0
"2026-09-15","KZ-1921",0,0
"2026-09-15","Untitled Feb3_22:12",0,0
"2026-09-15","SOFIA-II",0,0
"2026-09-15","JANE BF2412",0,0
"2026-09-15","SABI 23147-6",0,0
"2026-09-15","LILA (LC222036)",0,0
"2026-09-15","BALMAT",0,0
"2026-09-15","SADIE",18,0
"2026-09-15","MACUTO",0,0
"2026-09-15","MIRAC P1061-9",0,0
"2026-09-15","KZ-1923",0,0
"2026-09-15","KAMI BF2410",0,0
"2026-09-15","DALILA",0,0
"2026-09-15","KZ-1925",0,0
"2026-09-15","KEELY",0,0
"2026-09-15","MAYRA",0,0
"2026-09-15","LIS (C082-240426-5)",0,0
"2026-09-15","KZ-1902",12,0
"2026-09-15","KZ-1916",0,0
"2026-09-15","SANDRA",0,0
"2026-09-15","DINIRA",0,0
"2026-09-15","SARI",0,0
"2026-09-15","BRISA",25,0
"2026-09-15","KZ-1899",18,0
"2026-09-15","CELIA P1086-5",0,0
"2026-09-15","KATIA  XIN-002",0,0
"2026-09-15","KZ-1928",0,0
"2026-09-15","AURORA 8302-K3",0,0
"2026-09-15","MIA-V",17,0
"2026-09-15","ZULAY",27,0
"2026-09-15","NURIS WH-W01",0,0
"2026-09-15","ORQUIDEA-II",12,0
"2026-09-15","CHORONI",0,0
"2026-09-15",,0,0
"2026-09-15","ODA",0,0
"2026-09-15","CLARION",25,0
"2026-09-15","ZARA",26,0
"2026-09-15","AVA  P1094-2",0,0
"2026-09-15","CANAIMA",0,0
"2026-09-15","KZ-1934",0,0
"2026-09-15","DIVA",0,0
"2026-09-15","GARDENIA YQ7510-H34",0,0
"2026-09-15","PAULA-II",0,0
"2026-09-15","TOÑA RMC9",26,0
"2026-09-15","KZ-1920",0,0
"2026-09-15","GLORIA",0,0
"2026-09-15","CLAVEL",0,0
"2026-09-15","7979-K28",0,0
"2026-09-15","EMMA (C082-230803-10)",0,0
"2026-09-15","SCARLET",0,0
"2026-09-15","MERIDA 8302-K96",0,0
"2026-09-15","EDNA BF2413",0,0
"2026-09-15","VIVIANA",0,0
"2026-09-15","MALENA",0,0
"2026-09-15","ELENA L1992-28",0,0
"2026-09-15","GEMA BN1925-K6",0,0
"2026-09-15","CHLOE  P1081-3",0,0
"2026-09-15","NIURKA",0,0
"2026-09-15","DAFNE  XIN-001",0,0
"2026-09-15","BEGONIA YQ7667-H08",0,0
"2026-09-15","GIA",33,0
"2026-09-15","TERESA",0,0
"2026-09-15","LUCY",0,0
"2026-09-15","PILIN",31,0
"2026-09-15","C015-221019-7",0,0
"2026-09-15","LIS-II",0,0
"2026-09-15","ASTRID",0,0
"2026-09-15","ETTA L1996-9",0,0
"2026-09-15","LIBIA",0,0
"2026-09-15","MAGA BF2401",0,0
"2026-09-15","YOLANDA",0,0
"2026-09-15","AVILA",0,0
"2026-09-15","ALAIA-II",0,0
"2026-09-15","KZ-1896",0,0
"2026-09-15","GLISS",17,0
"2026-09-15","IVY",0,0
"2026-09-15","KZ-1929",0,0
"2026-09-15","OLAS",0,0
"2026-09-15","ELSA-II",0,0
"2026-09-15","MOHANA 8302-K40",0,0
"2026-09-15","NIEBLA 4020-24",0,0
"2026-09-15","AZUCENA",0,0
"2026-09-15","JJW-6",0,0
"2026-09-15","PRIAH",25,0
"2026-09-15","FEDRA",0,0
"2026-09-15","STELLA L1870-40",0,0
"2026-09-15","CAROL BF2402",0,0
"2026-09-15","FABIOLA",0,0
"2026-09-15","ELEIDY",0,0
"2026-09-15","ARIA P1080-5",0,0
"2026-09-15","SHERYL",0,0
"2026-09-15","ELLA",0,0
"2026-09-15","MONICA",0,0
"2026-09-15","NARCISO  WAN-008",0,0
"2026-09-15","8E0213-8",0,0
"2026-09-15","EVAM 21142-7",0,0
"2026-09-15","KZ-1910",0,0
"2026-09-15","CALA  WAN-002",0,0
"2026-09-15","LELIS WH-W07",0,0
"2026-09-15","JOY",0,0
"2026-09-15","KZ-1904",0,0
"2026-09-15","KATALEYA  XIN-003",0,0
"2026-09-15","MIRTHA",0,0
"2026-09-15","LYNN",0,0
"2026-09-15","LEILANI YQ7542-H34B",0,0
"2026-09-15","ORQUIDEA",0,0
"2026-09-15","SUSANA",0,0
"2026-09-15","P448-91",0,0
"2026-09-15","MIRIAM",0,0
"2026-09-15","DALILA-II",23,0
"2026-09-15","CAROLINA",0,0
"2026-09-15","MORELA",0,0
"2026-09-15","ATENEA",8,0
"2026-09-15","ARIEL 8306-K15",0,0
"2026-09-15","DALIA YQ7516-F78",0,0
"2026-09-15","JJW-8",0,0
"2026-09-15","NORKYS",0,0
"2026-09-15","SELENA L2801-3",0,0
"2026-09-15","KZ-1893",0,0
"2026-09-15","MIA-IV",22,0
"2026-09-15","KZ-1900",0,0
"2026-09-15","HERA",48,0
"2026-09-15","KERLY",0,0
"2026-09-15","MARA BF2404",0,0
"2026-09-15","MAYA",22,0
"2026-09-15","KZ-1932",0,0
"2026-09-15","KARINA",0,0
"2026-09-15","KZ-1917",0,0
"2026-09-15","DETTE 23046-35",0,0
"2026-09-15","YUKI",0,0
"2026-09-15","ESPIREA  WAN-004",0,0
"2026-09-15","NATALIA",0,0
"2026-09-15","BECKY",32,0
"2026-09-15","JENNY",0,0
"2026-09-15","DUNA",0,0
"2026-09-15","LARA (LC311546)",0,0
"2026-09-15","ISLA",28,0
"2026-09-15","KRISS",0,0
"2026-09-15","TYLER",0,0
"2026-09-15","HEIDY 21219-8",0,0
"2026-09-15","MELISSA 1D4265-W14",0,0
"2026-09-15","KZ-1937",13,0
"2026-09-15","DANIELA",0,0
"2026-09-15","JJW-7",0,0
"2026-09-15","NOA",29,0
"2026-09-15","AMI",0,0
"2026-09-15","BELLA 8302-K51",0,0
"2026-09-15","ZHENITH",21,0
"2026-09-15","NEKO RM-12",0,0
"2026-09-15","RUDDY",0,0
"2026-09-15","RAQUEL",0,0
"2026-09-16","KZ-1910",0,0
"2026-09-16","RAQUEL",0,0
"2026-09-16","MIA-2 (C109-240205-2)",0,0
"2026-09-16","MABEL",0,0
"2026-09-16","GALA",25,0
"2026-09-16","YUDA P1080-15",0,0
"2026-09-16","LYRIA",0,0
"2026-09-16","TANIA",0,0
"2026-09-16","AZUCENA",0,0
"2026-09-16","JJW-6",0,0
"2026-09-16","LIENZO",25,0
"2026-09-16","LC-DH-39",0,0
"2026-09-16","MILENA",31,0
"2026-09-16","AVA  P1094-2",0,0
"2026-09-16","OLAS",0,0
"2026-09-16","CLARA P1067-7",0,0
"2026-09-16","TILA WH-W04",0,0
"2026-09-16","KZ-1930",0,0
"2026-09-16","8E0072-26",0,0
"2026-09-16","EVAM 21142-7",0,0
"2026-09-16","MAR",0,0
"2026-09-16","LOLA (LC311595)",0,0
"2026-09-16","ORCHILA",0,0
"2026-09-16","KZ-1898",0,0
"2026-09-16","NARDO",0,0
"2026-09-16","MIRAC P1061-9",0,0
"2026-09-16","LC-DH-33",0,0
"2026-09-16","ZARINA",0,0
"2026-09-16","ALAIA (C082-20231027-23)",0,0
"2026-09-16","PILAR",0,0
"2026-09-16","EVA",0,0
"2026-09-16","SOL",0,0
"2026-09-16","BALMAT",0,0
"2026-09-16","MIA (C109-240206-32)",0,0
"2026-09-16","CARMEN-II",27,0
"2026-09-16","DIVA",0,0
"2026-09-16","KZ-1934",0,0
"2026-09-16","LARA (LC311546)",0,0
"2026-09-16","KORA  XIN-005",0,0
"2026-09-16","TINA",0,0
"2026-09-16","LUNA WH-W11",0,0
"2026-09-16","CORAIMA",0,0
"2026-09-16","MOCHIMA",0,0
"2026-09-16","11134-K3",0,0
"2026-09-16","CLAUDIA",0,0
"2026-09-16","PATTY L1913-89",0,0
"2026-09-16","KZ-1913",0,0
"2026-09-16","JENNY",0,0
"2026-09-16","DUNA",0,0
"2026-09-16","NARCISO  WAN-008",0,0
"2026-09-16","LOTUS 1138265-W54",0,0
"2026-09-16","INES",0,0
"2026-09-16","KZ-1929",0,0
"2026-09-16","BRICE L1913-52",0,0
"2026-09-16","AMAPOLA",0,0
"2026-09-16","HADA BF2407",0,0
"2026-09-16","MAYA",22,0
"2026-09-16","KZ-1932",0,0
"2026-09-16","NIEBLA 4020-24",0,0
"2026-09-16","DINIRA",0,0
"2026-09-16","KZ-1916",0,0
"2026-09-16","MELISSA 1D4265-W14",0,0
"2026-09-16","SANDRA",0,0
"2026-09-16","NIRAJ 1D8033-W44",0,0
"2026-09-16","LUPITA",0,0
"2026-09-16","KZ-1933",14,0
"2026-09-16","JJW-3",0,0
"2026-09-16","BAHIA",0,0
"2026-09-16","AGUA",0,0
"2026-09-16","ALMA-II",0,0
"2026-09-16","MIA-II",0,0
"2026-09-16","KASSIA",0,0
"2026-09-16","TULIPAN",18,0
"2026-09-16","GATEN",0,0
"2026-09-16","ETTA L1996-9",0,0
"2026-09-16","MARA BF2404",0,0
"2026-09-16","LAURA",0,0
"2026-09-16","REGINA",0,0
"2026-09-16","TATIANA",0,0
"2026-09-16","NELLY",0,0
"2026-09-16","KZ-1939",15,0
"2026-09-16","EDNA BF2413",0,0
"2026-09-16","VIVIANA",0,0
"2026-09-16","MALENA",0,0
"2026-09-16","AMI",0,0
"2026-09-16","KZ-1905",0,0
"2026-09-16","YULE",10,0
"2026-09-16","PARIS",0,0
"2026-09-16","YELA 23178-11",0,0
"2026-09-16","ROSA (LC222011)",0,0
"2026-09-16","BLANCA 11134-K31",0,0
"2026-09-16","ASTER 1D8055-W28",0,0
"2026-09-16","KZ-1935",0,0
"2026-09-16","AURIS RM-13",0,0
"2026-09-16","DEMI ZS16-15",0,0
"2026-09-16","MADELYN",30,0
"2026-09-16","KZ-1937",13,0
"2026-09-16","NATALIA",0,0
"2026-09-16","BECKY",32,0
"2026-09-16","BELLA 8302-K51",0,0
"2026-09-16","YUKI",0,0
"2026-09-16","GARDENIA YQ7510-H34",0,0
"2026-09-16","ZULAY",27,0
"2026-09-16","MIA-V",17,0
"2026-09-16","MIMI",0,0
"2026-09-16","CHOC 22007-14",0,0
"2026-09-16","CG 190228-2",0,0
"2026-09-16","MOORE",0,0
"2026-09-16","KZ-1931",0,0
"2026-09-16","KZ-1928",0,0
"2026-09-16","MULAN 8306-K19",0,0
"2026-09-16","KZ-1900",0,0
"2026-09-16","HERA",48,0
"2026-09-16","MIA-IV",22,0
"2026-09-16","ELENA L1992-28",0,0
"2026-09-16","FRESIA",15,0
"2026-09-16","NUT",0,0
"2026-09-16","MAREA",0,0
"2026-09-16","CAYENA",0,0
"2026-09-16","LILY 22006-7",0,0
"2026-09-16","INDIGO 1D8055-W33",0,0
"2026-09-16","LIS-II",0,0
"2026-09-16","ASTRID",0,0
"2026-09-16","ACACIA YQ7581-H68",0,0
"2026-09-16","KZ-1938",0,0
"2026-09-16","DANA",0,0
"2026-09-16","GIRASOL",7,0
"2026-09-16","WANDA",0,0
"2026-09-16","DIANA 19269-24",0,0
"2026-09-16","MILLY 23120-1",0,0
"2026-09-16","PAULA-II",0,0
"2026-09-16","HEIDY 21219-8",0,0
"2026-09-16","MILKA",0,0
"2026-09-16","KELLY",0,0
"2026-09-16","ORQUIDEA-II",12,0
"2026-09-16","CHORONI",0,0
"2026-09-16","KRISS",0,0
"2026-09-16","ISLA",28,0
"2026-09-16","TYLER",0,0
"2026-09-16","LALA WH-W06",37,0
"2026-09-16",,0,0
"2026-09-16","TERRA",18,0
"2026-09-16","VIDIA",27,0
"2026-09-16","KZ-1899",18,0
"2026-09-16","BRISA",25,0
"2026-09-16","ELSA (C109-240206-1)",0,0
"2026-09-16","SARI",0,0
"2026-09-16","ARENA",0,0
"2026-09-16","LEA BF2405",0,0
"2026-09-16","ELBA RM-15",0,0
"2026-09-16","MILLIE",21,0
"2026-09-16","ARIA P1080-5",0,0
"2026-09-16","RISA",0,0
"2026-09-16","KZ-1917",0,0
"2026-09-16","KARINA",0,0
"2026-09-16","KZ-1902",12,0
"2026-09-16","LILA (LC222036)",0,0
"2026-09-16","SABI 23147-6",0,0
"2026-09-16","MAYRA",0,0
"2026-09-16","ROXANA",15,0
"2026-09-16","ISABEL",0,0
"2026-09-16","SALLY",0,0
"2026-09-16","KZ-1927",0,0
"2026-09-16","DAYRA",0,0
"2026-09-16","KZ-1901",0,0
"2026-09-16","Untitled Feb3_22:12",0,0
"2026-09-16","ALMA (C082-230803-32)",0,0
"2026-09-16","LC-DH-9",0,0
"2026-09-16","MORELA",0,0
"2026-09-16","ATENEA",7,0
"2026-09-16","VEGA (LC-DH-43)",0,0
"2026-09-16","SCARLET",0,0
"2026-09-16","LYNN",0,0
"2026-09-16","ORQUIDEA",0,0
"2026-09-16","CADIE P1090-1",0,0
"2026-09-16","LISETH L1982-70",0,0
"2026-09-16","SHANNON",0,0
"2026-09-16","EILEEN P1078-12",0,0
"2026-09-16","KZ-1921",0,0
"2026-09-16","AURA BF2406",0,0
"2026-09-16","LIRIO  WAN-005",0,0
"2026-09-16","ZHENITH",21,0
"2026-09-16","KLARA  23247-4",0,0
"2026-09-16","ELSA-II",0,0
"2026-09-16","FILCH 23198-7",0,0
"2026-09-16","ASHLEY L1895-36",0,0
"2026-09-16","MARBE BF2403",0,0
"2026-09-16","SOFIA",0,0
"2026-09-16","KATIA  XIN-002",0,0
"2026-09-16","FABIOLA",0,0
"2026-09-16","ELEIDY",0,0
"2026-09-16","P956-7",0,0
"2026-09-16","CALA  WAN-002",0,0
"2026-09-16","LELIS WH-W07",0,0
"2026-09-16","HEART  WAN-0010",0,0
"2026-09-16","MIEL",49,0
"2026-09-16","MOHANA 8302-K40",0,0
"2026-09-16","PARAISO-II",0,0
"2026-09-16","PARAISO",0,0
"2026-09-16","NIKKI",0,0
"2026-09-16","IVY",0,0
"2026-09-16","KETTE L1985A-6",0,0
"2026-09-16","MIN",0,0
"2026-09-16","HILDA",0,0
"2026-09-16","ALAIA-II",0,0
"2026-09-16","KZ-1896",0,0
"2026-09-16","YOLANDA",0,0
"2026-09-16","AVILA",0,0
"2026-09-16","GLISS",17,0
"2026-09-16","SONYA",0,0
"2026-09-16","KZ-1919",0,0
"2026-09-16","BRENDA",0,0
"2026-09-16","PAULA",0,0
"2026-09-16","DALIA YQ7516-F78",0,0
"2026-09-16","ARIEL 8306-K15",0,0
"2026-09-16","DYER",27,0
"2026-09-16","KZ-1918",0,0
"2026-09-16","CORAL",0,0
"2026-09-16","KZ-1897",0,0
"2026-09-16","P990-2",0,0
"2026-09-16","KATALEYA  XIN-003",0,0
"2026-09-16","MAGA BF2401",0,0
"2026-09-16","KERLY",0,0
"2026-09-16","KEELY",0,0
"2026-09-16","KZ-1925",0,0
"2026-09-16","MIA-III",0,0
"2026-09-16","GEMA BN1925-K6",0,0
"2026-09-16","CIRA RMC13",0,0
"2026-09-16","PILIN",31,0
"2026-09-16","DALILA",0,0
"2026-09-16","ZURY WH-W013",0,0
"2026-09-16","NOA",29,0
"2026-09-16","CAROLINA",0,0
"2026-09-16","DALILA-II",23,0
"2026-09-16","DETTE 23046-35",0,0
"2026-09-16","JJW-5",0,0
"2026-09-16","NEKO RM-12",0,0
"2026-09-16","RUDDY",0,0
"2026-09-16","FEDRA",0,0
"2026-09-16","GIA",33,0
"2026-09-16","CARIDAD",0,0
"2026-09-16","MARTHA",0,0
"2026-09-16","MONICA",0,0
"2026-09-16","DANIELA",0,0
"2026-09-16","JJW-7",0,0
"2026-09-16","SHERYL",0,0
"2026-09-16","P1061-7",0,0
"2026-09-16","PEGGY BF2408",0,0
"2026-09-16","JJW-1",0,0
"2026-09-16","BYl111-K2",0,0
"2026-09-16","STELLA L1870-40",0,0
"2026-09-16","CAROL BF2402",0,0
"2026-09-16","LALY WH-W08",0,0
"2026-09-16","C015-220520-3",0,0
"2026-09-16","MEDINA",0,0
"2026-09-16","GLEDYS",0,0
"2026-09-16","CHLOE  P1081-3",0,0
"2026-09-16","BEGONIA YQ7667-H08",0,0
"2026-09-16","DAFNE  XIN-001",0,0
"2026-09-16","DINA BF2411",0,0
"2026-09-16","MORAN",28,0
"2026-09-16","AMANDA",0,0
"2026-09-16","LIBIA",0,0
"2026-09-16","CATA",0,0
"2026-09-16","FLAVIA",0,0
"2026-09-16","MONIC RM-11",0,0
"2026-09-16","KZ-1893",0,0
"2026-09-16","GALENA P1094-4",0,0
"2026-09-16","NORKYS",0,0
"2026-09-16","JJW-8",0,0
"2026-09-16","7979-K28",0,0
"2026-09-16","KZ-1904",0,0
"2026-09-16","MIRTHA",0,0
"2026-09-16","TIFFANY",0,0
"2026-09-16","P448-91",0,0
"2026-09-16","MIRIAM",0,0
"2026-09-16","FRESNO(AT-014)",0,0
"2026-09-16","SUSANA",0,0
"2026-09-16","JOY",0,0
"2026-09-16","8E0213-8",0,0
"2026-09-16","CANAIMA",0,0
"2026-09-16","AURORA 8302-K3",0,0
"2026-09-16","ZARA",26,0
"2026-09-16","VANESSA",0,0
"2026-09-16","LOLA-II",0,0
"2026-09-16","ESPIREA  WAN-004",0,0
"2026-09-16","IVONNE",0,0
"2026-09-16","PRIAH",25,0
"2026-09-16","CELIA P1086-5",0,0
"2026-09-16","8E0145-20",0,0
"2026-09-16","KZ-1936",0,0
"2026-09-16","LC-ST-19",0,0
"2026-09-16","CAURA",0,0
"2026-09-16","KZ-1914",0,0
"2026-09-16","MAITE",0,0
"2026-09-16","JLP1025-5",0,0
"2026-09-16","ELIS",0,0
"2026-09-16","NURIS WH-W01",0,0
"2026-09-16","MIYI RMC12",0,0
"2026-09-16","JERZY",0,0
"2026-09-16","SELENA L2801-3",0,0
"2026-09-16","CARISSA",19,0
"2026-09-16","VENUS",30,0
"2026-09-16","AMAPOLA-II",17,0
"2026-09-16","KZ-1922",0,0
"2026-09-16","SALOME",38,0
"2026-09-16","NIURKA",0,0
"2026-09-16","IRENE",0,0
"2026-09-16","CHOCO",0,0
"2026-09-16","MARGARET",27,0
"2026-09-16","ODA",0,0
"2026-09-16","DARA RM-09",0,0
"2026-09-16","EFFIE  XZ51-1",0,0
"2026-09-16","MALIA",0,0
"2026-09-16","MACUTO",0,0
"2026-09-16","YULI 23148-11",0,0
"2026-09-16","SADIE",16,0
"2026-09-16","VERO RM-14",0,0
"2026-09-16","CLAVEL",0,0
"2026-09-16","GLORIA",0,0
"2026-09-16","KZ-1920",0,0
"2026-09-16","EMMA (C082-230803-10)",0,0
"2026-09-16","DAYANA",0,0
"2026-09-16","C082-1",0,0
"2026-09-16","MORA BF2414",19,0
"2026-09-16","ALICIA  P1091-4",0,0
"2026-09-16","MARTA",0,0
"2026-09-16","JASMIN 8306-K7",0,0
"2026-09-16","TOÑA RMC9",26,0
"2026-09-16","ELLA",0,0
"2026-09-16","CRISBEL",0,0
"2026-09-16","YURI WH-W02",0,0
"2026-09-16","CLARION",25,0
"2026-09-16","CARLA (C015-231009-6)",0,0
"2026-09-16","FATIMA",0,0
"2026-09-16","NURY",20,0
"2026-09-16","KZ-1915",0,0
"2026-09-16","NACARID",28,0
"2026-09-16","LOAD",0,0
"2026-09-16","C015-221019-7",0,0
"2026-09-16","8E0075-7",0,0
"2026-09-16","KZ-1926",0,0
"2026-09-16","ELDA BF2409",0,0
"2026-09-16","KZ-1924",0,0
"2026-09-16","TABEI",0,0
"2026-09-16","MERIDA 8302-K96",0,0
"2026-09-16","BETHANY",0,0
"2026-09-16","LEILANI YQ7542-H34B",0,0
"2026-09-16","POLINA",27,0
"2026-09-16","ANARE",0,0
"2026-09-16","YULIKA",0,0
"2026-09-16","MARITA",0,0
"2026-09-16","IVES",27,0
"2026-09-16","LIS (C082-240426-5)",0,0
"2026-09-16","LUCY",0,0
"2026-09-16","TERESA",0,0
"2026-09-16","SARI WH-W03",0,0
"2026-09-16","GAIA",0,0
"2026-09-16","MOLLY 20124-43",0,0
"2026-09-16","LESLIE L1920-21A",0,0
"2026-09-16","KZ-1923",0,0
"2026-09-16","KAMI BF2410",0,0
"2026-09-16","MARGARITA",0,0
"2026-09-16","KIARA",0,0
"2026-09-16","SOFIA-II",0,0
"2026-09-16","JANE BF2412",0,0
"2026-09-16","NIEVES 11134-K37",0,0
"2026-09-16","FLORA YQ7581-H86",0,0
"2026-09-16","NOHELY",0,0
"2026-09-16","IVETTE",0,0
"2026-09-16","VEGA-II",0,0
"2026-09-17","AMAPOLA",0,0
"2026-09-17","LUPITA",0,0
"2026-09-17","BRISA",25,0
"2026-09-17","KZ-1899",18,0
"2026-09-17","BRICE L1913-52",0,0
"2026-09-17","SARI",0,0
"2026-09-17","LALY WH-W08",0,0
"2026-09-17","ZULAY",27,0
"2026-09-17","LOTUS 1138265-W54",0,0
"2026-09-17","MIA-V",17,0
"2026-09-17","KZ-1915",0,0
"2026-09-17","BYl111-K2",0,0
"2026-09-17","P1061-7",0,0
"2026-09-17","JJW-1",0,0
"2026-09-17","ISLA",28,0
"2026-09-17","TYLER",0,0
"2026-09-17","KRISS",0,0
"2026-09-17","GIA",32,0
"2026-09-17","SHERYL",0,0
"2026-09-17","KATIA  XIN-002",0,0
"2026-09-17","MONICA",0,0
"2026-09-17","CHORONI",0,0
"2026-09-17","ORQUIDEA-II",12,0
"2026-09-17","JOY",0,0
"2026-09-17","TINA",0,0
"2026-09-17","LUNA WH-W11",0,0
"2026-09-17","LOLA-II",0,0
"2026-09-17","VANESSA",0,0
"2026-09-17","SCARLET",0,0
"2026-09-17","LESLIE L1920-21A",0,0
"2026-09-17","MOLLY 20124-43",0,0
"2026-09-17","ELENA L1992-28",0,0
"2026-09-17","MAGA BF2401",0,0
"2026-09-17","GLEDYS",0,0
"2026-09-17","KASSIA",0,0
"2026-09-17","MIA-II",0,0
"2026-09-17","ALMA-II",0,0
"2026-09-17","NIRAJ 1D8033-W44",0,0
"2026-09-17","ORCHILA",0,0
"2026-09-17","NURIS WH-W01",0,0
"2026-09-17","MEDINA",0,0
"2026-09-17","JENNY",0,0
"2026-09-17","DUNA",0,0
"2026-09-17","CLAUDIA",0,0
"2026-09-17","KZ-1913",0,0
"2026-09-17","YURI WH-W02",0,0
"2026-09-17","CRISBEL",0,0
"2026-09-17","11134-K3",0,0
"2026-09-17","MADELYN",30,0
"2026-09-17",,0,0
"2026-09-17","CELIA P1086-5",0,0
"2026-09-17","MILKA",0,0
"2026-09-17","KELLY",0,0
"2026-09-17","RAQUEL",0,0
"2026-09-17","YUDA P1080-15",0,0
"2026-09-17","CARLA (C015-231009-6)",0,0
"2026-09-17","KZ-1935",0,0
"2026-09-17","AURIS RM-13",0,0
"2026-09-17","HEIDY 21219-8",0,0
"2026-09-17","KORA  XIN-005",0,0
"2026-09-17","MILLY 23120-1",0,0
"2026-09-17","KLARA  23247-4",0,0
"2026-09-17","CANAIMA",0,0
"2026-09-17","JASMIN 8306-K7",0,0
"2026-09-17","TIFFANY",0,0
"2026-09-17","DARA RM-09",0,0
"2026-09-17","LIS-II",0,0
"2026-09-17","ASTRID",0,0
"2026-09-17","LIS (C082-240426-5)",0,0
"2026-09-17","SALOME",38,0
"2026-09-17","AMAPOLA-II",16,0
"2026-09-17","KZ-1922",0,0
"2026-09-17","VENUS",30,0
"2026-09-17","NOA",29,0
"2026-09-17","CARISSA",19,0
"2026-09-17","EVA",0,0
"2026-09-17","SOL",0,0
"2026-09-17","IVES",28,0
"2026-09-17","ZARINA",0,0
"2026-09-17","PILAR",0,0
"2026-09-17","MERIDA 8302-K96",0,0
"2026-09-17","PAULA",0,0
"2026-09-17","ETTA L1996-9",0,0
"2026-09-17","KETTE L1985A-6",0,0
"2026-09-17","NIKKI",0,0
"2026-09-17","PARAISO",0,0
"2026-09-17","KZ-1928",0,0
"2026-09-17","CAROL BF2402",0,0
"2026-09-17","HADA BF2407",0,0
"2026-09-17","STELLA L1870-40",0,0
"2026-09-17","SANDRA",0,0
"2026-09-17","KZ-1916",0,0
"2026-09-17","DINIRA",0,0
"2026-09-17","NATALIA",0,0
"2026-09-17","BECKY",32,0
"2026-09-17","KZ-1937",13,0
"2026-09-17","CLARION",25,0
"2026-09-17","LC-ST-19",0,0
"2026-09-17","DEMI ZS16-15",0,0
"2026-09-17","AZUCENA",0,0
"2026-09-17","JJW-6",0,0
"2026-09-17","FEDRA",0,0
"2026-09-17","PRIAH",25,0
"2026-09-17","DETTE 23046-35",0,0
"2026-09-17","CHOCO",0,0
"2026-09-17","MARGARET",27,0
"2026-09-17","IRENE",0,0
"2026-09-17","YULI 23148-11",0,0
"2026-09-17","MONIC RM-11",0,0
"2026-09-17","KEELY",0,0
"2026-09-17","KZ-1925",0,0
"2026-09-17","KZ-1901",0,0
"2026-09-17","DAYRA",0,0
"2026-09-17","KERLY",0,0
"2026-09-17","GEMA BN1925-K6",0,0
"2026-09-17","LAURA",0,0
"2026-09-17","REGINA",0,0
"2026-09-17","POLINA",27,0
"2026-09-17","KZ-1902",11,0
"2026-09-17","LILA (LC222036)",0,0
"2026-09-17","HILDA",0,0
"2026-09-17","SABI 23147-6",0,0
"2026-09-17","NACARID",28,0
"2026-09-17","LOAD",0,0
"2026-09-17","KZ-1929",0,0
"2026-09-17","MELISSA 1D4265-W14",0,0
"2026-09-17","P956-7",0,0
"2026-09-17","BELLA 8302-K51",0,0
"2026-09-17","FILCH 23198-7",0,0
"2026-09-17","KZ-1936",0,0
"2026-09-17","MARBE BF2403",0,0
"2026-09-17","ASHLEY L1895-36",0,0
"2026-09-17","8E0145-20",0,0
"2026-09-17","MABEL",0,0
"2026-09-17","RUDDY",0,0
"2026-09-17","NEKO RM-12",0,0
"2026-09-17","LARA (LC311546)",0,0
"2026-09-17","ZHENITH",20,0
"2026-09-17","8E0213-8",0,0
"2026-09-17","ROSA (LC222011)",0,0
"2026-09-17","BLANCA 11134-K31",0,0
"2026-09-17","SHANNON",0,0
"2026-09-17","ALAIA (C082-20231027-23)",0,0
"2026-09-17","ORQUIDEA",0,0
"2026-09-17","LYNN",0,0
"2026-09-17","VERO RM-14",0,0
"2026-09-17","7979-K28",0,0
"2026-09-17","GLORIA",0,0
"2026-09-17","CLAVEL",0,0
"2026-09-17","KZ-1938",0,0
"2026-09-17","ZURY WH-W013",0,0
"2026-09-17","PILIN",31,0
"2026-09-17","P990-2",0,0
"2026-09-17","LEILANI YQ7542-H34B",0,0
"2026-09-17","LC-DH-33",0,0
"2026-09-17","ISABEL",0,0
"2026-09-17","ROXANA",15,0
"2026-09-17","KZ-1927",0,0
"2026-09-17","SALLY",0,0
"2026-09-17","MAYRA",0,0
"2026-09-17","ALAIA-II",0,0
"2026-09-17","YOLANDA",0,0
"2026-09-17","KZ-1896",0,0
"2026-09-17","GLISS",17,0
"2026-09-17","AVILA",0,0
"2026-09-17","JERZY",0,0
"2026-09-17","ELBA RM-15",0,0
"2026-09-17","NIEBLA 4020-24",0,0
"2026-09-17","MIEL",49,0
"2026-09-17","CHOC 22007-14",0,0
"2026-09-17","INES",0,0
"2026-09-17","8E0072-26",0,0
"2026-09-17","AVA  P1094-2",0,0
"2026-09-17","KZ-1930",0,0
"2026-09-17","TILA WH-W04",0,0
"2026-09-17","CAURA",0,0
"2026-09-17","MAITE",0,0
"2026-09-17","KZ-1914",0,0
"2026-09-17","CLARA P1067-7",0,0
"2026-09-17","FATIMA",0,0
"2026-09-17","NURY",20,0
"2026-09-17","ELSA (C109-240206-1)",0,0
"2026-09-17","ELSA-II",0,0
"2026-09-17","TOÑA RMC9",26,0
"2026-09-17","KZ-1910",0,0
"2026-09-17","KIARA",0,0
"2026-09-17","YULE",10,0
"2026-09-17","PARIS",0,0
"2026-09-17","NOHELY",0,0
"2026-09-17","IVETTE",0,0
"2026-09-17","VEGA-II",0,0
"2026-09-17","LISETH L1982-70",0,0
"2026-09-17","KZ-1921",0,0
"2026-09-17","DIANA 19269-24",0,0
"2026-09-17","KZ-1905",0,0
"2026-09-17","P448-91",0,0
"2026-09-17","FLORA YQ7581-H86",0,0
"2026-09-17","NIEVES 11134-K37",0,0
"2026-09-17","MIRIAM",0,0
"2026-09-17","SUSANA",0,0
"2026-09-17","VIVIANA",0,0
"2026-09-17","MALENA",0,0
"2026-09-17","EDNA BF2413",0,0
"2026-09-17","WANDA",0,0
"2026-09-17","CADIE P1090-1",0,0
"2026-09-17","KZ-1904",0,0
"2026-09-17","MIRTHA",0,0
"2026-09-17","KZ-1920",0,0
"2026-09-17","ALMA (C082-230803-32)",0,0
"2026-09-17","NORKYS",0,0
"2026-09-17","JJW-8",0,0
"2026-09-17","MORELA",0,0
"2026-09-17","ATENEA",8,0
"2026-09-17","EFFIE  XZ51-1",0,0
"2026-09-17","ODA",0,0
"2026-09-17","CAYENA",0,0
"2026-09-17","LILY 22006-7",0,0
"2026-09-17","NIURKA",0,0
"2026-09-17","INDIGO 1D8055-W33",0,0
"2026-09-17","BALMAT",0,0
"2026-09-17","TERESA",0,0
"2026-09-17","LUCY",0,0
"2026-09-17","LC-DH-9",0,0
"2026-09-17","TABEI",0,0
"2026-09-17","ELDA BF2409",0,0
"2026-09-17","ARENA",0,0
"2026-09-17","LEA BF2405",0,0
"2026-09-17","KZ-1917",0,0
"2026-09-17","KARINA",0,0
"2026-09-17","JLP1025-5",0,0
"2026-09-17","MOHANA 8302-K40",0,0
"2026-09-17","PEGGY BF2408",0,0
"2026-09-17","LOLA (LC311595)",0,0
"2026-09-17","OLAS",0,0
"2026-09-17","YUKI",0,0
"2026-09-17","LELIS WH-W07",0,0
"2026-09-17","CALA  WAN-002",0,0
"2026-09-17","EVAM 21142-7",0,0
"2026-09-17","PATTY L1913-89",0,0
"2026-09-17","MARTHA",0,0
"2026-09-17","CARIDAD",0,0
"2026-09-17","LC-DH-39",0,0
"2026-09-17","MILENA",31,0
"2026-09-17","ASTER 1D8055-W28",0,0
"2026-09-17","TANIA",0,0
"2026-09-17","GALA",24,0
"2026-09-17","LYRIA",0,0
"2026-09-17","IVONNE",0,0
"2026-09-17","MOCHIMA",0,0
"2026-09-17","CORAIMA",0,0
"2026-09-17","LIRIO  WAN-005",0,0
"2026-09-17","CARMEN-II",27,0
"2026-09-17","AMI",0,0
"2026-09-17","DAYANA",0,0
"2026-09-17","MORA BF2414",19,0
"2026-09-17","MARTA",0,0
"2026-09-17","C082-1",0,0
"2026-09-17","GAIA",0,0
"2026-09-17","SARI WH-W03",0,0
"2026-09-17","FRESIA",15,0
"2026-09-17","KZ-1924",0,0
"2026-09-17","SELENA L2801-3",0,0
"2026-09-17","CORAL",0,0
"2026-09-17","MIA (C109-240206-32)",0,0
"2026-09-17","MARA BF2404",0,0
"2026-09-17","SONYA",0,0
"2026-09-17","C015-221019-7",0,0
"2026-09-17","BRENDA",0,0
"2026-09-17","KZ-1919",0,0
"2026-09-17","RISA",0,0
"2026-09-17","MILLIE",21,0
"2026-09-17","GATEN",0,0
"2026-09-17","TULIPAN",17,0
"2026-09-17","ARIA P1080-5",0,0
"2026-09-17","NARDO",0,0
"2026-09-17","KZ-1898",0,0
"2026-09-17","KZ-1933",14,0
"2026-09-17","MIYI RMC12",0,0
"2026-09-17","C015-220520-3",0,0
"2026-09-17","ELIS",0,0
"2026-09-17","MIMI",0,0
"2026-09-17","CG 190228-2",0,0
"2026-09-17","TERRA",18,0
"2026-09-17","VIDIA",27,0
"2026-09-17","LALA WH-W06",37,0
"2026-09-17","MOORE",0,0
"2026-09-17","HEART  WAN-0010",0,0
"2026-09-17","KZ-1931",0,0
"2026-09-17","ELLA",0,0
"2026-09-17","SOFIA",0,0
"2026-09-17","JJW-5",0,0
"2026-09-17","KZ-1934",0,0
"2026-09-17","AURORA 8302-K3",0,0
"2026-09-17","DIVA",0,0
"2026-09-17","EILEEN P1078-12",0,0
"2026-09-17","AURA BF2406",0,0
"2026-09-17","SADIE",16,0
"2026-09-17","MACUTO",0,0
"2026-09-17","Untitled Feb3_22:12",0,0
"2026-09-17","NELLY",0,0
"2026-09-17","TATIANA",0,0
"2026-09-17","MAREA",0,0
"2026-09-17","HERA",48,0
"2026-09-17","MIA-IV",22,0
"2026-09-17","KZ-1900",0,0
"2026-09-17","KATALEYA  XIN-003",0,0
"2026-09-17","MARITA",0,0
"2026-09-17","ANARE",0,0
"2026-09-17","YULIKA",0,0
"2026-09-17","LIBIA",0,0
"2026-09-17","NUT",0,0
"2026-09-17","MULAN 8306-K19",0,0
"2026-09-17","DALIA YQ7516-F78",0,0
"2026-09-17","ARIEL 8306-K15",0,0
"2026-09-17","KZ-1897",0,0
"2026-09-17","MORAN",28,0
"2026-09-17","DINA BF2411",0,0
"2026-09-17","MIRAC P1061-9",0,0
"2026-09-17","MIN",0,0
"2026-09-17","IVY",0,0
"2026-09-17","AMANDA",0,0
"2026-09-17","BAHIA",0,0
"2026-09-17","AGUA",0,0
"2026-09-17","JJW-3",0,0
"2026-09-17","KZ-1932",0,0
"2026-09-17","MAYA",22,0
"2026-09-17","GARDENIA YQ7510-H34",0,0
"2026-09-17","MAR",0,0
"2026-09-17","NARCISO  WAN-008",0,0
"2026-09-17","MIA-2 (C109-240205-2)",0,0
"2026-09-17","JJW-7",0,0
"2026-09-17","DANIELA",0,0
"2026-09-17","ELEIDY",0,0
"2026-09-17","FABIOLA",0,0
"2026-09-17","LIENZO",25,0
"2026-09-17","ESPIREA  WAN-004",0,0
"2026-09-17","PAULA-II",0,0
"2026-09-17","ZARA",26,0
"2026-09-17","JANE BF2412",0,0
"2026-09-17","FRESNO(AT-014)",0,0
"2026-09-17","SOFIA-II",0,0
"2026-09-17","CAROLINA",0,0
"2026-09-17","DALILA-II",23,0
"2026-09-17","YELA 23178-11",0,0
"2026-09-17","MARGARITA",0,0
"2026-09-17","ALICIA  P1091-4",0,0
"2026-09-17","KZ-1893",0,0
"2026-09-17","DALILA",0,0
"2026-09-17","ACACIA YQ7581-H68",0,0
"2026-09-17","KAMI BF2410",0,0
"2026-09-17","KZ-1923",0,0
"2026-09-17","VEGA (LC-DH-43)",0,0
"2026-09-17","GIRASOL",7,0
"2026-09-17","GALENA P1094-4",0,0
"2026-09-17","DANA",0,0
"2026-09-17","MALIA",0,0
"2026-09-17","KZ-1939",15,0
"2026-09-17","CIRA RMC13",0,0
"2026-09-17","MIA-III",0,0
"2026-09-17","FLAVIA",0,0
"2026-09-17","EMMA (C082-230803-10)",0,0
"2026-09-17","CATA",0,0
"2026-09-17","BETHANY",0,0
"2026-09-17","DYER",27,0
"2026-09-17","KZ-1918",0,0
"2026-09-17","PARAISO-II",0,0
"2026-09-17","8E0075-7",0,0
"2026-09-17","KZ-1926",0,0
"2026-09-17","BEGONIA YQ7667-H08",0,0
"2026-09-17","DAFNE  XIN-001",0,0
"2026-09-17","CHLOE  P1081-3",0,0
"2026-09-18","KZ-1904",0,0
"2026-09-18","MIRTHA",0,0
"2026-09-18","KZ-1905",0,0
"2026-09-18","KIARA",0,0
"2026-09-18","ALICIA  P1091-4",0,0
"2026-09-18","ODA",0,0
"2026-09-18","PILIN",29,0
"2026-09-18","ASTRID",0,0
"2026-09-18","LIS-II",0,0
"2026-09-18","ZURY WH-W013",0,0
"2026-09-18","SADIE",24,0
"2026-09-18","MACUTO",0,0
"2026-09-18","ELENA L1992-28",0,0
"2026-09-18","LIBIA",0,0
"2026-09-18","MIN",0,0
"2026-09-18","MARITA",0,0
"2026-09-18","KZ-1924",0,0
"2026-09-18","IVES",35,0
"2026-09-18","CHOC 22007-14",0,0
"2026-09-18","MIA-V",17,0
"2026-09-18","ZULAY",27,0
"2026-09-18","EVAM 21142-7",0,0
"2026-09-18","JOY",0,0
"2026-09-18","PRIAH",22,0
"2026-09-18","ELEIDY",0,0
"2026-09-18","FABIOLA",0,0
"2026-09-18","CORAIMA",0,0
"2026-09-18","MOCHIMA",0,0
"2026-09-18","KELLY",0,0
"2026-09-18","MILKA",0,0
"2026-09-18","KZ-1920",0,0
"2026-09-18","MARGARITA",0,0
"2026-09-18","EILEEN P1078-12",0,0
"2026-09-18","VEGA-II",0,0
"2026-09-18","IVETTE",0,0
"2026-09-18","CADIE P1090-1",0,0
"2026-09-18","NOHELY",0,0
"2026-09-18","CARMEN-II",26,0
"2026-09-18","MONIC RM-11",0,0
"2026-09-18","AMI",0,0
"2026-09-18","DALILA",0,0
"2026-09-18","TABEI",0,0
"2026-09-18","PILAR",0,0
"2026-09-18","ZARINA",0,0
"2026-09-18","MIA-2 (C109-240205-2)",0,0
"2026-09-18","FRESIA",14,0
"2026-09-18","MERIDA 8302-K96",0,0
"2026-09-18","KERLY",0,0
"2026-09-18","BRENDA",0,0
"2026-09-18","KZ-1919",0,0
"2026-09-18","MIRAC P1061-9",0,0
"2026-09-18","SONYA",0,0
"2026-09-18","GLISS",16,0
"2026-09-18","ALAIA-II",0,0
"2026-09-18","YOLANDA",0,0
"2026-09-18","KZ-1896",0,0
"2026-09-18","AVILA",0,0
"2026-09-18","KZ-1926",0,0
"2026-09-18","8E0075-7",0,0
"2026-09-18","EVA",0,0
"2026-09-18","SELENA L2801-3",0,0
"2026-09-18","KZ-1902",11,0
"2026-09-18","SOL",0,0
"2026-09-18","ROXANA",26,0
"2026-09-18","ISABEL",0,0
"2026-09-18","KZ-1927",0,0
"2026-09-18","KETTE L1985A-6",0,0
"2026-09-18","SALLY",0,0
"2026-09-18","PAULA",0,0
"2026-09-18","LC-DH-33",0,0
"2026-09-18","KZ-1929",0,0
"2026-09-18","ELBA RM-15",0,0
"2026-09-18","JJW-1",0,0
"2026-09-18","BYl111-K2",0,0
"2026-09-18","P1061-7",0,0
"2026-09-18","NARCISO  WAN-008",0,0
"2026-09-18","VIDIA",27,0
"2026-09-18","TERRA",18,0
"2026-09-18","LALA WH-W06",37,0
"2026-09-18","ELSA-II",0,0
"2026-09-18","CHORONI",0,0
"2026-09-18","ORQUIDEA-II",18,0
"2026-09-18","CRISBEL",0,0
"2026-09-18","YURI WH-W02",0,0
"2026-09-18","CELIA P1086-5",0,0
"2026-09-18","MILLY 23120-1",0,0
"2026-09-18","RAQUEL",0,0
"2026-09-18","TOÑA RMC9",26,0
"2026-09-18","LISETH L1982-70",0,0
"2026-09-18","WANDA",0,0
"2026-09-18","KZ-1921",0,0
"2026-09-18","YULI 23148-11",0,0
"2026-09-18","KAMI BF2410",0,0
"2026-09-18","KZ-1923",0,0
"2026-09-18","INDIGO 1D8055-W33",0,0
"2026-09-18","IVY",0,0
"2026-09-18","POLINA",27,0
"2026-09-18","P990-2",0,0
"2026-09-18","MULAN 8306-K19",0,0
"2026-09-18","LC-DH-9",0,0
"2026-09-18","MIA-III",0,0
"2026-09-18","CIRA RMC13",0,0
"2026-09-18","KEELY",0,0
"2026-09-18","KZ-1925",0,0
"2026-09-18","SABI 23147-6",0,0
"2026-09-18","LILA (LC222036)",0,0
"2026-09-18","GATEN",0,0
"2026-09-18","TULIPAN",15,0
"2026-09-18","KZ-1914",0,0
"2026-09-18","CAURA",0,0
"2026-09-18","MAITE",0,0
"2026-09-18","AVA  P1094-2",0,0
"2026-09-18","LELIS WH-W07",0,0
"2026-09-18","CALA  WAN-002",0,0
"2026-09-18","LIENZO",24,0
"2026-09-18","PATTY L1913-89",0,0
"2026-09-18","LC-DH-39",0,0
"2026-09-18","MILENA",31,0
"2026-09-18","LYRIA",0,0
"2026-09-18","TANIA",0,0
"2026-09-18","GALA",20,0
"2026-09-18","AURIS RM-13",0,0
"2026-09-18","JJW-5",0,0
"2026-09-18","ALMA (C082-230803-32)",0,0
"2026-09-18","DETTE 23046-35",0,0
"2026-09-18","ELSA (C109-240206-1)",0,0
"2026-09-18","KZ-1939",15,0
"2026-09-18","JJW-8",0,0
"2026-09-18","NORKYS",0,0
"2026-09-18","TATIANA",0,0
"2026-09-18","KATALEYA  XIN-003",0,0
"2026-09-18","NELLY",0,0
"2026-09-18","ETTA L1996-9",0,0
"2026-09-18","PARAISO-II",0,0
"2026-09-18","ELDA BF2409",0,0
"2026-09-18","AMANDA",0,0
"2026-09-18","MARA BF2404",0,0
"2026-09-18","MORAN",27,0
"2026-09-18","DINA BF2411",0,0
"2026-09-18","C015-221019-7",0,0
"2026-09-18","KZ-1916",0,0
"2026-09-18","ARIA P1080-5",0,0
"2026-09-18","SANDRA",0,0
"2026-09-18","DINIRA",0,0
"2026-09-18","MAR",0,0
"2026-09-18","KZ-1933",14,0
"2026-09-18","KARINA",0,0
"2026-09-18","KZ-1917",0,0
"2026-09-18","NURIS WH-W01",0,0
"2026-09-18","NARDO",0,0
"2026-09-18","KZ-1898",0,0
"2026-09-18","MOHANA 8302-K40",0,0
"2026-09-18","KZ-1915",0,0
"2026-09-18",,0,0
"2026-09-18","LC-ST-19",0,0
"2026-09-18","KORA  XIN-005",0,0
"2026-09-18","IVONNE",0,0
"2026-09-18","BLANCA 11134-K31",0,0
"2026-09-18","ROSA (LC222011)",0,0
"2026-09-18","LARA (LC311546)",0,0
"2026-09-18","KZ-1935",0,0
"2026-09-18","AURORA 8302-K3",0,0
"2026-09-18","TIFFANY",0,0
"2026-09-18","P448-91",0,0
"2026-09-18","MIRIAM",0,0
"2026-09-18","SUSANA",0,0
"2026-09-18","NOA",27,0
"2026-09-18","EFFIE  XZ51-1",0,0
"2026-09-18","MOLLY 20124-43",0,0
"2026-09-18","LESLIE L1920-21A",0,0
"2026-09-18","KZ-1893",0,0
"2026-09-18","CHOCO",0,0
"2026-09-18","MARGARET",26,0
"2026-09-18","IRENE",0,0
"2026-09-18","MAREA",0,0
"2026-09-18","CARISSA",19,0
"2026-09-18","PARAISO",0,0
"2026-09-18","NIKKI",0,0
"2026-09-18","CORAL",0,0
"2026-09-18","NUT",0,0
"2026-09-18","BRISA",25,0
"2026-09-18","KZ-1899",18,0
"2026-09-18","SARI",0,0
"2026-09-18","ORCHILA",0,0
"2026-09-18","MIA (C109-240206-32)",0,0
"2026-09-18","JLP1025-5",0,0
"2026-09-18","HADA BF2407",0,0
"2026-09-18","AMAPOLA",0,0
"2026-09-18","BRICE L1913-52",0,0
"2026-09-18","AGUA",0,0
"2026-09-18","BAHIA",0,0
"2026-09-18","JJW-3",0,0
"2026-09-18","KZ-1928",0,0
"2026-09-18","NACARID",28,0
"2026-09-18","NIRAJ 1D8033-W44",0,0
"2026-09-18","LOAD",0,0
"2026-09-18","C015-220520-3",0,0
"2026-09-18","HEART  WAN-0010",0,0
"2026-09-18","P956-7",0,0
"2026-09-18","NURY",20,0
"2026-09-18","FATIMA",0,0
"2026-09-18","INES",0,0
"2026-09-18","BELLA 8302-K51",0,0
"2026-09-18","KZ-1931",0,0
"2026-09-18","MOORE",0,0
"2026-09-18","MIMI",0,0
"2026-09-18","CG 190228-2",0,0
"2026-09-18","AZUCENA",0,0
"2026-09-18","JJW-6",0,0
"2026-09-18","KZ-1913",0,0
"2026-09-18","CLAUDIA",0,0
"2026-09-18","RUDDY",0,0
"2026-09-18","NEKO RM-12",0,0
"2026-09-18","MARTA",0,0
"2026-09-18","MORA BF2414",19,0
"2026-09-18","C082-1",0,0
"2026-09-18","DIANA 19269-24",0,0
"2026-09-18","VERO RM-14",0,0
"2026-09-18","DALILA-II",23,0
"2026-09-18","CAROLINA",0,0
"2026-09-18","TERESA",0,0
"2026-09-18","LUCY",0,0
"2026-09-18","ACACIA YQ7581-H68",0,0
"2026-09-18","NIURKA",0,0
"2026-09-18","VEGA (LC-DH-43)",0,0
"2026-09-18","GAIA",0,0
"2026-09-18","SARI WH-W03",0,0
"2026-09-18","MALIA",0,0
"2026-09-18","LILY 22006-7",0,0
"2026-09-18","DANA",0,0
"2026-09-18","GIRASOL",7,0
"2026-09-18","GEMA BN1925-K6",0,0
"2026-09-18","FLAVIA",0,0
"2026-09-18","CATA",0,0
"2026-09-18","LAURA",0,0
"2026-09-18","REGINA",0,0
"2026-09-18","DALIA YQ7516-F78",0,0
"2026-09-18","MAYRA",0,0
"2026-09-18","ARIEL 8306-K15",0,0
"2026-09-18","GLEDYS",0,0
"2026-09-18","MEDINA",0,0
"2026-09-18","LUPITA",0,0
"2026-09-18","NIEBLA 4020-24",0,0
"2026-09-18","STELLA L1870-40",0,0
"2026-09-18","CAROL BF2402",0,0
"2026-09-18","ARENA",0,0
"2026-09-18","LEA BF2405",0,0
"2026-09-18","LOTUS 1138265-W54",0,0
"2026-09-18","GARDENIA YQ7510-H34",0,0
"2026-09-18","11134-K3",0,0
"2026-09-18","HEIDY 21219-8",0,0
"2026-09-18","CANAIMA",0,0
"2026-09-18","ZARA",26,0
"2026-09-18","ALAIA (C082-20231027-23)",0,0
"2026-09-18","KZ-1910",0,0
"2026-09-18","8E0213-8",0,0
"2026-09-18","ZHENITH",27,0
"2026-09-18","CARLA (C015-231009-6)",0,0
"2026-09-18","SCARLET",0,0
"2026-09-18","FRESNO(AT-014)",0,0
"2026-09-18","LIRIO  WAN-005",0,0
"2026-09-18","7979-K28",0,0
"2026-09-18","YELA 23178-11",0,0
"2026-09-18","CLAVEL",0,0
"2026-09-18","GLORIA",0,0
"2026-09-18","ORQUIDEA",0,0
"2026-09-18","LYNN",0,0
"2026-09-18","AURA BF2406",0,0
"2026-09-18","SHANNON",0,0
"2026-09-18","BALMAT",0,0
"2026-09-18","GALENA P1094-4",0,0
"2026-09-18","VENUS",41,0
"2026-09-18","SALOME",38,0
"2026-09-18","KZ-1922",0,0
"2026-09-18","AMAPOLA-II",11,0
"2026-09-18","CAYENA",0,0
"2026-09-18","ATENEA",8,0
"2026-09-18","MORELA",0,0
"2026-09-18","ANARE",0,0
"2026-09-18","YULIKA",0,0
"2026-09-18","HERA",18,0
"2026-09-18","MIA-IV",21,0
"2026-09-18","KZ-1900",0,0
"2026-09-18","Untitled Feb3_22:12",0,0
"2026-09-18","HILDA",0,0
"2026-09-18","JERZY",0,0
"2026-09-18","KZ-1897",0,0
"2026-09-18","LALY WH-W08",0,0
"2026-09-18","MIYI RMC12",0,0
"2026-09-18","ELIS",0,0
"2026-09-18","RISA",0,0
"2026-09-18","MELISSA 1D4265-W14",0,0
"2026-09-18","MILLIE",21,0
"2026-09-18","TYLER",0,0
"2026-09-18","ISLA",28,0
"2026-09-18","KRISS",0,0
"2026-09-18","MIEL",49,0
"2026-09-18","CLARA P1067-7",0,0
"2026-09-18","MADELYN",28,0
"2026-09-18","8E0145-20",0,0
"2026-09-18","KATIA  XIN-002",0,0
"2026-09-18","KZ-1936",0,0
"2026-09-18","SOFIA",0,0
"2026-09-18","CLARION",25,0
"2026-09-18","MONICA",0,0
"2026-09-18","MARBE BF2403",0,0
"2026-09-18","FILCH 23198-7",0,0
"2026-09-18","ASHLEY L1895-36",0,0
"2026-09-18","ELLA",0,0
"2026-09-18","SHERYL",0,0
"2026-09-18","DEMI ZS16-15",0,0
"2026-09-18","LOLA-II",0,0
"2026-09-18","VANESSA",0,0
"2026-09-18","GIA",32,0
"2026-09-18","KZ-1934",0,0
"2026-09-18","DIVA",0,0
"2026-09-18","YUDA P1080-15",0,0
"2026-09-18","NIEVES 11134-K37",0,0
"2026-09-18","FLORA YQ7581-H86",0,0
"2026-09-18","DAYANA",0,0
"2026-09-18","MALENA",0,0
"2026-09-18","VIVIANA",0,0
"2026-09-18","EDNA BF2413",0,0
"2026-09-18","YULE",10,0
"2026-09-18","PARIS",0,0
"2026-09-18","SOFIA-II",0,0
"2026-09-18","JANE BF2412",0,0
"2026-09-18","KZ-1938",0,0
"2026-09-18","LIS (C082-240426-5)",0,0
"2026-09-18","DARA RM-09",0,0
"2026-09-18","BETHANY",0,0
"2026-09-18","MAGA BF2401",0,0
"2026-09-18","DAYRA",0,0
"2026-09-18","LEILANI YQ7542-H34B",0,0
"2026-09-18","KZ-1901",0,0
"2026-09-18","DYER",23,0
"2026-09-18","CHLOE  P1081-3",0,0
"2026-09-18","DAFNE  XIN-001",0,0
"2026-09-18","BEGONIA YQ7667-H08",0,0
"2026-09-18","KZ-1918",0,0
"2026-09-18","MAYA",21,0
"2026-09-18","KZ-1932",0,0
"2026-09-18","MIA-II",0,0
"2026-09-18","KASSIA",0,0
"2026-09-18","ALMA-II",0,0
"2026-09-18","KZ-1930",0,0
"2026-09-18","8E0072-26",0,0
"2026-09-18","TILA WH-W04",0,0
"2026-09-18","DUNA",0,0
"2026-09-18","JENNY",0,0
"2026-09-18","PEGGY BF2408",0,0
"2026-09-18","BECKY",31,0
"2026-09-18","NATALIA",0,0
"2026-09-18","EMMA (C082-230803-10)",0,0
"2026-09-18","YUKI",0,0
"2026-09-18","LOLA (LC311595)",0,0
"2026-09-18","OLAS",0,0
"2026-09-18","FEDRA",0,0
"2026-09-18","MARTHA",0,0
"2026-09-18","CARIDAD",0,0
"2026-09-18","DANIELA",0,0
"2026-09-18","JJW-7",0,0
"2026-09-18","KZ-1937",13,0
"2026-09-18","ASTER 1D8055-W28",0,0
"2026-09-18","PAULA-II",0,0
"2026-09-18","KLARA  23247-4",0,0
"2026-09-18","MABEL",0,0
"2026-09-18","JASMIN 8306-K7",0,0
"2026-09-18","ESPIREA  WAN-004",0,0
"2026-09-18","TINA",0,0
"2026-09-18","LUNA WH-W11",0,0
"2026-09-19","CORAL",0,0
"2026-09-19","ETTA L1996-9",0,0
"2026-09-19","PARAISO-II",0,0
"2026-09-19","LC-DH-9",0,0
"2026-09-19","IVY",0,0
"2026-09-19","DAYRA",0,0
"2026-09-19","KZ-1901",0,0
"2026-09-19","REGINA",0,0
"2026-09-19","LAURA",0,0
"2026-09-19","Untitled Feb3_22:12",0,0
"2026-09-19","MALIA",0,0
"2026-09-19","KZ-1893",0,0
"2026-09-19","KZ-1939",15,0
"2026-09-19","VEGA-II",0,0
"2026-09-19","IVETTE",0,0
"2026-09-19","NOHELY",0,0
"2026-09-19","MIA-2 (C109-240205-2)",0,0
"2026-09-19","CLAVEL",0,0
"2026-09-19","GLORIA",0,0
"2026-09-19","ODA",0,0
"2026-09-19","CRISBEL",0,0
"2026-09-19","YURI WH-W02",0,0
"2026-09-19","MADELYN",28,0
"2026-09-19","CG 190228-2",0,0
"2026-09-19","MIMI",0,0
"2026-09-19","MIA-V",17,0
"2026-09-19","ZULAY",27,0
"2026-09-19","AVA  P1094-2",0,0
"2026-09-19","FATIMA",0,0
"2026-09-19","NURY",20,0
"2026-09-19","MEDINA",0,0
"2026-09-19","KZ-1929",0,0
"2026-09-19","ARIA P1080-5",0,0
"2026-09-19","KZ-1897",0,0
"2026-09-19","GLEDYS",0,0
"2026-09-19","FRESIA",13,0
"2026-09-19","GEMA BN1925-K6",0,0
"2026-09-19","TABEI",0,0
"2026-09-19","DALILA",0,0
"2026-09-19","LIS (C082-240426-5)",0,0
"2026-09-19","INDIGO 1D8055-W33",0,0
"2026-09-19","MONIC RM-11",0,0
"2026-09-19","SUSANA",0,0
"2026-09-19","MIRIAM",0,0
"2026-09-19","P448-91",0,0
"2026-09-19","KZ-1905",0,0
"2026-09-19","KZ-1921",0,0
"2026-09-19","ALICIA  P1091-4",0,0
"2026-09-19","SOFIA-II",0,0
"2026-09-19","JANE BF2412",0,0
"2026-09-19","CADIE P1090-1",0,0
"2026-09-19","LYNN",0,0
"2026-09-19","ORQUIDEA",0,0
"2026-09-19","MALENA",0,0
"2026-09-19","VIVIANA",0,0
"2026-09-19","EDNA BF2413",0,0
"2026-09-19","DIANA 19269-24",0,0
"2026-09-19","MARGARITA",0,0
"2026-09-19","NIEVES 11134-K37",0,0
"2026-09-19","FLORA YQ7581-H86",0,0
"2026-09-19","SCARLET",0,0
"2026-09-19","KELLY",0,0
"2026-09-19","MILKA",0,0
"2026-09-19","ZHENITH",26,0
"2026-09-19","CLARION",25,0
"2026-09-19","LC-DH-39",0,0
"2026-09-19","MILENA",31,0
"2026-09-19","8E0145-20",0,0
"2026-09-19","KZ-1936",0,0
"2026-09-19","MIEL",49,0
"2026-09-19","GARDENIA YQ7510-H34",0,0
"2026-09-19","JJW-3",0,0
"2026-09-19","BAHIA",0,0
"2026-09-19","AGUA",0,0
"2026-09-19","LUPITA",0,0
"2026-09-19","AMAPOLA",0,0
"2026-09-19",,0,0
"2026-09-19","AVILA",0,0
"2026-09-19","NUT",0,0
"2026-09-19","GLISS",16,0
"2026-09-19","KZ-1896",0,0
"2026-09-19","ALAIA-II",0,0
"2026-09-19","YOLANDA",0,0
"2026-09-19","KZ-1902",11,0
"2026-09-19","MULAN 8306-K19",0,0
"2026-09-19","KAMI BF2410",0,0
"2026-09-19","KZ-1923",0,0
"2026-09-19","DANA",0,0
"2026-09-19","GIRASOL",7,0
"2026-09-19","DARA RM-09",0,0
"2026-09-19","AMI",0,0
"2026-09-19","ATENEA",8,0
"2026-09-19","LILY 22006-7",0,0
"2026-09-19","MORELA",0,0
"2026-09-19","PILIN",29,0
"2026-09-19","YULI 23148-11",0,0
"2026-09-19","LUCY",0,0
"2026-09-19","ZURY WH-W013",0,0
"2026-09-19","TERESA",0,0
"2026-09-19","BALMAT",0,0
"2026-09-19","LESLIE L1920-21A",0,0
"2026-09-19","MOLLY 20124-43",0,0
"2026-09-19","GALENA P1094-4",0,0
"2026-09-19","CAYENA",0,0
"2026-09-19","NOA",26,0
"2026-09-19","WANDA",0,0
"2026-09-19","CANAIMA",0,0
"2026-09-19","DEMI ZS16-15",0,0
"2026-09-19","SOFIA",0,0
"2026-09-19","11134-K3",0,0
"2026-09-19","MOORE",0,0
"2026-09-19","CALA  WAN-002",0,0
"2026-09-19","LELIS WH-W07",0,0
"2026-09-19","KZ-1931",0,0
"2026-09-19","KZ-1915",0,0
"2026-09-19","INES",0,0
"2026-09-19","P1061-7",0,0
"2026-09-19","JJW-1",0,0
"2026-09-19","BYl111-K2",0,0
"2026-09-19","PEGGY BF2408",0,0
"2026-09-19","YUKI",0,0
"2026-09-19","HEART  WAN-0010",0,0
"2026-09-19","KZ-1928",0,0
"2026-09-19","LALY WH-W08",0,0
"2026-09-19","DINIRA",0,0
"2026-09-19","MAR",0,0
"2026-09-19","SANDRA",0,0
"2026-09-19","KZ-1916",0,0
"2026-09-19","JLP1025-5",0,0
"2026-09-19","KZ-1918",0,0
"2026-09-19","DYER",23,0
"2026-09-19","KETTE L1985A-6",0,0
"2026-09-19","SELENA L2801-3",0,0
"2026-09-19","IVES",34,0
"2026-09-19","MACUTO",0,0
"2026-09-19","SADIE",24,0
"2026-09-19","NIURKA",0,0
"2026-09-19","SALOME",38,0
"2026-09-19","AMAPOLA-II",11,0
"2026-09-19","EFFIE  XZ51-1",0,0
"2026-09-19","KZ-1922",0,0
"2026-09-19","VENUS",40,0
"2026-09-19","KIARA",0,0
"2026-09-19","DALILA-II",23,0
"2026-09-19","CAROLINA",0,0
"2026-09-19","MARTA",0,0
"2026-09-19","MORA BF2414",18,0
"2026-09-19","EILEEN P1078-12",0,0
"2026-09-19","C082-1",0,0
"2026-09-19","TIFFANY",0,0
"2026-09-19","DAYANA",0,0
"2026-09-19","FRESNO(AT-014)",0,0
"2026-09-19","VERO RM-14",0,0
"2026-09-19","LISETH L1982-70",0,0
"2026-09-19","AURIS RM-13",0,0
"2026-09-19","IVONNE",0,0
"2026-09-19","DETTE 23046-35",0,0
"2026-09-19","ZARA",26,0
"2026-09-19","VANESSA",0,0
"2026-09-19","LOLA-II",0,0
"2026-09-19","LIENZO",24,0
"2026-09-19","AZUCENA",0,0
"2026-09-19","JJW-6",0,0
"2026-09-19","NIEBLA 4020-24",0,0
"2026-09-19","NIRAJ 1D8033-W44",0,0
"2026-09-19","KZ-1933",14,0
"2026-09-19","HADA BF2407",0,0
"2026-09-19","ELIS",0,0
"2026-09-19","MIYI RMC12",0,0
"2026-09-19","MARA BF2404",0,0
"2026-09-19","SONYA",0,0
"2026-09-19","BRENDA",0,0
"2026-09-19","KZ-1919",0,0
"2026-09-19","CARISSA",19,0
"2026-09-19","KATALEYA  XIN-003",0,0
"2026-09-19","KERLY",0,0
"2026-09-19","ELENA L1992-28",0,0
"2026-09-19","KZ-1924",0,0
"2026-09-19","KZ-1900",0,0
"2026-09-19","MIA-IV",21,0
"2026-09-19","HERA",18,0
"2026-09-19","MAGA BF2401",0,0
"2026-09-19","JJW-8",0,0
"2026-09-19","NORKYS",0,0
"2026-09-19","YULE",10,0
"2026-09-19","PARIS",0,0
"2026-09-19","YELA 23178-11",0,0
"2026-09-19","KZ-1904",0,0
"2026-09-19","MIRTHA",0,0
"2026-09-19","MABEL",0,0
"2026-09-19","TOÑA RMC9",26,0
"2026-09-19","LUNA WH-W11",0,0
"2026-09-19","TINA",0,0
"2026-09-19","MILLY 23120-1",0,0
"2026-09-19","JJW-5",0,0
"2026-09-19","ROSA (LC222011)",0,0
"2026-09-19","BLANCA 11134-K31",0,0
"2026-09-19","KZ-1935",0,0
"2026-09-19","EMMA (C082-230803-10)",0,0
"2026-09-19","KLARA  23247-4",0,0
"2026-09-19","RAQUEL",0,0
"2026-09-19","GIA",32,0
"2026-09-19","JASMIN 8306-K7",0,0
"2026-09-19","KORA  XIN-005",0,0
"2026-09-19","PAULA-II",0,0
"2026-09-19","KZ-1910",0,0
"2026-09-19","DIVA",0,0
"2026-09-19","KZ-1934",0,0
"2026-09-19","LC-ST-19",0,0
"2026-09-19","ELEIDY",0,0
"2026-09-19","MARBE BF2403",0,0
"2026-09-19","ASHLEY L1895-36",0,0
"2026-09-19","FABIOLA",0,0
"2026-09-19","FILCH 23198-7",0,0
"2026-09-19","PRIAH",22,0
"2026-09-19","FEDRA",0,0
"2026-09-19","PATTY L1913-89",0,0
"2026-09-19","DUNA",0,0
"2026-09-19","JENNY",0,0
"2026-09-19","AMANDA",0,0
"2026-09-19","SABI 23147-6",0,0
"2026-09-19","LILA (LC222036)",0,0
"2026-09-19","HILDA",0,0
"2026-09-19","ARIEL 8306-K15",0,0
"2026-09-19","DALIA YQ7516-F78",0,0
"2026-09-19","ELDA BF2409",0,0
"2026-09-19","MIA-III",0,0
"2026-09-19","MIN",0,0
"2026-09-19","CIRA RMC13",0,0
"2026-09-19","LEILANI YQ7542-H34B",0,0
"2026-09-19","CATA",0,0
"2026-09-19","FLAVIA",0,0
"2026-09-19","MARITA",0,0
"2026-09-19","BETHANY",0,0
"2026-09-19","POLINA",27,0
"2026-09-19","LIBIA",0,0
"2026-09-19","KZ-1938",0,0
"2026-09-19","SARI WH-W03",0,0
"2026-09-19","GAIA",0,0
"2026-09-19","ASTRID",0,0
"2026-09-19","ACACIA YQ7581-H68",0,0
"2026-09-19","LIS-II",0,0
"2026-09-19","SHANNON",0,0
"2026-09-19","CARMEN-II",26,0
"2026-09-19","MOCHIMA",0,0
"2026-09-19","CORAIMA",0,0
"2026-09-19","AURORA 8302-K3",0,0
"2026-09-19","ESPIREA  WAN-004",0,0
"2026-09-19","ASTER 1D8055-W28",0,0
"2026-09-19","SHERYL",0,0
"2026-09-19","MARTHA",0,0
"2026-09-19","CARIDAD",0,0
"2026-09-19","EVAM 21142-7",0,0
"2026-09-19","8E0072-26",0,0
"2026-09-19","KZ-1930",0,0
"2026-09-19","TILA WH-W04",0,0
"2026-09-19","LOTUS 1138265-W54",0,0
"2026-09-19","P956-7",0,0
"2026-09-19","MELISSA 1D4265-W14",0,0
"2026-09-19","TULIPAN",14,0
"2026-09-19","GATEN",0,0
"2026-09-19","C015-220520-3",0,0
"2026-09-19","MOHANA 8302-K40",0,0
"2026-09-19","RISA",0,0
"2026-09-19","MILLIE",21,0
"2026-09-19","ELBA RM-15",0,0
"2026-09-19","BRICE L1913-52",0,0
"2026-09-19","LC-DH-33",0,0
"2026-09-19","ELSA (C109-240206-1)",0,0
"2026-09-19","C015-221019-7",0,0
"2026-09-19","CHLOE  P1081-3",0,0
"2026-09-19","DAFNE  XIN-001",0,0
"2026-09-19","BEGONIA YQ7667-H08",0,0
"2026-09-19","ISABEL",0,0
"2026-09-19","KZ-1927",0,0
"2026-09-19","ROXANA",26,0
"2026-09-19","EVA",0,0
"2026-09-19","SOL",0,0
"2026-09-19","SALLY",0,0
"2026-09-19","JERZY",0,0
"2026-09-19","MAYRA",0,0
"2026-09-19","MERIDA 8302-K96",0,0
"2026-09-19","MAREA",0,0
"2026-09-19","TATIANA",0,0
"2026-09-19","NELLY",0,0
"2026-09-19","CARLA (C015-231009-6)",0,0
"2026-09-19","KZ-1925",0,0
"2026-09-19","KEELY",0,0
"2026-09-19","P990-2",0,0
"2026-09-19","IRENE",0,0
"2026-09-19","MARGARET",26,0
"2026-09-19","CHOCO",0,0
"2026-09-19","AURA BF2406",0,0
"2026-09-19","KZ-1920",0,0
"2026-09-19","LIRIO  WAN-005",0,0
"2026-09-19","LARA (LC311546)",0,0
"2026-09-19","TANIA",0,0
"2026-09-19","GALA",19,0
"2026-09-19","LYRIA",0,0
"2026-09-19","HEIDY 21219-8",0,0
"2026-09-19","8E0213-8",0,0
"2026-09-19","KATIA  XIN-002",0,0
"2026-09-19","ELSA-II",0,0
"2026-09-19","ALAIA (C082-20231027-23)",0,0
"2026-09-19","VIDIA",27,0
"2026-09-19","TERRA",18,0
"2026-09-19","LALA WH-W06",37,0
"2026-09-19","CLARA P1067-7",0,0
"2026-09-19","BELLA 8302-K51",0,0
"2026-09-19","CAURA",0,0
"2026-09-19","KZ-1914",0,0
"2026-09-19","MAITE",0,0
"2026-09-19","LOLA (LC311595)",0,0
"2026-09-19","OLAS",0,0
"2026-09-19","KRISS",0,0
"2026-09-19","ISLA",28,0
"2026-09-19","TYLER",0,0
"2026-09-19","KARINA",0,0
"2026-09-19","KZ-1917",0,0
"2026-09-19","KZ-1898",0,0
"2026-09-19","NARDO",0,0
"2026-09-19","NURIS WH-W01",0,0
"2026-09-19","LEA BF2405",0,0
"2026-09-19","ARENA",0,0
"2026-09-19","MORAN",27,0
"2026-09-19","DINA BF2411",0,0
"2026-09-19","PAULA",0,0
"2026-09-19","NIKKI",0,0
"2026-09-19","PARAISO",0,0
"2026-09-19","8E0075-7",0,0
"2026-09-19","MIRAC P1061-9",0,0
"2026-09-19","KZ-1926",0,0
"2026-09-19","YULIKA",0,0
"2026-09-19","ANARE",0,0
"2026-09-19","PILAR",0,0
"2026-09-19","ZARINA",0,0
"2026-09-19","VEGA (LC-DH-43)",0,0
"2026-09-19","7979-K28",0,0
"2026-09-19","NEKO RM-12",0,0
"2026-09-19","RUDDY",0,0
"2026-09-19","YUDA P1080-15",0,0
"2026-09-19","KZ-1913",0,0
"2026-09-19","MIA (C109-240206-32)",0,0
"2026-09-19","CLAUDIA",0,0
"2026-09-19","KZ-1937",13,0
"2026-09-19","CELIA P1086-5",0,0
"2026-09-19","JJW-7",0,0
"2026-09-19","DANIELA",0,0
"2026-09-19","JOY",0,0
"2026-09-19","ELLA",0,0
"2026-09-19","MONICA",0,0
"2026-09-19","ORQUIDEA-II",17,0
"2026-09-19","CHORONI",0,0
"2026-09-19","NARCISO  WAN-008",0,0
"2026-09-19","NATALIA",0,0
"2026-09-19","BECKY",31,0
"2026-09-19","ALMA (C082-230803-32)",0,0
"2026-09-19","CHOC 22007-14",0,0
"2026-09-19","ALMA-II",0,0
"2026-09-19","KASSIA",0,0
"2026-09-19","CAROL BF2402",0,0
"2026-09-19","STELLA L1870-40",0,0
"2026-09-19","MIA-II",0,0
"2026-09-19","LOAD",0,0
"2026-09-19","NACARID",28,0
"2026-09-19","BRISA",25,0
"2026-09-19","SARI",0,0
"2026-09-19","KZ-1899",18,0
"2026-09-19","KZ-1932",0,0
"2026-09-19","MAYA",21,0
"2026-09-19","ORCHILA",0,0
"2026-09-20","KZ-1938",0,0
"2026-09-20","KZ-1939",15,0
"2026-09-20","DIANA 19269-24",0,0
"2026-09-20","GAIA",0,0
"2026-09-20","SARI WH-W03",0,0
"2026-09-20","EILEEN P1078-12",0,0
"2026-09-20","KZ-1922",0,0
"2026-09-20","VENUS",40,0
"2026-09-20","SALOME",38,0
"2026-09-20","AMAPOLA-II",11,0
"2026-09-20","SHANNON",0,0
"2026-09-20","NUT",0,0
"2026-09-20","PARIS",0,0
"2026-09-20","YULE",10,0
"2026-09-20","VERO RM-14",0,0
"2026-09-20","ROXANA",26,0
"2026-09-20","ISABEL",0,0
"2026-09-20","MULAN 8306-K19",0,0
"2026-09-20","SALLY",0,0
"2026-09-20","KZ-1927",0,0
"2026-09-20","NOA",25,0
"2026-09-20","KZ-1918",0,0
"2026-09-20","DYER",23,0
"2026-09-20","SABI 23147-6",0,0
"2026-09-20","FRESIA",13,0
"2026-09-20","LILA (LC222036)",0,0
"2026-09-20","TABEI",0,0
"2026-09-20","ARIA P1080-5",0,0
"2026-09-20","YUKI",0,0
"2026-09-20","NARCISO  WAN-008",0,0
"2026-09-20","JLP1025-5",0,0
"2026-09-20","LUPITA",0,0
"2026-09-20","GIA",32,0
"2026-09-20","CORAIMA",0,0
"2026-09-20","MOCHIMA",0,0
"2026-09-20","DEMI ZS16-15",0,0
"2026-09-20","PRIAH",22,0
"2026-09-20","LIENZO",24,0
"2026-09-20","MALIA",0,0
"2026-09-20","LISETH L1982-70",0,0
"2026-09-20","MONIC RM-11",0,0
"2026-09-20","YELA 23178-11",0,0
"2026-09-20","BALMAT",0,0
"2026-09-20","VEGA-II",0,0
"2026-09-20","IVETTE",0,0
"2026-09-20","NOHELY",0,0
"2026-09-20","CLAVEL",0,0
"2026-09-20","GLORIA",0,0
"2026-09-20","KZ-1897",0,0
"2026-09-20","Untitled Feb3_22:12",0,0
"2026-09-20","HILDA",0,0
"2026-09-20","JERZY",0,0
"2026-09-20","GEMA BN1925-K6",0,0
"2026-09-20","KZ-1901",0,0
"2026-09-20","DAYRA",0,0
"2026-09-20","C015-221019-7",0,0
"2026-09-20","KZ-1925",0,0
"2026-09-20","KEELY",0,0
"2026-09-20","IVES",35,0
"2026-09-20","CARISSA",19,0
"2026-09-20","MAREA",0,0
"2026-09-20","DALIA YQ7516-F78",0,0
"2026-09-20","LIBIA",0,0
"2026-09-20","ARIEL 8306-K15",0,0
"2026-09-20","YULIKA",0,0
"2026-09-20","ANARE",0,0
"2026-09-20","MARITA",0,0
"2026-09-20","ETTA L1996-9",0,0
"2026-09-20","BETHANY",0,0
"2026-09-20","SELENA L2801-3",0,0
"2026-09-20","POLINA",27,0
"2026-09-20","KZ-1915",0,0
"2026-09-20","NIEBLA 4020-24",0,0
"2026-09-20","MIA-2 (C109-240205-2)",0,0
"2026-09-20","CLARA P1067-7",0,0
"2026-09-20","ELBA RM-15",0,0
"2026-09-20","CHOC 22007-14",0,0
"2026-09-20","LALY WH-W08",0,0
"2026-09-20","LOLA (LC311595)",0,0
"2026-09-20","KZ-1935",0,0
"2026-09-20","RAQUEL",0,0
"2026-09-20","PATTY L1913-89",0,0
"2026-09-20","DIVA",0,0
"2026-09-20","KZ-1934",0,0
"2026-09-20","ELLA",0,0
"2026-09-20","CHORONI",0,0
"2026-09-20","ORQUIDEA-II",18,0
"2026-09-20","YUDA P1080-15",0,0
"2026-09-20","MILENA",31,0
"2026-09-20","LC-DH-39",0,0
"2026-09-20","CHOCO",0,0
"2026-09-20","MARGARET",26,0
"2026-09-20","IRENE",0,0
"2026-09-20","CADIE P1090-1",0,0
"2026-09-20","IVY",0,0
"2026-09-20","NIURKA",0,0
"2026-09-20","FRESNO(AT-014)",0,0
"2026-09-20","ACACIA YQ7581-H68",0,0
"2026-09-20","7979-K28",0,0
"2026-09-20","LC-DH-33",0,0
"2026-09-20","MARA BF2404",0,0
"2026-09-20","MIA (C109-240206-32)",0,0
"2026-09-20","ELENA L1992-28",0,0
"2026-09-20","MAYRA",0,0
"2026-09-20","ELDA BF2409",0,0
"2026-09-20","GLEDYS",0,0
"2026-09-20","KZ-1919",0,0
"2026-09-20","SONYA",0,0
"2026-09-20","BRENDA",0,0
"2026-09-20","HERA",18,0
"2026-09-20","KZ-1900",0,0
"2026-09-20","MIA-IV",21,0
"2026-09-20","AVA  P1094-2",0,0
"2026-09-20","KZ-1928",0,0
"2026-09-20","ORCHILA",0,0
"2026-09-20","MAYA",21,0
"2026-09-20","KZ-1932",0,0
"2026-09-20","KELLY",0,0
"2026-09-20","MILKA",0,0
"2026-09-20","MAR",0,0
"2026-09-20","CARLA (C015-231009-6)",0,0
"2026-09-20","CELIA P1086-5",0,0
"2026-09-20","TOÑA RMC9",26,0
"2026-09-20","KZ-1910",0,0
"2026-09-20","SOFIA",0,0
"2026-09-20","ESPIREA  WAN-004",0,0
"2026-09-20","KZ-1936",0,0
"2026-09-20","8E0145-20",0,0
"2026-09-20","MADELYN",28,0
"2026-09-20","KZ-1893",0,0
"2026-09-20","FLORA YQ7581-H86",0,0
"2026-09-20","NIEVES 11134-K37",0,0
"2026-09-20","KZ-1905",0,0
"2026-09-20","DAYANA",0,0
"2026-09-20","KZ-1902",11,0
"2026-09-20","CATA",0,0
"2026-09-20","FLAVIA",0,0
"2026-09-20","MIA-III",0,0
"2026-09-20","EMMA (C082-230803-10)",0,0
"2026-09-20","CIRA RMC13",0,0
"2026-09-20","MAGA BF2401",0,0
"2026-09-20","MIRAC P1061-9",0,0
"2026-09-20","P990-2",0,0
"2026-09-20","KRISS",0,0
"2026-09-20","TYLER",0,0
"2026-09-20","ISLA",28,0
"2026-09-20","BECKY",31,0
"2026-09-20","NATALIA",0,0
"2026-09-20","DUNA",0,0
"2026-09-20","JENNY",0,0
"2026-09-20","KZ-1929",0,0
"2026-09-20","HEART  WAN-0010",0,0
"2026-09-20","LOTUS 1138265-W54",0,0
"2026-09-20","8E0213-8",0,0
"2026-09-20","ROSA (LC222011)",0,0
"2026-09-20","BLANCA 11134-K31",0,0
"2026-09-20","SHERYL",0,0
"2026-09-20","AZUCENA",0,0
"2026-09-20","KORA  XIN-005",0,0
"2026-09-20","JJW-6",0,0
"2026-09-20","ELSA-II",0,0
"2026-09-20","DARA RM-09",0,0
"2026-09-20","MIN",0,0
"2026-09-20","CAYENA",0,0
"2026-09-20","KZ-1921",0,0
"2026-09-20","AURA BF2406",0,0
"2026-09-20","LIS (C082-240426-5)",0,0
"2026-09-20","YULI 23148-11",0,0
"2026-09-20","WANDA",0,0
"2026-09-20","C082-1",0,0
"2026-09-20","MARTA",0,0
"2026-09-20","ALMA (C082-230803-32)",0,0
"2026-09-20","MORA BF2414",18,0
"2026-09-20","ODA",0,0
"2026-09-20","LEILANI YQ7542-H34B",0,0
"2026-09-20","DINA BF2411",0,0
"2026-09-20","MORAN",27,0
"2026-09-20","KZ-1926",0,0
"2026-09-20","8E0075-7",0,0
"2026-09-20","KZ-1896",0,0
"2026-09-20","ALAIA-II",0,0
"2026-09-20","YOLANDA",0,0
"2026-09-20","AVILA",0,0
"2026-09-20","GLISS",16,0
"2026-09-20","REGINA",0,0
"2026-09-20","LAURA",0,0
"2026-09-20","JJW-1",0,0
"2026-09-20","P1061-7",0,0
"2026-09-20","BYl111-K2",0,0
"2026-09-20","C015-220520-3",0,0
"2026-09-20","NIRAJ 1D8033-W44",0,0
"2026-09-20","MIEL",49,0
"2026-09-20","STELLA L1870-40",0,0
"2026-09-20","CAROL BF2402",0,0
"2026-09-20","KZ-1931",0,0
"2026-09-20","MOORE",0,0
"2026-09-20","MELISSA 1D4265-W14",0,0
"2026-09-20","MAITE",0,0
"2026-09-20","KZ-1914",0,0
"2026-09-20","CAURA",0,0
"2026-09-20","JOY",0,0
"2026-09-20","KZ-1930",0,0
"2026-09-20","8E0072-26",0,0
"2026-09-20","TILA WH-W04",0,0
"2026-09-20","BELLA 8302-K51",0,0
"2026-09-20","MILLIE",21,0
"2026-09-20","RISA",0,0
"2026-09-20","ARENA",0,0
"2026-09-20","LEA BF2405",0,0
"2026-09-20","ELIS",0,0
"2026-09-20","MIYI RMC12",0,0
"2026-09-20","DINIRA",0,0
"2026-09-20","SANDRA",0,0
"2026-09-20","KZ-1916",0,0
"2026-09-20","MEDINA",0,0
"2026-09-20","PEGGY BF2408",0,0
"2026-09-20","IVONNE",0,0
"2026-09-20","LOLA-II",0,0
"2026-09-20","VANESSA",0,0
"2026-09-20","FEDRA",0,0
"2026-09-20","SADIE",25,0
"2026-09-20","MACUTO",0,0
"2026-09-20","LUCY",0,0
"2026-09-20","TERESA",0,0
"2026-09-20","LIRIO  WAN-005",0,0
"2026-09-20","CAROLINA",0,0
"2026-09-20","DALILA-II",23,0
"2026-09-20","INDIGO 1D8055-W33",0,0
"2026-09-20","ALAIA (C082-20231027-23)",0,0
"2026-09-20","KIARA",0,0
"2026-09-20","MARGARITA",0,0
"2026-09-20","GALENA P1094-4",0,0
"2026-09-20","SCARLET",0,0
"2026-09-20","VEGA (LC-DH-43)",0,0
"2026-09-20","ORQUIDEA",0,0
"2026-09-20","LYNN",0,0
"2026-09-20","CORAL",0,0
"2026-09-20","MERIDA 8302-K96",0,0
"2026-09-20","PARAISO-II",0,0
"2026-09-20","NIKKI",0,0
"2026-09-20","PARAISO",0,0
"2026-09-20","NELLY",0,0
"2026-09-20","TATIANA",0,0
"2026-09-20","KETTE L1985A-6",0,0
"2026-09-20","LC-DH-9",0,0
"2026-09-20","MIMI",0,0
"2026-09-20","MOHANA 8302-K40",0,0
"2026-09-20","CG 190228-2",0,0
"2026-09-20","ZULAY",27,0
"2026-09-20","MIA-V",17,0
"2026-09-20","P956-7",0,0
"2026-09-20","FATIMA",0,0
"2026-09-20","NURY",20,0
"2026-09-20","KZ-1933",14,0
"2026-09-20","BRISA",25,0
"2026-09-20","KZ-1899",18,0
"2026-09-20","SARI",0,0
"2026-09-20","LUNA WH-W11",0,0
"2026-09-20","TINA",0,0
"2026-09-20","PAULA-II",0,0
"2026-09-20","JASMIN 8306-K7",0,0
"2026-09-20","DANIELA",0,0
"2026-09-20","JJW-7",0,0
"2026-09-20","KZ-1937",13,0
"2026-09-20","AURORA 8302-K3",0,0
"2026-09-20","LC-ST-19",0,0
"2026-09-20","CLARION",25,0
"2026-09-20","LARA (LC311546)",0,0
"2026-09-20","MORELA",0,0
"2026-09-20","ATENEA",8,0
"2026-09-20","GIRASOL",7,0
"2026-09-20","DANA",0,0
"2026-09-20","KZ-1923",0,0
"2026-09-20","KAMI BF2410",0,0
"2026-09-20","DALILA",0,0
"2026-09-20","PILIN",29,0
"2026-09-20","CARMEN-II",26,0
"2026-09-20","JANE BF2412",0,0
"2026-09-20","SOFIA-II",0,0
"2026-09-20","LILY 22006-7",0,0
"2026-09-20","SUSANA",0,0
"2026-09-20","P448-91",0,0
"2026-09-20","MIRIAM",0,0
"2026-09-20","KATALEYA  XIN-003",0,0
"2026-09-20","PAULA",0,0
"2026-09-20","DAFNE  XIN-001",0,0
"2026-09-20","BEGONIA YQ7667-H08",0,0
"2026-09-20","CHLOE  P1081-3",0,0
"2026-09-20","KERLY",0,0
"2026-09-20","PILAR",0,0
"2026-09-20","ZARINA",0,0
"2026-09-20","BRICE L1913-52",0,0
"2026-09-20","VIDIA",27,0
"2026-09-20","TERRA",18,0
"2026-09-20","LALA WH-W06",36,0
"2026-09-20","INES",0,0
"2026-09-20","KZ-1917",0,0
"2026-09-20","KARINA",0,0
"2026-09-20","EVAM 21142-7",0,0
"2026-09-20","HADA BF2407",0,0
"2026-09-20","JJW-5",0,0
"2026-09-20","TANIA",0,0
"2026-09-20","GALA",20,0
"2026-09-20","LYRIA",0,0
"2026-09-20","AURIS RM-13",0,0
"2026-09-20","ZHENITH",24,0
"2026-09-20","KATIA  XIN-002",0,0
"2026-09-20","MILLY 23120-1",0,0
"2026-09-20","KZ-1913",0,0
"2026-09-20","CLAUDIA",0,0
"2026-09-20","YURI WH-W02",0,0
"2026-09-20","CRISBEL",0,0
"2026-09-20","ELEIDY",0,0
"2026-09-20","FABIOLA",0,0
"2026-09-20","NORKYS",0,0
"2026-09-20","JJW-8",0,0
"2026-09-20","ALICIA  P1091-4",0,0
"2026-09-20","LIS-II",0,0
"2026-09-20","ASTRID",0,0
"2026-09-20","MALENA",0,0
"2026-09-20","EDNA BF2413",0,0
"2026-09-20","VIVIANA",0,0
"2026-09-20","ZURY WH-W013",0,0
"2026-09-20","KZ-1920",0,0
"2026-09-20","KZ-1904",0,0
"2026-09-20","LESLIE L1920-21A",0,0
"2026-09-20","MIRTHA",0,0
"2026-09-20","MOLLY 20124-43",0,0
"2026-09-20","EFFIE  XZ51-1",0,0
"2026-09-20","EVA",0,0
"2026-09-20","TIFFANY",0,0
"2026-09-20","SOL",0,0
"2026-09-20","AMANDA",0,0
"2026-09-20","KZ-1924",0,0
"2026-09-20","AMI",0,0
"2026-09-20","NURIS WH-W01",0,0
"2026-09-20","OLAS",0,0
"2026-09-20","LOAD",0,0
"2026-09-20","NACARID",28,0
"2026-09-20","KZ-1898",0,0
"2026-09-20","NARDO",0,0
"2026-09-20","CALA  WAN-002",0,0
"2026-09-20","GATEN",0,0
"2026-09-20","LELIS WH-W07",0,0
"2026-09-20","TULIPAN",14,0
"2026-09-20",,0,0
"2026-09-20","BAHIA",0,0
"2026-09-20","JJW-3",0,0
"2026-09-20","AGUA",0,0
"2026-09-20","MIA-II",0,0
"2026-09-20","ALMA-II",0,0
"2026-09-20","GARDENIA YQ7510-H34",0,0
"2026-09-20","KASSIA",0,0
"2026-09-20","AMAPOLA",0,0
"2026-09-20","RUDDY",0,0
"2026-09-20","NEKO RM-12",0,0
"2026-09-20","ASHLEY L1895-36",0,0
"2026-09-20","FILCH 23198-7",0,0
"2026-09-20","MARBE BF2403",0,0
"2026-09-20","MABEL",0,0
"2026-09-20","CANAIMA",0,0
"2026-09-20","ZARA",26,0
"2026-09-20","KLARA  23247-4",0,0
"2026-09-20","MONICA",0,0
"2026-09-20","ELSA (C109-240206-1)",0,0
"2026-09-20","DETTE 23046-35",0,0
"2026-09-20","MARTHA",0,0
"2026-09-20","ASTER 1D8055-W28",0,0
"2026-09-20","CARIDAD",0,0
"2026-09-20","HEIDY 21219-8",0,0
"2026-09-20","11134-K3",0,0
"2026-09-21","IVES",35,0
"2026-09-21","LILA (LC222036)",0,0
"2026-09-21","SABI 23147-6",0,0
"2026-09-21","FLAVIA",0,0
"2026-09-21","CATA",0,0
"2026-09-21","AMI",0,0
"2026-09-21","NELLY",0,0
"2026-09-21","TATIANA",0,0
"2026-09-21","Untitled Feb3_22:12",0,0
"2026-09-21","MAYRA",0,0
"2026-09-21","NIKKI",0,0
"2026-09-21","PARAISO",0,0
"2026-09-21","ORQUIDEA",0,0
"2026-09-21","YULI 23148-11",0,0
"2026-09-21","LYNN",0,0
"2026-09-21","MARGARITA",0,0
"2026-09-21","EMMA (C082-230803-10)",0,0
"2026-09-21","KZ-1905",0,0
"2026-09-21","MONIC RM-11",0,0
"2026-09-21","DALILA",0,0
"2026-09-21","DIVA",0,0
"2026-09-21","KZ-1934",0,0
"2026-09-21","JJW-5",0,0
"2026-09-21","MEDINA",0,0
"2026-09-21","LUPITA",0,0
"2026-09-21","GARDENIA YQ7510-H34",0,0
"2026-09-21","ARENA",0,0
"2026-09-21","LEA BF2405",0,0
"2026-09-21","CG 190228-2",0,0
"2026-09-21","MIMI",0,0
"2026-09-21","KZ-1915",0,0
"2026-09-21","JOY",0,0
"2026-09-21","ZARINA",0,0
"2026-09-21","PILAR",0,0
"2026-09-21","MARITA",0,0
"2026-09-21","FRESIA",13,0
"2026-09-21","MERIDA 8302-K96",0,0
"2026-09-21","LESLIE L1920-21A",0,0
"2026-09-21","GLORIA",0,0
"2026-09-21","MOLLY 20124-43",0,0
"2026-09-21","CLAVEL",0,0
"2026-09-21","KZ-1920",0,0
"2026-09-21","ACACIA YQ7581-H68",0,0
"2026-09-21","IVETTE",0,0
"2026-09-21","VEGA-II",0,0
"2026-09-21","NOHELY",0,0
"2026-09-21","AURA BF2406",0,0
"2026-09-21","SOL",0,0
"2026-09-21","EVA",0,0
"2026-09-21","FRESNO(AT-014)",0,0
"2026-09-21","CAYENA",0,0
"2026-09-21","KZ-1939",15,0
"2026-09-21","EILEEN P1078-12",0,0
"2026-09-21","MIA (C109-240206-32)",0,0
"2026-09-21","FLORA YQ7581-H86",0,0
"2026-09-21","NIEVES 11134-K37",0,0
"2026-09-21","NIURKA",0,0
"2026-09-21","LISETH L1982-70",0,0
"2026-09-21","MALIA",0,0
"2026-09-21","GIRASOL",7,0
"2026-09-21","DANA",0,0
"2026-09-21","LIENZO",24,0
"2026-09-21","CLARION",25,0
"2026-09-21","MAR",0,0
"2026-09-21","KATIA  XIN-002",0,0
"2026-09-21","ZHENITH",26,0
"2026-09-21","TOÑA RMC9",26,0
"2026-09-21","GALA",19,0
"2026-09-21","TANIA",0,0
"2026-09-21","LYRIA",0,0
"2026-09-21","HADA BF2407",0,0
"2026-09-21","LOLA (LC311595)",0,0
"2026-09-21","AMAPOLA",0,0
"2026-09-21","ZULAY",27,0
"2026-09-21","MIA-V",17,0
"2026-09-21","JJW-1",0,0
"2026-09-21","NURIS WH-W01",0,0
"2026-09-21","P1061-7",0,0
"2026-09-21","BYl111-K2",0,0
"2026-09-21","KZ-1900",0,0
"2026-09-21","HERA",18,0
"2026-09-21","MIA-IV",21,0
"2026-09-21","CARISSA",19,0
"2026-09-21","C015-221019-7",0,0
"2026-09-21","ALMA (C082-230803-32)",0,0
"2026-09-21","HILDA",0,0
"2026-09-21","ODA",0,0
"2026-09-21","ELENA L1992-28",0,0
"2026-09-21","7979-K28",0,0
"2026-09-21","ZURY WH-W013",0,0
"2026-09-21","NUT",0,0
"2026-09-21","SCARLET",0,0
"2026-09-21","TIFFANY",0,0
"2026-09-21","GALENA P1094-4",0,0
"2026-09-21","SHANNON",0,0
"2026-09-21","CAROLINA",0,0
"2026-09-21","DALILA-II",23,0
"2026-09-21","LIS (C082-240426-5)",0,0
"2026-09-21","CARMEN-II",26,0
"2026-09-21","SUSANA",0,0
"2026-09-21","LILY 22006-7",0,0
"2026-09-21","P448-91",0,0
"2026-09-21","MIRIAM",0,0
"2026-09-21","MARGARET",25,0
"2026-09-21","CHOCO",0,0
"2026-09-21","IRENE",0,0
"2026-09-21","MIN",0,0
"2026-09-21","JJW-7",0,0
"2026-09-21","DANIELA",0,0
"2026-09-21","LUNA WH-W11",0,0
"2026-09-21","TINA",0,0
"2026-09-21","DEMI ZS16-15",0,0
"2026-09-21","MIA-2 (C109-240205-2)",0,0
"2026-09-21","KZ-1929",0,0
"2026-09-21","ELIS",0,0
"2026-09-21","MIYI RMC12",0,0
"2026-09-21","PEGGY BF2408",0,0
"2026-09-21","CAURA",0,0
"2026-09-21","KZ-1914",0,0
"2026-09-21","MAITE",0,0
"2026-09-21","LALA WH-W06",36,0
"2026-09-21","VIDIA",27,0
"2026-09-21","TERRA",18,0
"2026-09-21","NIEBLA 4020-24",0,0
"2026-09-21","KZ-1924",0,0
"2026-09-21","ARIEL 8306-K15",0,0
"2026-09-21","DALIA YQ7516-F78",0,0
"2026-09-21","KZ-1901",0,0
"2026-09-21","DAYRA",0,0
"2026-09-21","DINA BF2411",0,0
"2026-09-21","MORAN",27,0
"2026-09-21","VERO RM-14",0,0
"2026-09-21","GAIA",0,0
"2026-09-21","SARI WH-W03",0,0
"2026-09-21","DIANA 19269-24",0,0
"2026-09-21","LUCY",0,0
"2026-09-21","TERESA",0,0
"2026-09-21","DARA RM-09",0,0
"2026-09-21","ALICIA  P1091-4",0,0
"2026-09-21","JJW-8",0,0
"2026-09-21","NORKYS",0,0
"2026-09-21","MORELA",0,0
"2026-09-21","ATENEA",8,0
"2026-09-21","SADIE",24,0
"2026-09-21","MACUTO",0,0
"2026-09-21","CADIE P1090-1",0,0
"2026-09-21","AZUCENA",0,0
"2026-09-21","JJW-6",0,0
"2026-09-21","DETTE 23046-35",0,0
"2026-09-21","SHERYL",0,0
"2026-09-21","ESPIREA  WAN-004",0,0
"2026-09-21","KZ-1937",13,0
"2026-09-21","AURORA 8302-K3",0,0
"2026-09-21","KZ-1913",0,0
"2026-09-21","CLAUDIA",0,0
"2026-09-21","KZ-1910",0,0
"2026-09-21","KELLY",0,0
"2026-09-21","MILKA",0,0
"2026-09-21","IVONNE",0,0
"2026-09-21","CALA  WAN-002",0,0
"2026-09-21","LELIS WH-W07",0,0
"2026-09-21","RISA",0,0
"2026-09-21","MILLIE",20,0
"2026-09-21","YUKI",0,0
"2026-09-21","NIRAJ 1D8033-W44",0,0
"2026-09-21","BRICE L1913-52",0,0
"2026-09-21","MIEL",49,0
"2026-09-21","MOHANA 8302-K40",0,0
"2026-09-21","INES",0,0
"2026-09-21","KZ-1925",0,0
"2026-09-21","KEELY",0,0
"2026-09-21","YOLANDA",0,0
"2026-09-21","GLISS",16,0
"2026-09-21","KZ-1896",0,0
"2026-09-21","ALAIA-II",0,0
"2026-09-21","AVILA",0,0
"2026-09-21",,0,0
"2026-09-21","JERZY",0,0
"2026-09-21","MULAN 8306-K19",0,0
"2026-09-21","KZ-1918",0,0
"2026-09-21","DYER",23,0
"2026-09-21","AMANDA",0,0
"2026-09-21","VEGA (LC-DH-43)",0,0
"2026-09-21","DAYANA",0,0
"2026-09-21","SOFIA-II",0,0
"2026-09-21","JANE BF2412",0,0
"2026-09-21","KZ-1921",0,0
"2026-09-21","LIRIO  WAN-005",0,0
"2026-09-21","LIS-II",0,0
"2026-09-21","ASTRID",0,0
"2026-09-21","IVY",0,0
"2026-09-21","KZ-1938",0,0
"2026-09-21","MARTHA",0,0
"2026-09-21","YUDA P1080-15",0,0
"2026-09-21","CARIDAD",0,0
"2026-09-21","LC-DH-39",0,0
"2026-09-21","MILENA",31,0
"2026-09-21","11134-K3",0,0
"2026-09-21","MADELYN",28,0
"2026-09-21","KORA  XIN-005",0,0
"2026-09-21","ELSA-II",0,0
"2026-09-21","CHORONI",0,0
"2026-09-21","ORQUIDEA-II",18,0
"2026-09-21","ASTER 1D8055-W28",0,0
"2026-09-21","HEIDY 21219-8",0,0
"2026-09-21","ELLA",0,0
"2026-09-21","LARA (LC311546)",0,0
"2026-09-21","SOFIA",0,0
"2026-09-21","MILLY 23120-1",0,0
"2026-09-21","ROSA (LC222011)",0,0
"2026-09-21","BLANCA 11134-K31",0,0
"2026-09-21","YURI WH-W02",0,0
"2026-09-21","CRISBEL",0,0
"2026-09-21","8E0213-8",0,0
"2026-09-21","AURIS RM-13",0,0
"2026-09-21","CORAIMA",0,0
"2026-09-21","MOCHIMA",0,0
"2026-09-21","CELIA P1086-5",0,0
"2026-09-21","RUDDY",0,0
"2026-09-21","NEKO RM-12",0,0
"2026-09-21","NARDO",0,0
"2026-09-21","KZ-1898",0,0
"2026-09-21","C015-220520-3",0,0
"2026-09-21","MAGA BF2401",0,0
"2026-09-21","ALAIA (C082-20231027-23)",0,0
"2026-09-21","ETTA L1996-9",0,0
"2026-09-21","KETTE L1985A-6",0,0
"2026-09-21","MIA-III",0,0
"2026-09-21","CIRA RMC13",0,0
"2026-09-21","ELDA BF2409",0,0
"2026-09-21","NOA",38,0
"2026-09-21","KZ-1902",11,0
"2026-09-21","PARAISO-II",0,0
"2026-09-21","LEILANI YQ7542-H34B",0,0
"2026-09-21","LC-DH-33",0,0
"2026-09-21","ROXANA",25,0
"2026-09-21","SALLY",0,0
"2026-09-21","ISABEL",0,0
"2026-09-21","KZ-1927",0,0
"2026-09-21","KZ-1904",0,0
"2026-09-21","MIRTHA",0,0
"2026-09-21","KIARA",0,0
"2026-09-21","YULE",10,0
"2026-09-21","INDIGO 1D8055-W33",0,0
"2026-09-21","PARIS",0,0
"2026-09-21","VENUS",40,0
"2026-09-21","SALOME",38,0
"2026-09-21","KZ-1922",0,0
"2026-09-21","AMAPOLA-II",10,0
"2026-09-21","PILIN",29,0
"2026-09-21","BALMAT",0,0
"2026-09-21","PRIAH",22,0
"2026-09-21","ELEIDY",0,0
"2026-09-21","KLARA  23247-4",0,0
"2026-09-21","FABIOLA",0,0
"2026-09-21","MABEL",0,0
"2026-09-21","ORCHILA",0,0
"2026-09-21","NACARID",28,0
"2026-09-21","LOAD",0,0
"2026-09-21","NATALIA",0,0
"2026-09-21","BECKY",31,0
"2026-09-21","MOORE",0,0
"2026-09-21","KZ-1931",0,0
"2026-09-21","P990-2",0,0
"2026-09-21","POLINA",26,0
"2026-09-21","MIRAC P1061-9",0,0
"2026-09-21","BETHANY",0,0
"2026-09-21","TABEI",0,0
"2026-09-21","LIBIA",0,0
"2026-09-21","KERLY",0,0
"2026-09-21","BEGONIA YQ7667-H08",0,0
"2026-09-21","DAFNE  XIN-001",0,0
"2026-09-21","LC-DH-9",0,0
"2026-09-21","CHLOE  P1081-3",0,0
"2026-09-21","GEMA BN1925-K6",0,0
"2026-09-21","GLEDYS",0,0
"2026-09-21","8E0075-7",0,0
"2026-09-21","KZ-1926",0,0
"2026-09-21","SONYA",0,0
"2026-09-21","KZ-1919",0,0
"2026-09-21","BRENDA",0,0
"2026-09-21","EFFIE  XZ51-1",0,0
"2026-09-21","MALENA",0,0
"2026-09-21","EDNA BF2413",0,0
"2026-09-21","VIVIANA",0,0
"2026-09-21","WANDA",0,0
"2026-09-21","YELA 23178-11",0,0
"2026-09-21","8E0145-20",0,0
"2026-09-21","KZ-1936",0,0
"2026-09-21","LC-ST-19",0,0
"2026-09-21","JASMIN 8306-K7",0,0
"2026-09-21","KZ-1935",0,0
"2026-09-21","LOTUS 1138265-W54",0,0
"2026-09-21","JLP1025-5",0,0
"2026-09-21","LALY WH-W08",0,0
"2026-09-21","KZ-1916",0,0
"2026-09-21","SANDRA",0,0
"2026-09-21","HEART  WAN-0010",0,0
"2026-09-21","DINIRA",0,0
"2026-09-21","KZ-1932",0,0
"2026-09-21","MAYA",21,0
"2026-09-21","EVAM 21142-7",0,0
"2026-09-21","KZ-1928",0,0
"2026-09-21","ELBA RM-15",0,0
"2026-09-21","MIA-II",0,0
"2026-09-21","ALMA-II",0,0
"2026-09-21","KASSIA",0,0
"2026-09-21","JJW-3",0,0
"2026-09-21","CLARA P1067-7",0,0
"2026-09-21","BAHIA",0,0
"2026-09-21","AGUA",0,0
"2026-09-21","KZ-1933",14,0
"2026-09-21","KZ-1917",0,0
"2026-09-21","KARINA",0,0
"2026-09-21","AVA  P1094-2",0,0
"2026-09-21","KRISS",0,0
"2026-09-21","CARLA (C015-231009-6)",0,0
"2026-09-21","ISLA",28,0
"2026-09-21","TYLER",0,0
"2026-09-21","JENNY",0,0
"2026-09-21","DUNA",0,0
"2026-09-21","ARIA P1080-5",0,0
"2026-09-21","P956-7",0,0
"2026-09-21","FATIMA",0,0
"2026-09-21","NURY",20,0
"2026-09-21","SELENA L2801-3",0,0
"2026-09-21","YULIKA",0,0
"2026-09-21","ANARE",0,0
"2026-09-21","REGINA",0,0
"2026-09-21","LAURA",0,0
"2026-09-21","MAREA",0,0
"2026-09-21","PAULA",0,0
"2026-09-21","KZ-1897",0,0
"2026-09-21","CORAL",0,0
"2026-09-21","MARA BF2404",0,0
"2026-09-21","KATALEYA  XIN-003",0,0
"2026-09-21","MARTA",0,0
"2026-09-21","C082-1",0,0
"2026-09-21","MORA BF2414",16,0
"2026-09-21","KZ-1893",0,0
"2026-09-21","KAMI BF2410",0,0
"2026-09-21","KZ-1923",0,0
"2026-09-21","FEDRA",0,0
"2026-09-21","MONICA",0,0
"2026-09-21","PAULA-II",0,0
"2026-09-21","VANESSA",0,0
"2026-09-21","LOLA-II",0,0
"2026-09-21","PATTY L1913-89",0,0
"2026-09-21","ZARA",26,0
"2026-09-21","CANAIMA",0,0
"2026-09-21","ASHLEY L1895-36",0,0
"2026-09-21","RAQUEL",0,0
"2026-09-21","MARBE BF2403",0,0
"2026-09-21","FILCH 23198-7",0,0
"2026-09-21","CHOC 22007-14",0,0
"2026-09-21","ELSA (C109-240206-1)",0,0
"2026-09-21","BRISA",25,0
"2026-09-21","KZ-1899",18,0
"2026-09-21","SARI",0,0
"2026-09-21","GATEN",0,0
"2026-09-21","BELLA 8302-K51",0,0
"2026-09-21","TULIPAN",14,0
"2026-09-21","GIA",32,0
"2026-09-21","NARCISO  WAN-008",0,0
"2026-09-21","OLAS",0,0
"2026-09-21","KZ-1930",0,0
"2026-09-21","TILA WH-W04",0,0
"2026-09-21","8E0072-26",0,0
"2026-09-21","CAROL BF2402",0,0
"2026-09-21","STELLA L1870-40",0,0
"2026-09-21","MELISSA 1D4265-W14",0,0
"2026-09-22","ORQUIDEA-II",17,0
"2026-09-22","CHORONI",0,0
"2026-09-22","DETTE 23046-35",0,0
"2026-09-22","CARIDAD",0,0
"2026-09-22","MARTHA",0,0
"2026-09-22","LARA (LC311546)",0,0
"2026-09-22","8E0145-20",0,0
"2026-09-22","KZ-1936",0,0
"2026-09-22","IVONNE",0,0
"2026-09-22","MILKA",0,0
"2026-09-22","KELLY",0,0
"2026-09-22","EMMA (C082-230803-10)",0,0
"2026-09-22","TOÑA RMC9",26,0
"2026-09-22","KZ-1933",14,0
"2026-09-22","KASSIA",0,0
"2026-09-22","ALMA-II",0,0
"2026-09-22","MIA-II",0,0
"2026-09-22","LOAD",0,0
"2026-09-22","NACARID",28,0
"2026-09-22","AMAPOLA",0,0
"2026-09-22","C015-220520-3",0,0
"2026-09-22","JENNY",0,0
"2026-09-22","DUNA",0,0
"2026-09-22","POLINA",25,0
"2026-09-22","KZ-1897",0,0
"2026-09-22","HILDA",0,0
"2026-09-22","ZURY WH-W013",0,0
"2026-09-22","CARMEN-II",26,0
"2026-09-22","YULI 23148-11",0,0
"2026-09-22","MARTA",0,0
"2026-09-22","MORA BF2414",16,0
"2026-09-22","C082-1",0,0
"2026-09-22","BALMAT",0,0
"2026-09-22","CRISBEL",0,0
"2026-09-22","YURI WH-W02",0,0
"2026-09-22","MONICA",0,0
"2026-09-22","11134-K3",0,0
"2026-09-22","BLANCA 11134-K31",0,0
"2026-09-22","ROSA (LC222011)",0,0
"2026-09-22","PRIAH",21,0
"2026-09-22","TINA",0,0
"2026-09-22","LUNA WH-W11",0,0
"2026-09-22","LOLA-II",0,0
"2026-09-22","CELIA P1086-5",0,0
"2026-09-22","VANESSA",0,0
"2026-09-22","KZ-1898",0,0
"2026-09-22","NARDO",0,0
"2026-09-22","CHOC 22007-14",0,0
"2026-09-22","PEGGY BF2408",0,0
"2026-09-22","ORCHILA",0,0
"2026-09-22","EVAM 21142-7",0,0
"2026-09-22","JLP1025-5",0,0
"2026-09-22","ELIS",0,0
"2026-09-22","MIYI RMC12",0,0
"2026-09-22","KZ-1915",0,0
"2026-09-22","ALAIA (C082-20231027-23)",0,0
"2026-09-22","ARIA P1080-5",0,0
"2026-09-22","KZ-1931",0,0
"2026-09-22","MOORE",0,0
"2026-09-22","MIEL",49,0
"2026-09-22","MIA-V",17,0
"2026-09-22","ZULAY",27,0
"2026-09-22","STELLA L1870-40",0,0
"2026-09-22","CAROL BF2402",0,0
"2026-09-22","OLAS",0,0
"2026-09-22","ALMA (C082-230803-32)",0,0
"2026-09-22","NIEBLA 4020-24",0,0
"2026-09-22","MELISSA 1D4265-W14",0,0
"2026-09-22","YUKI",0,0
"2026-09-22","DAYRA",0,0
"2026-09-22","KZ-1901",0,0
"2026-09-22","MARA BF2404",0,0
"2026-09-22","PARAISO",0,0
"2026-09-22","NIKKI",0,0
"2026-09-22","KZ-1921",0,0
"2026-09-22","KZ-1905",0,0
"2026-09-22","KZ-1920",0,0
"2026-09-22","DIANA 19269-24",0,0
"2026-09-22","EVA",0,0
"2026-09-22","SOL",0,0
"2026-09-22","KZ-1939",15,0
"2026-09-22","ALICIA  P1091-4",0,0
"2026-09-22","ASTRID",0,0
"2026-09-22","LIS-II",0,0
"2026-09-22","KORA  XIN-005",0,0
"2026-09-22","SOFIA",0,0
"2026-09-22","ELSA-II",0,0
"2026-09-22","KLARA  23247-4",0,0
"2026-09-22","JJW-5",0,0
"2026-09-22","ZARA",25,0
"2026-09-22","ELBA RM-15",0,0
"2026-09-22","RISA",0,0
"2026-09-22","MILLIE",20,0
"2026-09-22","AVA  P1094-2",0,0
"2026-09-22","LUPITA",0,0
"2026-09-22","NARCISO  WAN-008",0,0
"2026-09-22","MEDINA",0,0
"2026-09-22","MAITE",0,0
"2026-09-22","KZ-1914",0,0
"2026-09-22","CAURA",0,0
"2026-09-22","BETHANY",0,0
"2026-09-22","C015-221019-7",0,0
"2026-09-22","ELENA L1992-28",0,0
"2026-09-22","MULAN 8306-K19",0,0
"2026-09-22","KZ-1926",0,0
"2026-09-22","LEILANI YQ7542-H34B",0,0
"2026-09-22","8E0075-7",0,0
"2026-09-22","VEGA (LC-DH-43)",0,0
"2026-09-22","MIRIAM",0,0
"2026-09-22","P448-91",0,0
"2026-09-22","SUSANA",0,0
"2026-09-22","GALENA P1094-4",0,0
"2026-09-22","AURA BF2406",0,0
"2026-09-22","ACACIA YQ7581-H68",0,0
"2026-09-22","PARIS",0,0
"2026-09-22","YULE",10,0
"2026-09-22","MIRTHA",0,0
"2026-09-22","INDIGO 1D8055-W33",0,0
"2026-09-22","KZ-1904",0,0
"2026-09-22","SCARLET",0,0
"2026-09-22","CHOCO",0,0
"2026-09-22","MARGARET",26,0
"2026-09-22","IRENE",0,0
"2026-09-22","AMAPOLA-II",10,0
"2026-09-22","VENUS",40,0
"2026-09-22","KZ-1922",0,0
"2026-09-22","SALOME",38,0
"2026-09-22","NIURKA",0,0
"2026-09-22","LIENZO",36,0
"2026-09-22","JASMIN 8306-K7",0,0
"2026-09-22","KATIA  XIN-002",0,0
"2026-09-22","RAQUEL",0,0
"2026-09-22","KARINA",0,0
"2026-09-22","KZ-1917",0,0
"2026-09-22","DINIRA",0,0
"2026-09-22","BELLA 8302-K51",0,0
"2026-09-22","KZ-1916",0,0
"2026-09-22","SANDRA",0,0
"2026-09-22","LALY WH-W08",0,0
"2026-09-22","BRICE L1913-52",0,0
"2026-09-22","NURY",20,0
"2026-09-22","FATIMA",0,0
"2026-09-22","GIA",32,0
"2026-09-22","P956-7",0,0
"2026-09-22","ISLA",28,0
"2026-09-22","NIRAJ 1D8033-W44",0,0
"2026-09-22","TYLER",0,0
"2026-09-22","KRISS",0,0
"2026-09-22","MIRAC P1061-9",0,0
"2026-09-22","LC-DH-9",0,0
"2026-09-22","LIBIA",0,0
"2026-09-22","LILA (LC222036)",0,0
"2026-09-22","SABI 23147-6",0,0
"2026-09-22","CHLOE  P1081-3",0,0
"2026-09-22","DAFNE  XIN-001",0,0
"2026-09-22","BEGONIA YQ7667-H08",0,0
"2026-09-22","TABEI",0,0
"2026-09-22","CORAL",0,0
"2026-09-22","AMI",0,0
"2026-09-22","MAYRA",0,0
"2026-09-22","DANA",0,0
"2026-09-22","GIRASOL",7,0
"2026-09-22","LISETH L1982-70",0,0
"2026-09-22","PILIN",29,0
"2026-09-22","CADIE P1090-1",0,0
"2026-09-22","CLARION",25,0
"2026-09-22","ASTER 1D8055-W28",0,0
"2026-09-22","KZ-1935",0,0
"2026-09-22","PAULA-II",0,0
"2026-09-22","DEMI ZS16-15",0,0
"2026-09-22","MAYA",21,0
"2026-09-22","KZ-1932",0,0
"2026-09-22","GARDENIA YQ7510-H34",0,0
"2026-09-22","HADA BF2407",0,0
"2026-09-22","JJW-1",0,0
"2026-09-22","BYl111-K2",0,0
"2026-09-22","P1061-7",0,0
"2026-09-22","NURIS WH-W01",0,0
"2026-09-22","CATA",0,0
"2026-09-22","FLAVIA",0,0
"2026-09-22","REGINA",0,0
"2026-09-22","LAURA",0,0
"2026-09-22","DALIA YQ7516-F78",0,0
"2026-09-22","ARIEL 8306-K15",0,0
"2026-09-22","FRESIA",13,0
"2026-09-22","NOA",37,0
"2026-09-22","CARISSA",19,0
"2026-09-22","ETTA L1996-9",0,0
"2026-09-22","IVES",35,0
"2026-09-22","KZ-1925",0,0
"2026-09-22","SELENA L2801-3",0,0
"2026-09-22","KEELY",0,0
"2026-09-22","ANARE",0,0
"2026-09-22","YULIKA",0,0
"2026-09-22","HERA",18,0
"2026-09-22","MIA-IV",20,0
"2026-09-22","KZ-1900",0,0
"2026-09-22","KETTE L1985A-6",0,0
"2026-09-22","KZ-1924",0,0
"2026-09-22","PILAR",0,0
"2026-09-22","ZARINA",0,0
"2026-09-22","DINA BF2411",0,0
"2026-09-22","MORAN",26,0
"2026-09-22","AMANDA",0,0
"2026-09-22","JERZY",0,0
"2026-09-22","BRENDA",0,0
"2026-09-22","KZ-1919",0,0
"2026-09-22","SONYA",0,0
"2026-09-22","KZ-1902",11,0
"2026-09-22","GLEDYS",0,0
"2026-09-22","ELDA BF2409",0,0
"2026-09-22","MERIDA 8302-K96",0,0
"2026-09-22","SHANNON",0,0
"2026-09-22","MIN",0,0
"2026-09-22","GLORIA",0,0
"2026-09-22","CLAVEL",0,0
"2026-09-22","LUCY",0,0
"2026-09-22","TERESA",0,0
"2026-09-22","ELEIDY",0,0
"2026-09-22","FABIOLA",0,0
"2026-09-22",,0,0
"2026-09-22","MILLY 23120-1",0,0
"2026-09-22","MADELYN",28,0
"2026-09-22","FEDRA",0,0
"2026-09-22","AURORA 8302-K3",0,0
"2026-09-22","RUDDY",0,0
"2026-09-22","NEKO RM-12",0,0
"2026-09-22","AURIS RM-13",0,0
"2026-09-22","MABEL",0,0
"2026-09-22","CANAIMA",0,0
"2026-09-22","KZ-1899",18,0
"2026-09-22","JOY",0,0
"2026-09-22","SARI",0,0
"2026-09-22","CLARA P1067-7",0,0
"2026-09-22","BRISA",25,0
"2026-09-22","TERRA",18,0
"2026-09-22","LALA WH-W06",35,0
"2026-09-22","VIDIA",27,0
"2026-09-22","CG 190228-2",0,0
"2026-09-22","MIMI",0,0
"2026-09-22","CARLA (C015-231009-6)",0,0
"2026-09-22","MAGA BF2401",0,0
"2026-09-22","ISABEL",0,0
"2026-09-22","KZ-1927",0,0
"2026-09-22","Untitled Feb3_22:12",0,0
"2026-09-22","ELSA (C109-240206-1)",0,0
"2026-09-22","SALLY",0,0
"2026-09-22","ROXANA",24,0
"2026-09-22","PARAISO-II",0,0
"2026-09-22","NOHELY",0,0
"2026-09-22","VEGA-II",0,0
"2026-09-22","IVETTE",0,0
"2026-09-22","LILY 22006-7",0,0
"2026-09-22","DAYANA",0,0
"2026-09-22","FLORA YQ7581-H86",0,0
"2026-09-22","NIEVES 11134-K37",0,0
"2026-09-22","KAMI BF2410",0,0
"2026-09-22","KZ-1923",0,0
"2026-09-22","LIRIO  WAN-005",0,0
"2026-09-22","KZ-1938",0,0
"2026-09-22","ATENEA",8,0
"2026-09-22","FRESNO(AT-014)",0,0
"2026-09-22","MORELA",0,0
"2026-09-22","EILEEN P1078-12",0,0
"2026-09-22","DARA RM-09",0,0
"2026-09-22","CAYENA",0,0
"2026-09-22","LC-ST-19",0,0
"2026-09-22","DANIELA",0,0
"2026-09-22","JJW-7",0,0
"2026-09-22","MAR",0,0
"2026-09-22","KZ-1937",13,0
"2026-09-22","KZ-1913",0,0
"2026-09-22","CLAUDIA",0,0
"2026-09-22","SHERYL",0,0
"2026-09-22","ESPIREA  WAN-004",0,0
"2026-09-22","JJW-6",0,0
"2026-09-22","AZUCENA",0,0
"2026-09-22","MOCHIMA",0,0
"2026-09-22","PATTY L1913-89",0,0
"2026-09-22","CORAIMA",0,0
"2026-09-22","GALA",19,0
"2026-09-22","LYRIA",0,0
"2026-09-22","TANIA",0,0
"2026-09-22","8E0213-8",0,0
"2026-09-22","BAHIA",0,0
"2026-09-22","JJW-3",0,0
"2026-09-22","AGUA",0,0
"2026-09-22","LOTUS 1138265-W54",0,0
"2026-09-22","KZ-1928",0,0
"2026-09-22","INES",0,0
"2026-09-22","MOHANA 8302-K40",0,0
"2026-09-22","NELLY",0,0
"2026-09-22","TATIANA",0,0
"2026-09-22","KERLY",0,0
"2026-09-22","P990-2",0,0
"2026-09-22","GLISS",15,0
"2026-09-22","AVILA",0,0
"2026-09-22","YOLANDA",0,0
"2026-09-22","ALAIA-II",0,0
"2026-09-22","KZ-1896",0,0
"2026-09-22","SOFIA-II",0,0
"2026-09-22","JANE BF2412",0,0
"2026-09-22","WANDA",0,0
"2026-09-22","TIFFANY",0,0
"2026-09-22","MARGARITA",0,0
"2026-09-22","VIVIANA",0,0
"2026-09-22","EDNA BF2413",0,0
"2026-09-22","MIA-2 (C109-240205-2)",0,0
"2026-09-22","MALENA",0,0
"2026-09-22","ORQUIDEA",0,0
"2026-09-22","LYNN",0,0
"2026-09-22","IVY",0,0
"2026-09-22","VERO RM-14",0,0
"2026-09-22","SADIE",35,0
"2026-09-22","MACUTO",0,0
"2026-09-22","DALILA",0,0
"2026-09-22","YELA 23178-11",0,0
"2026-09-22","NORKYS",0,0
"2026-09-22","JJW-8",0,0
"2026-09-22","NUT",0,0
"2026-09-22","HEIDY 21219-8",0,0
"2026-09-22","ELLA",0,0
"2026-09-22","MIA (C109-240206-32)",0,0
"2026-09-22","YUDA P1080-15",0,0
"2026-09-22","MILENA",31,0
"2026-09-22","LC-DH-39",0,0
"2026-09-22","DIVA",0,0
"2026-09-22","KZ-1934",0,0
"2026-09-22","KZ-1910",0,0
"2026-09-22","FILCH 23198-7",0,0
"2026-09-22","MARBE BF2403",0,0
"2026-09-22","ZHENITH",26,0
"2026-09-22","ASHLEY L1895-36",0,0
"2026-09-22","TULIPAN",14,0
"2026-09-22","HEART  WAN-0010",0,0
"2026-09-22","GATEN",0,0
"2026-09-22","LOLA (LC311595)",0,0
"2026-09-22","LEA BF2405",0,0
"2026-09-22","ARENA",0,0
"2026-09-22","LELIS WH-W07",0,0
"2026-09-22","KZ-1929",0,0
"2026-09-22","CALA  WAN-002",0,0
"2026-09-22","8E0072-26",0,0
"2026-09-22","TILA WH-W04",0,0
"2026-09-22","KZ-1930",0,0
"2026-09-22","BECKY",31,0
"2026-09-22","NATALIA",0,0
"2026-09-22","MAREA",0,0
"2026-09-22","CIRA RMC13",0,0
"2026-09-22","MIA-III",0,0
"2026-09-22","ODA",0,0
"2026-09-22","MARITA",0,0
"2026-09-22","KZ-1918",0,0
"2026-09-22","DYER",21,0
"2026-09-22","GEMA BN1925-K6",0,0
"2026-09-22","LC-DH-33",0,0
"2026-09-22","PAULA",0,0
"2026-09-22","KATALEYA  XIN-003",0,0
"2026-09-22","LESLIE L1920-21A",0,0
"2026-09-22","CAROLINA",0,0
"2026-09-22","DALILA-II",22,0
"2026-09-22","MOLLY 20124-43",0,0
"2026-09-22","KIARA",0,0
"2026-09-22","EFFIE  XZ51-1",0,0
"2026-09-22","LIS (C082-240426-5)",0,0
"2026-09-22","7979-K28",0,0
"2026-09-22","MALIA",0,0
"2026-09-22","KZ-1893",0,0
"2026-09-22","SARI WH-W03",0,0
"2026-09-22","GAIA",0,0
"2026-09-22","MONIC RM-11",0,0
"2026-09-23","C015-220520-3",0,0
"2026-09-23","SIENA",0,0
"2026-09-23","MIA-V",17,0
"2026-09-23","ZULAY",27,0
"2026-09-23","LALA WH-W06",35,0
"2026-09-23","TERRA",18,0
"2026-09-23","VIDIA",27,0
"2026-09-23","LUPITA",0,0
"2026-09-23","EVAM 21142-7",0,0
"2026-09-23","KZ-1929",0,0
"2026-09-23","BELLA 8302-K51",0,0
"2026-09-23","KARINA",0,0
"2026-09-23","KZ-1917",0,0
"2026-09-23","LOTUS 1138265-W54",0,0
"2026-09-23","DEMI ZS16-15",0,0
"2026-09-23","NIKA",0,0
"2026-09-23","ALAIA (C082-20231027-23)",0,0
"2026-09-23","PAULA-II",0,0
"2026-09-23","RAQUEL",0,0
"2026-09-23","DETTE 23046-35",0,0
"2026-09-23","11134-K3",0,0
"2026-09-23","CLAUDIA",0,0
"2026-09-23","KZ-1913",0,0
"2026-09-23","GIRASOL",19,0
"2026-09-23","DANA",0,0
"2026-09-23","LIS (C082-240426-5)",0,0
"2026-09-23","ANA",0,0
"2026-09-23","KZ-1920",0,0
"2026-09-23","GLEDYS",0,0
"2026-09-23","MULAN 8306-K19",0,0
"2026-09-23","HAUA",0,0
"2026-09-23","AMANDA",0,0
"2026-09-23","DAYRA",0,0
"2026-09-23","MIRAC P1061-9",0,0
"2026-09-23","KZ-1901",0,0
"2026-09-23","OLAS",0,0
"2026-09-23","BRICE L1913-52",0,0
"2026-09-23","REUT",0,0
"2026-09-23","MIMI",0,0
"2026-09-23","CG 190228-2",0,0
"2026-09-23","ORCHILA",0,0
"2026-09-23","NARDO",0,0
"2026-09-23","KZ-1898",0,0
"2026-09-23","LOLA-II",0,0
"2026-09-23","VANESSA",0,0
"2026-09-23","KZ-1934",0,0
"2026-09-23","DIVA",0,0
"2026-09-23","TINA",0,0
"2026-09-23","LUNA WH-W11",0,0
"2026-09-23","JJW-5",0,0
"2026-09-23","LILA",0,0
"2026-09-23","PATTY L1913-89",0,0
"2026-09-23","MARCE",0,0
"2026-09-23","LIENZO",36,0
"2026-09-23","LARA (LC311546)",0,0
"2026-09-23","ORQUIDEA-II",16,0
"2026-09-23","CHORONI",0,0
"2026-09-23","ELSA-II",0,0
"2026-09-23","JASMIN 8306-K7",0,0
"2026-09-23","CLOE",0,0
"2026-09-23","ROSA (LC222011)",0,0
"2026-09-23","BLANCA 11134-K31",0,0
"2026-09-23","ILDA",0,0
"2026-09-23","MAR",0,0
"2026-09-23","SHERYL",0,0
"2026-09-23","ASTER 1D8055-W28",0,0
"2026-09-23","ELLA",0,0
"2026-09-23","MONICA",0,0
"2026-09-23","DANIELA",0,0
"2026-09-23","JJW-7",0,0
"2026-09-23","HEIDY 21219-8",0,0
"2026-09-23","DARA RM-09",0,0
"2026-09-23","DIANA 19269-24",0,0
"2026-09-23","TIFFANY",0,0
"2026-09-23","YULE",10,0
"2026-09-23","PARIS",0,0
"2026-09-23","MOLLY 20124-43",0,0
"2026-09-23","LESLIE L1920-21A",0,0
"2026-09-23","MIN",0,0
"2026-09-23","AVILA",0,0
"2026-09-23","KZ-1896",0,0
"2026-09-23","GLISS",15,0
"2026-09-23","ALAIA-II",0,0
"2026-09-23","YOLANDA",0,0
"2026-09-23","GALIA",0,0
"2026-09-23","KZ-1897",0,0
"2026-09-23","GEMA BN1925-K6",0,0
"2026-09-23","ANARE",0,0
"2026-09-23","YULIKA",0,0
"2026-09-23","JULIA",0,0
"2026-09-23","DALIA YQ7516-F78",0,0
"2026-09-23","ARIEL 8306-K15",0,0
"2026-09-23","IVES",35,0
"2026-09-23","REGINA",0,0
"2026-09-23","LAURA",0,0
"2026-09-23","CAURA",0,0
"2026-09-23","KZ-1914",0,0
"2026-09-23","MAITE",0,0
"2026-09-23","NIRAJ 1D8033-W44",0,0
"2026-09-23","MIEL",49,0
"2026-09-23","AVA  P1094-2",0,0
"2026-09-23","JLP1025-5",0,0
"2026-09-23","JOY",0,0
"2026-09-23","PEGGY BF2408",0,0
"2026-09-23","ZARA",25,0
"2026-09-23","ALBA",0,0
"2026-09-23","ZHENITH",26,0
"2026-09-23","8E0213-8",0,0
"2026-09-23","IVONNE",0,0
"2026-09-23","RUDDY",0,0
"2026-09-23","NEKO RM-12",0,0
"2026-09-23","MOCHIMA",0,0
"2026-09-23","CORAIMA",0,0
"2026-09-23","CORA",0,0
"2026-09-23","SOFIA",0,0
"2026-09-23","EVA",0,0
"2026-09-23","SOL",0,0
"2026-09-23","FRESNO(AT-014)",0,0
"2026-09-23","CARLA (C015-231009-6)",0,0
"2026-09-23","WANDA",0,0
"2026-09-23","NOHELY",0,0
"2026-09-23","YULI 23148-11",0,0
"2026-09-23","IVETTE",0,0
"2026-09-23","VEGA-II",0,0
"2026-09-23","SOFIA-II",0,0
"2026-09-23","IVY",0,0
"2026-09-23","JANE BF2412",0,0
"2026-09-23","VEGA (LC-DH-43)",0,0
"2026-09-23","SONYA",0,0
"2026-09-23","KZ-1919",0,0
"2026-09-23","LEILANI YQ7542-H34B",0,0
"2026-09-23","BRENDA",0,0
"2026-09-23","JERZY",0,0
"2026-09-23","MERIDA 8302-K96",0,0
"2026-09-23","NIKKI",0,0
"2026-09-23","PARAISO",0,0
"2026-09-23","SARAI",0,0
"2026-09-23","CORAL",0,0
"2026-09-23","LC-DH-33",0,0
"2026-09-23","HERA",18,0
"2026-09-23","KZ-1900",0,0
"2026-09-23","MIA-IV",20,0
"2026-09-23","BEGONIA YQ7667-H08",0,0
"2026-09-23","DAFNE  XIN-001",0,0
"2026-09-23","CHLOE  P1081-3",0,0
"2026-09-23","NELLY",0,0
"2026-09-23","TATIANA",0,0
"2026-09-23","ETTA L1996-9",0,0
"2026-09-23","8E0072-26",0,0
"2026-09-23","VERA",0,0
"2026-09-23","KZ-1930",0,0
"2026-09-23","TILA WH-W04",0,0
"2026-09-23","KZ-1915",0,0
"2026-09-23","CLARA P1067-7",0,0
"2026-09-23","AMAPOLA",0,0
"2026-09-23","FOFI",0,0
"2026-09-23","AURIS RM-13",0,0
"2026-09-23","TANIA",0,0
"2026-09-23","ALEGRIA",0,0
"2026-09-23","GALA",19,0
"2026-09-23","LYRIA",0,0
"2026-09-23","CARIDAD",0,0
"2026-09-23","MARTHA",0,0
"2026-09-23","FEDRA",0,0
"2026-09-23","FABIOLA",0,0
"2026-09-23","ELEIDY",0,0
"2026-09-23","CLARION",25,0
"2026-09-23","YUDA P1080-15",0,0
"2026-09-23","LC-ST-19",0,0
"2026-09-23","KORA  XIN-005",0,0
"2026-09-23","NIURKA",0,0
"2026-09-23","PILIN",29,0
"2026-09-23","SADIE",35,0
"2026-09-23","MACUTO",0,0
"2026-09-23","YELA 23178-11",0,0
"2026-09-23","KZ-1923",0,0
"2026-09-23","KAMI BF2410",0,0
"2026-09-23","DALILA",0,0
"2026-09-23","LIRIO  WAN-005",0,0
"2026-09-23","MIRTHA",0,0
"2026-09-23","KZ-1904",0,0
"2026-09-23",,0,0
"2026-09-23","SHANNON",0,0
"2026-09-23","LARA",0,0
"2026-09-23","POLINA",26,0
"2026-09-23","LIBIA",0,0
"2026-09-23","LC-DH-9",0,0
"2026-09-23","CARISSA",18,0
"2026-09-23","KERLY",0,0
"2026-09-23","CAROL BF2402",0,0
"2026-09-23","STELLA L1870-40",0,0
"2026-09-23","KZ-1931",0,0
"2026-09-23","MOORE",0,0
"2026-09-23","AMAYA",0,0
"2026-09-23","HADA BF2407",0,0
"2026-09-23","MIYI RMC12",0,0
"2026-09-23","NARCISO  WAN-008",0,0
"2026-09-23","ELIS",0,0
"2026-09-23","NACARID",28,0
"2026-09-23","LOAD",0,0
"2026-09-23","KZ-1928",0,0
"2026-09-23","LEA BF2405",0,0
"2026-09-23","ARENA",0,0
"2026-09-23","NILA",0,0
"2026-09-23","KZ-1935",0,0
"2026-09-23","LC-DH-39",0,0
"2026-09-23","AURORA 8302-K3",0,0
"2026-09-23","MILENA",31,0
"2026-09-23","GAIA",0,0
"2026-09-23","SARI WH-W03",0,0
"2026-09-23","ALICIA  P1091-4",0,0
"2026-09-23","ELSA (C109-240206-1)",0,0
"2026-09-23","LIS-II",0,0
"2026-09-23","NUT",0,0
"2026-09-23","ASTRID",0,0
"2026-09-23","MONIC RM-11",0,0
"2026-09-23","AYLA",0,0
"2026-09-23","CADIE P1090-1",0,0
"2026-09-23","KZ-1939",15,0
"2026-09-23","CAYENA",0,0
"2026-09-23","EILEEN P1078-12",0,0
"2026-09-23","IRENE",0,0
"2026-09-23","MARGARET",26,0
"2026-09-23","CHOCO",0,0
"2026-09-23","LISETH L1982-70",0,0
"2026-09-23","NOAH",0,0
"2026-09-23","KZ-1893",0,0
"2026-09-23","KZ-1938",0,0
"2026-09-23","DAYANA",0,0
"2026-09-23","KLARA",0,0
"2026-09-23","C082-1",0,0
"2026-09-23","MARTA",0,0
"2026-09-23","MORA BF2414",16,0
"2026-09-23","AURA BF2406",0,0
"2026-09-23","ZURY WH-W013",0,0
"2026-09-23","SUSANA",0,0
"2026-09-23","P448-91",0,0
"2026-09-23","MIRIAM",0,0
"2026-09-23","GALENA P1094-4",0,0
"2026-09-23","CARMEN-II",26,0
"2026-09-23","ACACIA YQ7581-H68",0,0
"2026-09-23","DALILA-II",21,0
"2026-09-23","CAROLINA",0,0
"2026-09-23","MAYRA",0,0
"2026-09-23","CIRA RMC13",0,0
"2026-09-23","MIA-III",0,0
"2026-09-23","NURY",20,0
"2026-09-23","FATIMA",0,0
"2026-09-23","TYLER",0,0
"2026-09-23","ISLA",28,0
"2026-09-23","KRISS",0,0
"2026-09-23","FLORA",0,0
"2026-09-23","DINIRA",0,0
"2026-09-23","SANDRA",0,0
"2026-09-23","CALA  WAN-002",0,0
"2026-09-23","LELIS WH-W07",0,0
"2026-09-23","KZ-1916",0,0
"2026-09-23","SARI",0,0
"2026-09-23","KZ-1899",18,0
"2026-09-23","BRISA",25,0
"2026-09-23","MIA-II",0,0
"2026-09-23","ALMA-II",0,0
"2026-09-23","LOLA (LC311595)",0,0
"2026-09-23","KYRA",0,0
"2026-09-23","KASSIA",0,0
"2026-09-23","TULIPAN",14,0
"2026-09-23","GATEN",0,0
"2026-09-23","KZ-1933",14,0
"2026-09-23","KZ-1910",0,0
"2026-09-23","CELIA P1086-5",0,0
"2026-09-23","MABEL",0,0
"2026-09-23","KATIA  XIN-002",0,0
"2026-09-23","TOÑA RMC9",26,0
"2026-09-23","KZ-1936",0,0
"2026-09-23","KLARA  23247-4",0,0
"2026-09-23","8E0145-20",0,0
"2026-09-23","JJW-6",0,0
"2026-09-23","AZUCENA",0,0
"2026-09-23","MILLY 23120-1",0,0
"2026-09-23","PRIAH",21,0
"2026-09-23","BALMAT",0,0
"2026-09-23","NORKYS",0,0
"2026-09-23","JJW-8",0,0
"2026-09-23","LYNN",0,0
"2026-09-23","ORQUIDEA",0,0
"2026-09-23","KIARA",0,0
"2026-09-23","DYER",21,0
"2026-09-23","KZ-1918",0,0
"2026-09-23","AMI",0,0
"2026-09-23","Untitled Feb3_22:12",0,0
"2026-09-23","DINA BF2411",0,0
"2026-09-23","MORAN",26,0
"2026-09-23","BETHANY",0,0
"2026-09-23","P990-2",0,0
"2026-09-23","C015-221019-7",0,0
"2026-09-23","KZ-1925",0,0
"2026-09-23","KEELY",0,0
"2026-09-23","MIA-2 (C109-240205-2)",0,0
"2026-09-23","NIEBLA 4020-24",0,0
"2026-09-23","YUKI",0,0
"2026-09-23","NATALIA",0,0
"2026-09-23","BECKY",30,0
"2026-09-23","MOHANA 8302-K40",0,0
"2026-09-23","JENNY",0,0
"2026-09-23","NURIS WH-W01",0,0
"2026-09-23","DUNA",0,0
"2026-09-23","ARLA",0,0
"2026-09-23","EMMA (C082-230803-10)",0,0
"2026-09-23","INES",0,0
"2026-09-23","GIA",32,0
"2026-09-23","RENA",0,0
"2026-09-23","MEDINA",0,0
"2026-09-23","KZ-1932",0,0
"2026-09-23","MAYA",21,0
"2026-09-23","LALY WH-W08",0,0
"2026-09-23","GARDENIA YQ7510-H34",0,0
"2026-09-23","MIA (C109-240206-32)",0,0
"2026-09-23","MILLIE",32,0
"2026-09-23","HEART  WAN-0010",0,0
"2026-09-23","RISA",0,0
"2026-09-23","ASHLEY L1895-36",0,0
"2026-09-23","MARBE BF2403",0,0
"2026-09-23","FILCH 23198-7",0,0
"2026-09-23","CLARA",0,0
"2026-09-23","MADELYN",28,0
"2026-09-23","ESPIREA  WAN-004",0,0
"2026-09-23","LOTA",0,0
"2026-09-23","YURI WH-W02",0,0
"2026-09-23","CRISBEL",0,0
"2026-09-23","SALOME",38,0
"2026-09-23","AMAPOLA-II",9,0
"2026-09-23","VENUS",37,0
"2026-09-23","KZ-1922",0,0
"2026-09-23","ATENEA",22,0
"2026-09-23","FLORA YQ7581-H86",0,0
"2026-09-23","NIEVES 11134-K37",0,0
"2026-09-23","MORELA",0,0
"2026-09-23","VERO RM-14",0,0
"2026-09-23","KZ-1921",0,0
"2026-09-23","HILDA",0,0
"2026-09-23","KZ-1902",11,0
"2026-09-23","8E0075-7",0,0
"2026-09-23","KZ-1926",0,0
"2026-09-23","MARA BF2404",0,0
"2026-09-23","ENILLA",0,0
"2026-09-23","JADE",0,0
"2026-09-23","SUSAN",0,0
"2026-09-23","PAULA",0,0
"2026-09-23","KZ-1927",0,0
"2026-09-23","ISABEL",0,0
"2026-09-23","SALLY",0,0
"2026-09-23","ROXANA",23,0
"2026-09-23","ELENA L1992-28",0,0
"2026-09-23","KETTE L1985A-6",0,0
"2026-09-23","PIA",0,0
"2026-09-23","TABEI",0,0
"2026-09-23","ZARINA",0,0
"2026-09-23","PILAR",0,0
"2026-09-23","NOA",36,0
"2026-09-23","SACHA",0,0
"2026-09-23","LAUA",0,0
"2026-09-23","MAGA BF2401",0,0
"2026-09-23","MELISSA 1D4265-W14",0,0
"2026-09-23","FLEUR",0,0
"2026-09-23","P956-7",0,0
"2026-09-23","BYl111-K2",0,0
"2026-09-23","P1061-7",0,0
"2026-09-23","JJW-1",0,0
"2026-09-23","ARIA P1080-5",0,0
"2026-09-23","BAHIA",0,0
"2026-09-23","ZOE",0,0
"2026-09-23","AGUA",0,0
"2026-09-23","JJW-3",0,0
"2026-09-23","CHOC 22007-14",0,0
"2026-09-23","ELBA RM-15",0,0
"2026-09-23","CANAIMA",0,0
"2026-09-23","KELLY",0,0
"2026-09-23","ALMA (C082-230803-32)",0,0
"2026-09-23","MILKA",0,0
"2026-09-23","KZ-1937",13,0
"2026-09-23","LUCY",0,0
"2026-09-23","TERESA",0,0
"2026-09-23","MALIA",0,0
"2026-09-23","INDIGO 1D8055-W33",0,0
"2026-09-23","GLORIA",0,0
"2026-09-23","CLAVEL",0,0
"2026-09-23","7979-K28",0,0
"2026-09-23","BIANCA",0,0
"2026-09-23","LILY 22006-7",0,0
"2026-09-23","SCARLET",0,0
"2026-09-23","EDNA BF2413",0,0
"2026-09-23","VIVIANA",0,0
"2026-09-23","MALENA",0,0
"2026-09-23","MARGARITA",0,0
"2026-09-23","KZ-1905",0,0
"2026-09-23","EFFIE  XZ51-1",0,0
"2026-09-23","ELDA BF2409",0,0
"2026-09-23","PARAISO-II",0,0
"2026-09-23","KATALEYA  XIN-003",0,0
"2026-09-23","ODA",0,0
"2026-09-23","MARITA",0,0
"2026-09-23","MARA",0,0
"2026-09-23","SABI 23147-6",0,0
"2026-09-23","KZ-1924",0,0
"2026-09-23","LILA (LC222036)",0,0
"2026-09-23","CATA",0,0
"2026-09-23","FLAVIA",0,0
"2026-09-23","MAREA",0,0
"2026-09-23","SELENA L2801-3",0,0
"2026-09-23","FRESIA",13,0
"2026-09-24","VERO RM-14",0,0
"2026-09-24","LOTUS 1138265-W54",0,0
"2026-09-24","LELIS WH-W07",0,0
"2026-09-24","CALA  WAN-002",0,0
"2026-09-24","AURA BF2406",0,0
"2026-09-24","NARCISO  WAN-008",0,0
"2026-09-24","BELLA 8302-K51",0,0
"2026-09-24","P448-91",0,0
"2026-09-24","MIA-2 (C109-240205-2)",0,0
"2026-09-24","MIRIAM",0,0
"2026-09-24","SUSANA",0,0
"2026-09-24","ASTRID",0,0
"2026-09-24","LIS-II",0,0
"2026-09-24","GAIA",0,0
"2026-09-24","SARI WH-W03",0,0
"2026-09-24","PILIN",29,0
"2026-09-24","C015-220520-3",0,0
"2026-09-24","KZ-1938",0,0
"2026-09-24","PILAR",0,0
"2026-09-24","ZARINA",0,0
"2026-09-24","SACHA",0,0
"2026-09-24","JASMIN 8306-K7",0,0
"2026-09-24","GLEDYS",0,0
"2026-09-24","LEA BF2405",0,0
"2026-09-24","ARENA",0,0
"2026-09-24","ARLA",0,0
"2026-09-24","INES",0,0
"2026-09-24","11134-K3",0,0
"2026-09-24","LOTA",0,0
"2026-09-24","TINA",0,0
"2026-09-24","LUNA WH-W11",0,0
"2026-09-24","SOL",0,0
"2026-09-24","EVA",0,0
"2026-09-24","MABEL",0,0
"2026-09-24","KATALEYA  XIN-003",0,0
"2026-09-24","LYNN",0,0
"2026-09-24","ORQUIDEA",0,0
"2026-09-24","DAYANA",0,0
"2026-09-24","KLARA",0,0
"2026-09-24","CARMEN-II",26,0
"2026-09-24","IVETTE",0,0
"2026-09-24","NOHELY",0,0
"2026-09-24","VEGA-II",0,0
"2026-09-24","BALMAT",0,0
"2026-09-24","CHOCO",0,0
"2026-09-24","MARGARET",26,0
"2026-09-24","IRENE",0,0
"2026-09-24","NIRAJ 1D8033-W44",0,0
"2026-09-24","KZ-1900",0,0
"2026-09-24","CARLA (C015-231009-6)",0,0
"2026-09-24","HERA",18,0
"2026-09-24","MIA-IV",20,0
"2026-09-24","LIBIA",0,0
"2026-09-24","CIRA RMC13",0,0
"2026-09-24","MIA-III",0,0
"2026-09-24","BLANCA 11134-K31",0,0
"2026-09-24","ROSA (LC222011)",0,0
"2026-09-24","KATIA  XIN-002",0,0
"2026-09-24","PARAISO-II",0,0
"2026-09-24","KZ-1902",11,0
"2026-09-24","KZ-1926",0,0
"2026-09-24","8E0075-7",0,0
"2026-09-24","GLISS",15,0
"2026-09-24","ALAIA-II",0,0
"2026-09-24","YOLANDA",0,0
"2026-09-24","AVILA",0,0
"2026-09-24","KZ-1896",0,0
"2026-09-24","GALIA",0,0
"2026-09-24","JERZY",0,0
"2026-09-24","PATTY L1913-89",0,0
"2026-09-24","KZ-1897",0,0
"2026-09-24","DINA BF2411",0,0
"2026-09-24","MORAN",9,0
"2026-09-24","MARA BF2404",0,0
"2026-09-24","ENILLA",0,0
"2026-09-24","AMANDA",0,0
"2026-09-24","KZ-1899",18,0
"2026-09-24","BRISA",25,0
"2026-09-24","SARI",0,0
"2026-09-24","TULIPAN",13,0
"2026-09-24","GATEN",0,0
"2026-09-24","FRESNO(AT-014)",0,0
"2026-09-24","RENA",0,0
"2026-09-24","MOORE",0,0
"2026-09-24","KZ-1931",0,0
"2026-09-24","SELENA L2801-3",0,0
"2026-09-24","CLOE",0,0
"2026-09-24","SHERYL",0,0
"2026-09-24","8E0213-8",0,0
"2026-09-24","MARCE",0,0
"2026-09-24","AURIS RM-13",0,0
"2026-09-24","IVONNE",0,0
"2026-09-24","CLAVEL",0,0
"2026-09-24","GLORIA",0,0
"2026-09-24","SOFIA-II",0,0
"2026-09-24","JANE BF2412",0,0
"2026-09-24","CLARA P1067-7",0,0
"2026-09-24","KZ-1905",0,0
"2026-09-24","LUCY",0,0
"2026-09-24","TERESA",0,0
"2026-09-24","NOAH",0,0
"2026-09-24","KZ-1893",0,0
"2026-09-24","MARA",0,0
"2026-09-24","KZ-1924",0,0
"2026-09-24","LAUA",0,0
"2026-09-24","MAGA BF2401",0,0
"2026-09-24","BETHANY",0,0
"2026-09-24","JULIA",0,0
"2026-09-24","ANARE",0,0
"2026-09-24","YULIKA",0,0
"2026-09-24","ASTER 1D8055-W28",0,0
"2026-09-24","REGINA",0,0
"2026-09-24","AURORA 8302-K3",0,0
"2026-09-24","LAURA",0,0
"2026-09-24","ZOE",0,0
"2026-09-24","KERLY",0,0
"2026-09-24","ESPIREA  WAN-004",0,0
"2026-09-24","FRESIA",23,0
"2026-09-24","DETTE 23046-35",0,0
"2026-09-24","TATIANA",0,0
"2026-09-24","KLARA  23247-4",0,0
"2026-09-24","NELLY",0,0
"2026-09-24","ELBA RM-15",0,0
"2026-09-24","DUNA",0,0
"2026-09-24","JENNY",0,0
"2026-09-24","LIRIO  WAN-005",0,0
"2026-09-24","CG 190228-2",0,0
"2026-09-24","MIMI",0,0
"2026-09-24","MIEL",49,0
"2026-09-24","8E0145-20",0,0
"2026-09-24","KZ-1936",0,0
"2026-09-24","ETTA L1996-9",0,0
"2026-09-24","MARTHA",0,0
"2026-09-24","ANA",0,0
"2026-09-24","CARIDAD",0,0
"2026-09-24","DALIA YQ7516-F78",0,0
"2026-09-24","ARIEL 8306-K15",0,0
"2026-09-24","ILDA",0,0
"2026-09-24","JJW-6",0,0
"2026-09-24","AZUCENA",0,0
"2026-09-24","KETTE L1985A-6",0,0
"2026-09-24","FABIOLA",0,0
"2026-09-24","ELEIDY",0,0
"2026-09-24","LOLA-II",0,0
"2026-09-24","VANESSA",0,0
"2026-09-24","LEILANI YQ7542-H34B",0,0
"2026-09-24","RAQUEL",0,0
"2026-09-24","RUDDY",0,0
"2026-09-24","NEKO RM-12",0,0
"2026-09-24","7979-K28",0,0
"2026-09-24","PEGGY BF2408",0,0
"2026-09-24","KIARA",0,0
"2026-09-24","NIURKA",0,0
"2026-09-24","MALIA",0,0
"2026-09-24","BRICE L1913-52",0,0
"2026-09-24","JOY",0,0
"2026-09-24","IVES",6,0
"2026-09-24","LARA (LC311546)",0,0
"2026-09-24","KZ-1925",0,0
"2026-09-24","KEELY",0,0
"2026-09-24","HILDA",0,0
"2026-09-24","LC-DH-33",0,0
"2026-09-24","JADE",0,0
"2026-09-24","SUSAN",0,0
"2026-09-24","MARBE BF2403",0,0
"2026-09-24","ASHLEY L1895-36",0,0
"2026-09-24","GIA",31,0
"2026-09-24","PAULA",0,0
"2026-09-24","FILCH 23198-7",0,0
"2026-09-24","CELIA P1086-5",0,0
"2026-09-24","CORAL",0,0
"2026-09-24","SARAI",0,0
"2026-09-24","EFFIE  XZ51-1",0,0
"2026-09-24","AMAPOLA",0,0
"2026-09-24","ODA",0,0
"2026-09-24","MOLLY 20124-43",0,0
"2026-09-24","LESLIE L1920-21A",0,0
"2026-09-24","LIS (C082-240426-5)",0,0
"2026-09-24","LOAD",0,0
"2026-09-24","NACARID",28,0
"2026-09-24","KZ-1928",0,0
"2026-09-24","KRISS",0,0
"2026-09-24","TYLER",0,0
"2026-09-24","ISLA",28,0
"2026-09-24","ALICIA  P1091-4",0,0
"2026-09-24","P1061-7",0,0
"2026-09-24","BYl111-K2",0,0
"2026-09-24","JJW-1",0,0
"2026-09-24","ELLA",0,0
"2026-09-24","GEMA BN1925-K6",0,0
"2026-09-24","KZ-1934",0,0
"2026-09-24","DIVA",0,0
"2026-09-24","TOÑA RMC9",26,0
"2026-09-24","MERIDA 8302-K96",0,0
"2026-09-24","MULAN 8306-K19",0,0
"2026-09-24","BIANCA",0,0
"2026-09-24","GARDENIA YQ7510-H34",0,0
"2026-09-24","ARIA P1080-5",0,0
"2026-09-24","KZ-1923",0,0
"2026-09-24","KAMI BF2410",0,0
"2026-09-24","MOHANA 8302-K40",0,0
"2026-09-24","DALILA",0,0
"2026-09-24","NURIS WH-W01",0,0
"2026-09-24","DANA",0,0
"2026-09-24","GIRASOL",18,0
"2026-09-24","MARITA",0,0
"2026-09-24","CARISSA",0,0
"2026-09-24","MAREA",0,0
"2026-09-24","MAYRA",0,0
"2026-09-24","KZ-1929",0,0
"2026-09-24","NOA",36,0
"2026-09-24","MEDINA",0,0
"2026-09-24","ACACIA YQ7581-H68",0,0
"2026-09-24","FLORA",0,0
"2026-09-24","KZ-1932",0,0
"2026-09-24","MAYA",21,0
"2026-09-24","VEGA (LC-DH-43)",0,0
"2026-09-24","SANDRA",0,0
"2026-09-24","KZ-1916",0,0
"2026-09-24","GALENA P1094-4",0,0
"2026-09-24","DINIRA",0,0
"2026-09-24","LALY WH-W08",0,0
"2026-09-24","RISA",0,0
"2026-09-24","MILLIE",32,0
"2026-09-24","NARDO",0,0
"2026-09-24","KZ-1898",0,0
"2026-09-24","INDIGO 1D8055-W33",0,0
"2026-09-24","KARINA",0,0
"2026-09-24","KZ-1917",0,0
"2026-09-24","KZ-1933",14,0
"2026-09-24","ALAIA (C082-20231027-23)",0,0
"2026-09-24","OLAS",0,0
"2026-09-24","EILEEN P1078-12",0,0
"2026-09-24","YUKI",0,0
"2026-09-24","MIA-V",0,0
"2026-09-24","ZULAY",27,0
"2026-09-24","VIDIA",27,0
"2026-09-24","LALA WH-W06",48,0
"2026-09-24","TERRA",18,0
"2026-09-24","SIENA",0,0
"2026-09-24","REUT",0,0
"2026-09-24","CADIE P1090-1",0,0
"2026-09-24","LC-DH-39",0,0
"2026-09-24","MILENA",31,0
"2026-09-24","IVY",0,0
"2026-09-24","CORA",0,0
"2026-09-24","DAFNE  XIN-001",0,0
"2026-09-24","BEGONIA YQ7667-H08",0,0
"2026-09-24","CHLOE  P1081-3",0,0
"2026-09-24","SOFIA",0,0
"2026-09-24","LILA",0,0
"2026-09-24","JJW-5",0,0
"2026-09-24","SCARLET",0,0
"2026-09-24","CHOC 22007-14",0,0
"2026-09-24","MIRTHA",0,0
"2026-09-24","KZ-1904",0,0
"2026-09-24","DALILA-II",0,0
"2026-09-24","CAROLINA",0,0
"2026-09-24","AVA  P1094-2",0,0
"2026-09-24","KZ-1939",15,0
"2026-09-24","MELISSA 1D4265-W14",0,0
"2026-09-24","JJW-8",0,0
"2026-09-24","NORKYS",0,0
"2026-09-24","CAROL BF2402",0,0
"2026-09-24","STELLA L1870-40",0,0
"2026-09-24","DARA RM-09",0,0
"2026-09-24","KORA  XIN-005",0,0
"2026-09-24","KZ-1901",0,0
"2026-09-24","DAYRA",0,0
"2026-09-24","MILLY 23120-1",0,0
"2026-09-24","LC-DH-9",0,0
"2026-09-24","KZ-1919",0,0
"2026-09-24","BRENDA",0,0
"2026-09-24","SONYA",0,0
"2026-09-24","NIKKI",0,0
"2026-09-24","ELSA (C109-240206-1)",0,0
"2026-09-24","PARAISO",0,0
"2026-09-24","YULI 23148-11",0,0
"2026-09-24","ORCHILA",0,0
"2026-09-24","MIYI RMC12",0,0
"2026-09-24","ELIS",0,0
"2026-09-24","ZURY WH-W013",0,0
"2026-09-24","MIA-II",0,0
"2026-09-24","ALMA-II",0,0
"2026-09-24","KASSIA",0,0
"2026-09-24","KYRA",0,0
"2026-09-24","LILY 22006-7",0,0
"2026-09-24","ALMA (C082-230803-32)",0,0
"2026-09-24","KZ-1915",0,0
"2026-09-24","PRIAH",20,0
"2026-09-24","KZ-1937",13,0
"2026-09-24","MONICA",0,0
"2026-09-24","ZHENITH",22,0
"2026-09-24","PAULA-II",0,0
"2026-09-24","Untitled Feb3_22:12",0,0
"2026-09-24","ELENA L1992-28",0,0
"2026-09-24","CANAIMA",0,0
"2026-09-24","LYRIA",0,0
"2026-09-24","GALA",3,0
"2026-09-24","ALEGRIA",0,0
"2026-09-24","TANIA",0,0
"2026-09-24","EDNA BF2413",0,0
"2026-09-24","VIVIANA",0,0
"2026-09-24","MALENA",0,0
"2026-09-24","MARTA",0,0
"2026-09-24","MORA BF2414",40,0
"2026-09-24","C082-1",0,0
"2026-09-24",,0,0
"2026-09-24","TIFFANY",0,0
"2026-09-24","WANDA",0,0
"2026-09-24","KZ-1920",0,0
"2026-09-24","YULE",10,0
"2026-09-24","PARIS",0,0
"2026-09-24","MONIC RM-11",0,0
"2026-09-24","AYLA",0,0
"2026-09-24","CAYENA",0,0
"2026-09-24","VENUS",46,0
"2026-09-24","KZ-1922",0,0
"2026-09-24","SALOME",38,0
"2026-09-24","AMAPOLA-II",9,0
"2026-09-24","P990-2",0,0
"2026-09-24","TABEI",0,0
"2026-09-24","ELDA BF2409",0,0
"2026-09-24","HAUA",0,0
"2026-09-24","KZ-1927",0,0
"2026-09-24","SALLY",0,0
"2026-09-24","ISABEL",0,0
"2026-09-24","DEMI ZS16-15",0,0
"2026-09-24","ROXANA",0,0
"2026-09-24","LUPITA",0,0
"2026-09-24","AGUA",0,0
"2026-09-24","BAHIA",0,0
"2026-09-24","JJW-3",0,0
"2026-09-24","FEDRA",0,0
"2026-09-24","MIA (C109-240206-32)",0,0
"2026-09-24","ORQUIDEA-II",14,0
"2026-09-24","CHORONI",0,0
"2026-09-24","ELSA-II",0,0
"2026-09-24","KZ-1913",0,0
"2026-09-24","CLAUDIA",0,0
"2026-09-24","DANIELA",0,0
"2026-09-24","JJW-7",0,0
"2026-09-24","LC-ST-19",0,0
"2026-09-24","C015-221019-7",0,0
"2026-09-24","YURI WH-W02",0,0
"2026-09-24","CRISBEL",0,0
"2026-09-24","MIN",0,0
"2026-09-24","KZ-1910",0,0
"2026-09-24","CLARA",0,0
"2026-09-24","EMMA (C082-230803-10)",0,0
"2026-09-24","NUT",0,0
"2026-09-24","NIKA",0,0
"2026-09-24","ALBA",0,0
"2026-09-24","LOLA (LC311595)",0,0
"2026-09-24","MARGARITA",0,0
"2026-09-24","MAR",0,0
"2026-09-24","HEART  WAN-0010",0,0
"2026-09-24","EVAM 21142-7",0,0
"2026-09-24","SHANNON",0,0
"2026-09-24","KZ-1921",0,0
"2026-09-24","NIEBLA 4020-24",0,0
"2026-09-24","MORELA",0,0
"2026-09-24","ATENEA",21,0
"2026-09-24","SADIE",35,0
"2026-09-24","MACUTO",0,0
"2026-09-24","YUDA P1080-15",0,0
"2026-09-24","POLINA",25,0
"2026-09-24","LARA",0,0
"2026-09-24","HEIDY 21219-8",0,0
"2026-09-24","CATA",0,0
"2026-09-24","FLAVIA",0,0
"2026-09-24","DYER",19,0
"2026-09-24","KZ-1918",0,0
"2026-09-24","AMAYA",0,0
"2026-09-24","HADA BF2407",0,0
"2026-09-24","PIA",0,0
"2026-09-24","JLP1025-5",0,0
"2026-09-24","FOFI",0,0
"2026-09-24","BECKY",29,0
"2026-09-24","YELA 23178-11",0,0
"2026-09-24","NATALIA",0,0
"2026-09-24","KZ-1914",0,0
"2026-09-24","MAITE",0,0
"2026-09-24","CAURA",0,0
"2026-09-24","VERA",0,0
"2026-09-24","8E0072-26",0,0
"2026-09-24","TILA WH-W04",0,0
"2026-09-24","LISETH L1982-70",0,0
"2026-09-24","KZ-1930",0,0
"2026-09-24","DIANA 19269-24",0,0
"2026-09-24","NURY",20,0
"2026-09-24","FATIMA",0,0
"2026-09-24","NIEVES 11134-K37",0,0
"2026-09-24","FLORA YQ7581-H86",0,0
"2026-09-24","FLEUR",0,0
"2026-09-24","P956-7",0,0
"2026-09-24","AMI",0,0
"2026-09-24","MADELYN",28,0
"2026-09-24","LIENZO",35,0
"2026-09-24","MIRAC P1061-9",0,0
"2026-09-24","CLARION",25,0
"2026-09-24","LILA (LC222036)",0,0
"2026-09-24","SABI 23147-6",0,0
"2026-09-24","NILA",0,0
"2026-09-24","ZARA",25,0
"2026-09-24","KELLY",0,0
"2026-09-24","MILKA",0,0
"2026-09-24","KZ-1935",0,0
"2026-09-24","MOCHIMA",0,0
"2026-09-24","CORAIMA",0,0
"2026-09-25","KZ-1902",11,0
"2026-09-25","JERZY",0,0
"2026-09-25","BRENDA",0,0
"2026-09-25","KZ-1919",0,0
"2026-09-25","SONYA",0,0
"2026-09-25","KERLY",0,0
"2026-09-25","REGINA",0,0
"2026-09-25","LAURA",0,0
"2026-09-25","FLAVIA",0,0
"2026-09-25","CATA",0,0
"2026-09-25","LARA (LC311546)",0,0
"2026-09-25","ESPIREA  WAN-004",0,0
"2026-09-25","LC-DH-9",0,0
"2026-09-25","MOHANA 8302-K40",0,0
"2026-09-25","NORKYS",0,0
"2026-09-25","JJW-8",0,0
"2026-09-25","KZ-1923",0,0
"2026-09-25","KAMI BF2410",0,0
"2026-09-25","NIURKA",0,0
"2026-09-25","NARCISO  WAN-008",0,0
"2026-09-25","CARLA (C015-231009-6)",0,0
"2026-09-25","CARMEN-II",26,0
"2026-09-25","LOTUS 1138265-W54",0,0
"2026-09-25","WANDA",0,0
"2026-09-25","SABI 23147-6",0,0
"2026-09-25","SHERYL",0,0
"2026-09-25","LILA (LC222036)",0,0
"2026-09-25","FEDRA",0,0
"2026-09-25","LOTA",0,0
"2026-09-25","REUT",0,0
"2026-09-25","INES",0,0
"2026-09-25","YUKI",0,0
"2026-09-25","ORCHILA",0,0
"2026-09-25","SARI",0,0
"2026-09-25","EFFIE  XZ51-1",0,0
"2026-09-25","BRISA",25,0
"2026-09-25","KZ-1899",18,0
"2026-09-25","KZ-1927",0,0
"2026-09-25","ISABEL",0,0
"2026-09-25","ROXANA",0,0
"2026-09-25","SALLY",0,0
"2026-09-25","MORAN",9,0
"2026-09-25","DINA BF2411",0,0
"2026-09-25","GIA",32,0
"2026-09-25","GLEDYS",0,0
"2026-09-25","PATTY L1913-89",0,0
"2026-09-25","HERA",18,0
"2026-09-25","KORA  XIN-005",0,0
"2026-09-25","MIA-IV",20,0
"2026-09-25","KZ-1900",0,0
"2026-09-25","CHOCO",0,0
"2026-09-25","MARGARET",26,0
"2026-09-25","IRENE",0,0
"2026-09-25","ELSA (C109-240206-1)",0,0
"2026-09-25","BALMAT",0,0
"2026-09-25","LUCY",0,0
"2026-09-25","TERESA",0,0
"2026-09-25","CLARA P1067-7",0,0
"2026-09-25","KIARA",0,0
"2026-09-25","BELLA 8302-K51",0,0
"2026-09-25","SOFIA-II",0,0
"2026-09-25","JANE BF2412",0,0
"2026-09-25","GARDENIA YQ7510-H34",0,0
"2026-09-25","KZ-1921",0,0
"2026-09-25","KZ-1905",0,0
"2026-09-25","AURA BF2406",0,0
"2026-09-25","PEGGY BF2408",0,0
"2026-09-25","KZ-1920",0,0
"2026-09-25","DAYANA",0,0
"2026-09-25","KLARA",0,0
"2026-09-25","TIFFANY",0,0
"2026-09-25","MORA BF2414",40,0
"2026-09-25","MARTA",0,0
"2026-09-25","LOLA (LC311595)",0,0
"2026-09-25","C082-1",0,0
"2026-09-25","MABEL",0,0
"2026-09-25","CANAIMA",0,0
"2026-09-25","C015-221019-7",0,0
"2026-09-25","DANIELA",0,0
"2026-09-25","JJW-7",0,0
"2026-09-25","JJW-6",0,0
"2026-09-25","AZUCENA",0,0
"2026-09-25","SELENA L2801-3",0,0
"2026-09-25","IVY",0,0
"2026-09-25","ARLA",0,0
"2026-09-25","AMI",0,0
"2026-09-25","LISETH L1982-70",0,0
"2026-09-25","MILLIE",32,0
"2026-09-25","RISA",0,0
"2026-09-25","ACACIA YQ7581-H68",0,0
"2026-09-25","ELIS",0,0
"2026-09-25","MIYI RMC12",0,0
"2026-09-25","DINIRA",0,0
"2026-09-25","KZ-1916",0,0
"2026-09-25","SANDRA",0,0
"2026-09-25","CELIA P1086-5",0,0
"2026-09-25","KZ-1926",0,0
"2026-09-25","8E0075-7",0,0
"2026-09-25","GALIA",0,0
"2026-09-25","KATIA  XIN-002",0,0
"2026-09-25","AURORA 8302-K3",0,0
"2026-09-25","CIRA RMC13",0,0
"2026-09-25","MIA-III",0,0
"2026-09-25","MARA",0,0
"2026-09-25","KZ-1924",0,0
"2026-09-25","KZ-1893",0,0
"2026-09-25","NOAH",0,0
"2026-09-25","BRICE L1913-52",0,0
"2026-09-25","NIEBLA 4020-24",0,0
"2026-09-25","STELLA L1870-40",0,0
"2026-09-25","CAROL BF2402",0,0
"2026-09-25","ASTRID",0,0
"2026-09-25","LIS-II",0,0
"2026-09-25","MONIC RM-11",0,0
"2026-09-25","AYLA",0,0
"2026-09-25","SALOME",38,0
"2026-09-25","AMAPOLA-II",9,0
"2026-09-25","KZ-1922",0,0
"2026-09-25","VENUS",44,0
"2026-09-25","GLORIA",0,0
"2026-09-25","CHOC 22007-14",0,0
"2026-09-25","CLAVEL",0,0
"2026-09-25","ZHENITH",24,0
"2026-09-25","CLAUDIA",0,0
"2026-09-25","KZ-1913",0,0
"2026-09-25","PRIAH",21,0
"2026-09-25","MIN",0,0
"2026-09-25","ETTA L1996-9",0,0
"2026-09-25","ELSA-II",0,0
"2026-09-25","VIDIA",27,0
"2026-09-25","TERRA",18,0
"2026-09-25","LALA WH-W06",48,0
"2026-09-25","MIA-V",0,0
"2026-09-25","ZULAY",27,0
"2026-09-25","RENA",0,0
"2026-09-25","CADIE P1090-1",0,0
"2026-09-25","TYLER",0,0
"2026-09-25","KRISS",0,0
"2026-09-25","ISLA",28,0
"2026-09-25","FATIMA",0,0
"2026-09-25","NURY",20,0
"2026-09-25","KZ-1898",0,0
"2026-09-25","NARDO",0,0
"2026-09-25","VEGA (LC-DH-43)",0,0
"2026-09-25","AMAPOLA",0,0
"2026-09-25","LESLIE L1920-21A",0,0
"2026-09-25","FLORA",0,0
"2026-09-25","MOLLY 20124-43",0,0
"2026-09-25","PARAISO-II",0,0
"2026-09-25","MARITA",0,0
"2026-09-25","KZ-1938",0,0
"2026-09-25","NURIS WH-W01",0,0
"2026-09-25","KZ-1939",15,0
"2026-09-25","CAYENA",0,0
"2026-09-25","ARIA P1080-5",0,0
"2026-09-25","LELIS WH-W07",0,0
"2026-09-25","CALA  WAN-002",0,0
"2026-09-25","EVAM 21142-7",0,0
"2026-09-25","SCARLET",0,0
"2026-09-25","HEART  WAN-0010",0,0
"2026-09-25","BIANCA",0,0
"2026-09-25","MARGARITA",0,0
"2026-09-25","MALENA",0,0
"2026-09-25","EDNA BF2413",0,0
"2026-09-25","VIVIANA",0,0
"2026-09-25","KZ-1904",0,0
"2026-09-25","MIRTHA",0,0
"2026-09-25","KATALEYA  XIN-003",0,0
"2026-09-25","RAQUEL",0,0
"2026-09-25","TOÑA RMC9",26,0
"2026-09-25","KZ-1934",0,0
"2026-09-25","DIVA",0,0
"2026-09-25","KZ-1910",0,0
"2026-09-25","PAULA-II",0,0
"2026-09-25","CLARA",0,0
"2026-09-25","ELENA L1992-28",0,0
"2026-09-25","CHLOE  P1081-3",0,0
"2026-09-25","DAFNE  XIN-001",0,0
"2026-09-25","BEGONIA YQ7667-H08",0,0
"2026-09-25","CARIDAD",0,0
"2026-09-25","MARTHA",0,0
"2026-09-25","MILENA",31,0
"2026-09-25","LC-DH-39",0,0
"2026-09-25","DIANA 19269-24",0,0
"2026-09-25","LEA BF2405",0,0
"2026-09-25","ARENA",0,0
"2026-09-25","ODA",0,0
"2026-09-25","MAYA",21,0
"2026-09-25","KZ-1932",0,0
"2026-09-25","YULI 23148-11",0,0
"2026-09-25","LUPITA",0,0
"2026-09-25","MAREA",0,0
"2026-09-25","DETTE 23046-35",0,0
"2026-09-25","TABEI",0,0
"2026-09-25","LARA",0,0
"2026-09-25","POLINA",25,0
"2026-09-25","MALIA",0,0
"2026-09-25","AVA  P1094-2",0,0
"2026-09-25","SHANNON",0,0
"2026-09-25","VERO RM-14",0,0
"2026-09-25","ALAIA (C082-20231027-23)",0,0
"2026-09-25","KELLY",0,0
"2026-09-25","MILKA",0,0
"2026-09-25","IVONNE",0,0
"2026-09-25","MOCHIMA",0,0
"2026-09-25","CORAIMA",0,0
"2026-09-25","MERIDA 8302-K96",0,0
"2026-09-25","RUDDY",0,0
"2026-09-25","NUT",0,0
"2026-09-25","NEKO RM-12",0,0
"2026-09-25","LEILANI YQ7542-H34B",0,0
"2026-09-25",,0,0
"2026-09-25","AURIS RM-13",0,0
"2026-09-25","GALA",3,0
"2026-09-25","ALEGRIA",0,0
"2026-09-25","LYRIA",0,0
"2026-09-25","TANIA",0,0
"2026-09-25","EVA",0,0
"2026-09-25","8E0213-8",0,0
"2026-09-25","SOL",0,0
"2026-09-25","LOLA-II",0,0
"2026-09-25","VANESSA",0,0
"2026-09-25","ZARA",25,0
"2026-09-25","GEMA BN1925-K6",0,0
"2026-09-25","Untitled Feb3_22:12",0,0
"2026-09-25","MONICA",0,0
"2026-09-25","ELLA",0,0
"2026-09-25","ILDA",0,0
"2026-09-25","8E0145-20",0,0
"2026-09-25","KZ-1936",0,0
"2026-09-25","CHORONI",0,0
"2026-09-25","ORQUIDEA-II",14,0
"2026-09-25","11134-K3",0,0
"2026-09-25","ARIEL 8306-K15",0,0
"2026-09-25","DALIA YQ7516-F78",0,0
"2026-09-25","MADELYN",28,0
"2026-09-25","P1061-7",0,0
"2026-09-25","JJW-1",0,0
"2026-09-25","BYl111-K2",0,0
"2026-09-25","EMMA (C082-230803-10)",0,0
"2026-09-25","KZ-1914",0,0
"2026-09-25","MAITE",0,0
"2026-09-25","CAURA",0,0
"2026-09-25","JLP1025-5",0,0
"2026-09-25","LC-DH-33",0,0
"2026-09-25","SARAI",0,0
"2026-09-25","CORAL",0,0
"2026-09-25","ELDA BF2409",0,0
"2026-09-25","HILDA",0,0
"2026-09-25","MILLY 23120-1",0,0
"2026-09-25","IVES",6,0
"2026-09-25","KZ-1901",0,0
"2026-09-25","DAYRA",0,0
"2026-09-25","JASMIN 8306-K7",0,0
"2026-09-25","HEIDY 21219-8",0,0
"2026-09-25","SACHA",0,0
"2026-09-25","ZOE",0,0
"2026-09-25","ASTER 1D8055-W28",0,0
"2026-09-25","MAGA BF2401",0,0
"2026-09-25","LAUA",0,0
"2026-09-25","JOY",0,0
"2026-09-25","PILAR",0,0
"2026-09-25","ZARINA",0,0
"2026-09-25","NIRAJ 1D8033-W44",0,0
"2026-09-25","MACUTO",0,0
"2026-09-25","SADIE",35,0
"2026-09-25","PILIN",29,0
"2026-09-25","MIRIAM",0,0
"2026-09-25","SUSANA",0,0
"2026-09-25","P448-91",0,0
"2026-09-25","YULE",10,0
"2026-09-25","PARIS",0,0
"2026-09-25","MAR",0,0
"2026-09-25","NOHELY",0,0
"2026-09-25","VEGA-II",0,0
"2026-09-25","IVETTE",0,0
"2026-09-25","TINA",0,0
"2026-09-25","MULAN 8306-K19",0,0
"2026-09-25","LUNA WH-W11",0,0
"2026-09-25","MARCE",0,0
"2026-09-25","ALMA (C082-230803-32)",0,0
"2026-09-25","NIKA",0,0
"2026-09-25","ALBA",0,0
"2026-09-25","CRISBEL",0,0
"2026-09-25","YURI WH-W02",0,0
"2026-09-25","LIENZO",35,0
"2026-09-25","MIMI",0,0
"2026-09-25","CG 190228-2",0,0
"2026-09-25","BECKY",30,0
"2026-09-25","NATALIA",0,0
"2026-09-25","OLAS",0,0
"2026-09-25","ELBA RM-15",0,0
"2026-09-25","NACARID",28,0
"2026-09-25","LOAD",0,0
"2026-09-25","KARINA",0,0
"2026-09-25","KZ-1917",0,0
"2026-09-25","MIA (C109-240206-32)",0,0
"2026-09-25","JJW-3",0,0
"2026-09-25","BAHIA",0,0
"2026-09-25","AGUA",0,0
"2026-09-25","GATEN",0,0
"2026-09-25","TULIPAN",13,0
"2026-09-25","LALY WH-W08",0,0
"2026-09-25","PAULA",0,0
"2026-09-25","AMANDA",0,0
"2026-09-25","MARBE BF2403",0,0
"2026-09-25","MARA BF2404",0,0
"2026-09-25","FILCH 23198-7",0,0
"2026-09-25","ENILLA",0,0
"2026-09-25","ASHLEY L1895-36",0,0
"2026-09-25","DYER",19,0
"2026-09-25","DEMI ZS16-15",0,0
"2026-09-25","KZ-1918",0,0
"2026-09-25","KZ-1897",0,0
"2026-09-25","HAUA",0,0
"2026-09-25","PARAISO",0,0
"2026-09-25","NIKKI",0,0
"2026-09-25","BLANCA 11134-K31",0,0
"2026-09-25","ROSA (LC222011)",0,0
"2026-09-25","FRESIA",23,0
"2026-09-25","CARISSA",0,0
"2026-09-25","KLARA  23247-4",0,0
"2026-09-25","KZ-1925",0,0
"2026-09-25","KEELY",0,0
"2026-09-25","TATIANA",0,0
"2026-09-25","NELLY",0,0
"2026-09-25","YUDA P1080-15",0,0
"2026-09-25","YULIKA",0,0
"2026-09-25","JULIA",0,0
"2026-09-25","MIA-2 (C109-240205-2)",0,0
"2026-09-25","ANARE",0,0
"2026-09-25","MORELA",0,0
"2026-09-25","ATENEA",21,0
"2026-09-25","DALILA",0,0
"2026-09-25","C015-220520-3",0,0
"2026-09-25","CAROLINA",0,0
"2026-09-25","DALILA-II",0,0
"2026-09-25","ORQUIDEA",0,0
"2026-09-25","LYNN",0,0
"2026-09-25","KZ-1931",0,0
"2026-09-25","MOORE",0,0
"2026-09-25","ALICIA  P1091-4",0,0
"2026-09-25","SIENA",0,0
"2026-09-25","MIEL",49,0
"2026-09-25","JENNY",0,0
"2026-09-25","DUNA",0,0
"2026-09-25","FLORA YQ7581-H86",0,0
"2026-09-25","NIEVES 11134-K37",0,0
"2026-09-25","P956-7",0,0
"2026-09-25","FLEUR",0,0
"2026-09-25","FRESNO(AT-014)",0,0
"2026-09-25","YELA 23178-11",0,0
"2026-09-25","LIRIO  WAN-005",0,0
"2026-09-25","PIA",0,0
"2026-09-25","INDIGO 1D8055-W33",0,0
"2026-09-25","KZ-1928",0,0
"2026-09-25","KZ-1933",14,0
"2026-09-25","KASSIA",0,0
"2026-09-25","KYRA",0,0
"2026-09-25","ALMA-II",0,0
"2026-09-25","MIA-II",0,0
"2026-09-25","NOA",36,0
"2026-09-25","SUSAN",0,0
"2026-09-25","JADE",0,0
"2026-09-25","MAYRA",0,0
"2026-09-25","ALAIA-II",0,0
"2026-09-25","GLISS",15,0
"2026-09-25","AVILA",0,0
"2026-09-25","KZ-1896",0,0
"2026-09-25","YOLANDA",0,0
"2026-09-25","P990-2",0,0
"2026-09-25","LIBIA",0,0
"2026-09-25","BETHANY",0,0
"2026-09-25","DARA RM-09",0,0
"2026-09-25","DANA",0,0
"2026-09-25","GIRASOL",18,0
"2026-09-25","MELISSA 1D4265-W14",0,0
"2026-09-25","GAIA",0,0
"2026-09-25","SARI WH-W03",0,0
"2026-09-25","7979-K28",0,0
"2026-09-25","KZ-1935",0,0
"2026-09-25","LILA",0,0
"2026-09-25","JJW-5",0,0
"2026-09-25","NILA",0,0
"2026-09-25","ANA",0,0
"2026-09-25","KZ-1937",13,0
"2026-09-25","SOFIA",0,0
"2026-09-25","KETTE L1985A-6",0,0
"2026-09-25","CORA",0,0
"2026-09-25","CLARION",25,0
"2026-09-25","FABIOLA",0,0
"2026-09-25","ELEIDY",0,0
"2026-09-25","LC-ST-19",0,0
"2026-09-25","CLOE",0,0
"2026-09-25","MIRAC P1061-9",0,0
"2026-09-25","KZ-1915",0,0
"2026-09-25","EILEEN P1078-12",0,0
"2026-09-25","VERA",0,0
"2026-09-25","8E0072-26",0,0
"2026-09-25","KZ-1930",0,0
"2026-09-25","TILA WH-W04",0,0
"2026-09-25","FOFI",0,0
"2026-09-25","LILY 22006-7",0,0
"2026-09-25","LIS (C082-240426-5)",0,0
"2026-09-25","GALENA P1094-4",0,0
"2026-09-25","KZ-1929",0,0
"2026-09-25","AMAYA",0,0
"2026-09-25","HADA BF2407",0,0
"2026-09-25","MEDINA",0,0
"2026-09-25","ZURY WH-W013",0,0
"2026-09-26","CARLA (C015-231009-6)",0,0
"2026-09-26","AURIS RM-13",0,0
"2026-09-26","MARCE",0,0
"2026-09-26","KELLY",0,0
"2026-09-26","MILKA",0,0
"2026-09-26","LOTA",0,0
"2026-09-26","LC-DH-39",0,0
"2026-09-26","MILENA",31,0
"2026-09-26","MARTHA",0,0
"2026-09-26","CARIDAD",0,0
"2026-09-26","DAFNE  XIN-001",0,0
"2026-09-26","BEGONIA YQ7667-H08",0,0
"2026-09-26","JJW-6",0,0
"2026-09-26","AZUCENA",0,0
"2026-09-26","CHLOE  P1081-3",0,0
"2026-09-26","FLEUR",0,0
"2026-09-26","P956-7",0,0
"2026-09-26","NATALIA",0,0
"2026-09-26","BECKY",30,0
"2026-09-26","FLORA YQ7581-H86",0,0
"2026-09-26","NIEVES 11134-K37",0,0
"2026-09-26","MEDINA",0,0
"2026-09-26","LIS (C082-240426-5)",0,0
"2026-09-26","KZ-1928",0,0
"2026-09-26","AMANDA",0,0
"2026-09-26","DETTE 23046-35",0,0
"2026-09-26","LIBIA",0,0
"2026-09-26","MIA-III",0,0
"2026-09-26","CIRA RMC13",0,0
"2026-09-26","KERLY",0,0
"2026-09-26","AYLA",0,0
"2026-09-26","MONIC RM-11",0,0
"2026-09-26","MOHANA 8302-K40",0,0
"2026-09-26","GIRASOL",18,0
"2026-09-26","DANA",0,0
"2026-09-26","VEGA-II",0,0
"2026-09-26","IVETTE",0,0
"2026-09-26","NOHELY",0,0
"2026-09-26","KIARA",0,0
"2026-09-26","NILA",0,0
"2026-09-26","CORAIMA",0,0
"2026-09-26","MOCHIMA",0,0
"2026-09-26","GEMA BN1925-K6",0,0
"2026-09-26","TINA",0,0
"2026-09-26","LUNA WH-W11",0,0
"2026-09-26","PRIAH",21,0
"2026-09-26","SOFIA",0,0
"2026-09-26","CORA",0,0
"2026-09-26","CAURA",0,0
"2026-09-26","MAITE",0,0
"2026-09-26","KZ-1914",0,0
"2026-09-26","ARLA",0,0
"2026-09-26","CG 190228-2",0,0
"2026-09-26","MIMI",0,0
"2026-09-26","ZULAY",27,0
"2026-09-26","LISETH L1982-70",0,0
"2026-09-26","MIA-V",0,0
"2026-09-26","KZ-1899",18,0
"2026-09-26","BRISA",25,0
"2026-09-26","SARI",0,0
"2026-09-26","LALY WH-W08",0,0
"2026-09-26","DINIRA",0,0
"2026-09-26","KZ-1916",0,0
"2026-09-26","SANDRA",0,0
"2026-09-26","KZ-1932",0,0
"2026-09-26","MAYA",21,0
"2026-09-26","HADA BF2407",0,0
"2026-09-26","AMAYA",0,0
"2026-09-26","AMAPOLA",0,0
"2026-09-26","MIYI RMC12",0,0
"2026-09-26","ELIS",0,0
"2026-09-26","AMI",0,0
"2026-09-26","ACACIA YQ7581-H68",0,0
"2026-09-26","GALENA P1094-4",0,0
"2026-09-26","RISA",0,0
"2026-09-26","MILLIE",32,0
"2026-09-26","VEGA (LC-DH-43)",0,0
"2026-09-26","FOFI",0,0
"2026-09-26","ELBA RM-15",0,0
"2026-09-26","LEA BF2405",0,0
"2026-09-26","ARENA",0,0
"2026-09-26","PARAISO-II",0,0
"2026-09-26","ZOE",0,0
"2026-09-26","BETHANY",0,0
"2026-09-26","LC-DH-9",0,0
"2026-09-26","KZ-1925",0,0
"2026-09-26","KEELY",0,0
"2026-09-26","HEIDY 21219-8",0,0
"2026-09-26","MELISSA 1D4265-W14",0,0
"2026-09-26","NIEBLA 4020-24",0,0
"2026-09-26","NIURKA",0,0
"2026-09-26","LELIS WH-W07",0,0
"2026-09-26","CALA  WAN-002",0,0
"2026-09-26","PEGGY BF2408",0,0
"2026-09-26","AURA BF2406",0,0
"2026-09-26","HEART  WAN-0010",0,0
"2026-09-26","ALMA (C082-230803-32)",0,0
"2026-09-26","SHANNON",0,0
"2026-09-26","LOLA-II",0,0
"2026-09-26","MERIDA 8302-K96",0,0
"2026-09-26","VANESSA",0,0
"2026-09-26","MIN",0,0
"2026-09-26","RAQUEL",0,0
"2026-09-26","ELSA (C109-240206-1)",0,0
"2026-09-26","FEDRA",0,0
"2026-09-26","ARIEL 8306-K15",0,0
"2026-09-26","DALIA YQ7516-F78",0,0
"2026-09-26","VERA",0,0
"2026-09-26","TILA WH-W04",0,0
"2026-09-26","KZ-1930",0,0
"2026-09-26","8E0072-26",0,0
"2026-09-26","NOA",36,0
"2026-09-26","FATIMA",0,0
"2026-09-26","NURY",20,0
"2026-09-26","BYl111-K2",0,0
"2026-09-26","P1061-7",0,0
"2026-09-26","JJW-1",0,0
"2026-09-26","LIRIO  WAN-005",0,0
"2026-09-26","YELA 23178-11",0,0
"2026-09-26","INES",0,0
"2026-09-26","REUT",0,0
"2026-09-26","VIDIA",27,0
"2026-09-26","TERRA",18,0
"2026-09-26","LALA WH-W06",47,0
"2026-09-26","LESLIE L1920-21A",0,0
"2026-09-26","MOLLY 20124-43",0,0
"2026-09-26","KZ-1898",0,0
"2026-09-26","NARDO",0,0
"2026-09-26","ENILLA",0,0
"2026-09-26","KATIA  XIN-002",0,0
"2026-09-26","MARA BF2404",0,0
"2026-09-26","TABEI",0,0
"2026-09-26","AURORA 8302-K3",0,0
"2026-09-26","CARISSA",0,0
"2026-09-26","SALOME",38,0
"2026-09-26","KZ-1922",0,0
"2026-09-26","VENUS",46,0
"2026-09-26","AMAPOLA-II",9,0
"2026-09-26","SARI WH-W03",0,0
"2026-09-26","STELLA L1870-40",0,0
"2026-09-26","GAIA",0,0
"2026-09-26","CAROL BF2402",0,0
"2026-09-26","NIRAJ 1D8033-W44",0,0
"2026-09-26","PILIN",29,0
"2026-09-26","MACUTO",0,0
"2026-09-26","SADIE",35,0
"2026-09-26","CLAVEL",0,0
"2026-09-26","GLORIA",0,0
"2026-09-26","SUSANA",0,0
"2026-09-26","P448-91",0,0
"2026-09-26","MIRIAM",0,0
"2026-09-26","KZ-1905",0,0
"2026-09-26","DALILA-II",0,0
"2026-09-26","CHOC 22007-14",0,0
"2026-09-26","CAROLINA",0,0
"2026-09-26","ZARA",25,0
"2026-09-26","MABEL",0,0
"2026-09-26","CLOE",0,0
"2026-09-26","C015-221019-7",0,0
"2026-09-26","MONICA",0,0
"2026-09-26","EILEEN P1078-12",0,0
"2026-09-26","SIENA",0,0
"2026-09-26","MOORE",0,0
"2026-09-26","KZ-1931",0,0
"2026-09-26","KZ-1929",0,0
"2026-09-26","JLP1025-5",0,0
"2026-09-26","GATEN",0,0
"2026-09-26","TULIPAN",13,0
"2026-09-26","KYRA",0,0
"2026-09-26","MIA-II",0,0
"2026-09-26","ALMA-II",0,0
"2026-09-26","KASSIA",0,0
"2026-09-26","JJW-3",0,0
"2026-09-26","EFFIE  XZ51-1",0,0
"2026-09-26","BAHIA",0,0
"2026-09-26","AGUA",0,0
"2026-09-26","ASHLEY L1895-36",0,0
"2026-09-26","MARBE BF2403",0,0
"2026-09-26","GALIA",0,0
"2026-09-26","FILCH 23198-7",0,0
"2026-09-26","PARAISO",0,0
"2026-09-26","NIKKI",0,0
"2026-09-26","KZ-1897",0,0
"2026-09-26","CORAL",0,0
"2026-09-26","SARAI",0,0
"2026-09-26","KZ-1918",0,0
"2026-09-26","DYER",19,0
"2026-09-26","ESPIREA  WAN-004",0,0
"2026-09-26","YUDA P1080-15",0,0
"2026-09-26","CATA",0,0
"2026-09-26","FLAVIA",0,0
"2026-09-26","LAURA",0,0
"2026-09-26","REGINA",0,0
"2026-09-26","C082-1",0,0
"2026-09-26","MARTA",0,0
"2026-09-26","ALAIA (C082-20231027-23)",0,0
"2026-09-26","GARDENIA YQ7510-H34",0,0
"2026-09-26","MORA BF2414",40,0
"2026-09-26","KZ-1920",0,0
"2026-09-26","YULE",10,0
"2026-09-26","PARIS",0,0
"2026-09-26","JANE BF2412",0,0
"2026-09-26","SOFIA-II",0,0
"2026-09-26","CANAIMA",0,0
"2026-09-26","IVY",0,0
"2026-09-26","ALEGRIA",0,0
"2026-09-26","TANIA",0,0
"2026-09-26","GALA",3,0
"2026-09-26","LYRIA",0,0
"2026-09-26","LILA (LC222036)",0,0
"2026-09-26","ILDA",0,0
"2026-09-26","SABI 23147-6",0,0
"2026-09-26","KZ-1937",13,0
"2026-09-26","KZ-1913",0,0
"2026-09-26","CLAUDIA",0,0
"2026-09-26","OLAS",0,0
"2026-09-26","MIEL",49,0
"2026-09-26","MIA-2 (C109-240205-2)",0,0
"2026-09-26","KZ-1917",0,0
"2026-09-26","KARINA",0,0
"2026-09-26","MAYRA",0,0
"2026-09-26","GLEDYS",0,0
"2026-09-26","ELDA BF2409",0,0
"2026-09-26","CELIA P1086-5",0,0
"2026-09-26","MIA (C109-240206-32)",0,0
"2026-09-26","KZ-1926",0,0
"2026-09-26","8E0075-7",0,0
"2026-09-26","KZ-1902",11,0
"2026-09-26","PATTY L1913-89",0,0
"2026-09-26","ROXANA",0,0
"2026-09-26","KZ-1927",0,0
"2026-09-26","ISABEL",0,0
"2026-09-26","SALLY",0,0
"2026-09-26","JOY",0,0
"2026-09-26","MARITA",0,0
"2026-09-26","YULIKA",0,0
"2026-09-26","ANARE",0,0
"2026-09-26","LARA (LC311546)",0,0
"2026-09-26","JULIA",0,0
"2026-09-26","LARA",0,0
"2026-09-26","POLINA",25,0
"2026-09-26",,0,0
"2026-09-26","NELLY",0,0
"2026-09-26","TATIANA",0,0
"2026-09-26","ASTER 1D8055-W28",0,0
"2026-09-26","IVES",6,0
"2026-09-26","GIA",32,0
"2026-09-26","FRESIA",23,0
"2026-09-26","KORA  XIN-005",0,0
"2026-09-26","ASTRID",0,0
"2026-09-26","NURIS WH-W01",0,0
"2026-09-26","LIS-II",0,0
"2026-09-26","IRENE",0,0
"2026-09-26","MARGARET",26,0
"2026-09-26","CHOCO",0,0
"2026-09-26","LOTUS 1138265-W54",0,0
"2026-09-26","ALBA",0,0
"2026-09-26","LEILANI YQ7542-H34B",0,0
"2026-09-26","KZ-1910",0,0
"2026-09-26","NEKO RM-12",0,0
"2026-09-26","RUDDY",0,0
"2026-09-26","LILA",0,0
"2026-09-26","ELENA L1992-28",0,0
"2026-09-26","JJW-5",0,0
"2026-09-26","KETTE L1985A-6",0,0
"2026-09-26","MADELYN",28,0
"2026-09-26","NUT",0,0
"2026-09-26","CHORONI",0,0
"2026-09-26","ORQUIDEA-II",15,0
"2026-09-26","LIENZO",35,0
"2026-09-26","SELENA L2801-3",0,0
"2026-09-26","CLARION",25,0
"2026-09-26","FABIOLA",0,0
"2026-09-26","ELEIDY",0,0
"2026-09-26","ETTA L1996-9",0,0
"2026-09-26","CRISBEL",0,0
"2026-09-26","YURI WH-W02",0,0
"2026-09-26","KRISS",0,0
"2026-09-26","ISLA",28,0
"2026-09-26","TYLER",0,0
"2026-09-26","CADIE P1090-1",0,0
"2026-09-26","PIA",0,0
"2026-09-26","KZ-1915",0,0
"2026-09-26","FRESNO(AT-014)",0,0
"2026-09-26","RENA",0,0
"2026-09-26","LILY 22006-7",0,0
"2026-09-26","INDIGO 1D8055-W33",0,0
"2026-09-26","ORCHILA",0,0
"2026-09-26","DEMI ZS16-15",0,0
"2026-09-26","JERZY",0,0
"2026-09-26","JADE",0,0
"2026-09-26","SUSAN",0,0
"2026-09-26","LC-DH-33",0,0
"2026-09-26","ZARINA",0,0
"2026-09-26","PILAR",0,0
"2026-09-26","DAYRA",0,0
"2026-09-26","KZ-1901",0,0
"2026-09-26","MAR",0,0
"2026-09-26","BALMAT",0,0
"2026-09-26","KZ-1923",0,0
"2026-09-26","KAMI BF2410",0,0
"2026-09-26","MALIA",0,0
"2026-09-26","TIFFANY",0,0
"2026-09-26","AVA  P1094-2",0,0
"2026-09-26","VERO RM-14",0,0
"2026-09-26","CLARA P1067-7",0,0
"2026-09-26","EDNA BF2413",0,0
"2026-09-26","VIVIANA",0,0
"2026-09-26","MALENA",0,0
"2026-09-26","BELLA 8302-K51",0,0
"2026-09-26","BIANCA",0,0
"2026-09-26","ZHENITH",23,0
"2026-09-26","KATALEYA  XIN-003",0,0
"2026-09-26","MULAN 8306-K19",0,0
"2026-09-26","ANA",0,0
"2026-09-26","PAULA-II",0,0
"2026-09-26","CLARA",0,0
"2026-09-26","KZ-1934",0,0
"2026-09-26","DIVA",0,0
"2026-09-26","Untitled Feb3_22:12",0,0
"2026-09-26","TOÑA RMC9",26,0
"2026-09-26","11134-K3",0,0
"2026-09-26","ELSA-II",0,0
"2026-09-26","8E0145-20",0,0
"2026-09-26","KZ-1936",0,0
"2026-09-26","EVA",0,0
"2026-09-26","ELLA",0,0
"2026-09-26","SOL",0,0
"2026-09-26","DUNA",0,0
"2026-09-26","JENNY",0,0
"2026-09-26","FLORA",0,0
"2026-09-26","LUPITA",0,0
"2026-09-26","YULI 23148-11",0,0
"2026-09-26","KZ-1933",14,0
"2026-09-26","SONYA",0,0
"2026-09-26","KZ-1919",0,0
"2026-09-26","BRENDA",0,0
"2026-09-26","HAUA",0,0
"2026-09-26","PAULA",0,0
"2026-09-26","MAREA",0,0
"2026-09-26","C015-220520-3",0,0
"2026-09-26","LUCY",0,0
"2026-09-26","TERESA",0,0
"2026-09-26","CAYENA",0,0
"2026-09-26","KZ-1939",15,0
"2026-09-26","BRICE L1913-52",0,0
"2026-09-26","DALILA",0,0
"2026-09-26","ARIA P1080-5",0,0
"2026-09-26","JJW-8",0,0
"2026-09-26","NORKYS",0,0
"2026-09-26","ATENEA",21,0
"2026-09-26","MORELA",0,0
"2026-09-26","KZ-1938",0,0
"2026-09-26","MIRTHA",0,0
"2026-09-26","KZ-1904",0,0
"2026-09-26","WANDA",0,0
"2026-09-26","EVAM 21142-7",0,0
"2026-09-26","ORQUIDEA",0,0
"2026-09-26","LYNN",0,0
"2026-09-26","MARGARITA",0,0
"2026-09-26","SCARLET",0,0
"2026-09-26","NIKA",0,0
"2026-09-26","8E0213-8",0,0
"2026-09-26","IVONNE",0,0
"2026-09-26","KZ-1935",0,0
"2026-09-26","LC-ST-19",0,0
"2026-09-26","SHERYL",0,0
"2026-09-26","DANIELA",0,0
"2026-09-26","MIRAC P1061-9",0,0
"2026-09-26","JJW-7",0,0
"2026-09-26","ALICIA  P1091-4",0,0
"2026-09-26","ODA",0,0
"2026-09-26","YUKI",0,0
"2026-09-26","DIANA 19269-24",0,0
"2026-09-26","ZURY WH-W013",0,0
"2026-09-26","NACARID",28,0
"2026-09-26","LOAD",0,0
"2026-09-26","KZ-1896",0,0
"2026-09-26","YOLANDA",0,0
"2026-09-26","ALAIA-II",0,0
"2026-09-26","AVILA",0,0
"2026-09-26","GLISS",15,0
"2026-09-26","HILDA",0,0
"2026-09-26","DINA BF2411",0,0
"2026-09-26","MORAN",9,0
"2026-09-26","MIA-IV",20,0
"2026-09-26","MILLY 23120-1",0,0
"2026-09-26","KZ-1900",0,0
"2026-09-26","HERA",18,0
"2026-09-26","KZ-1924",0,0
"2026-09-26","EMMA (C082-230803-10)",0,0
"2026-09-26","BLANCA 11134-K31",0,0
"2026-09-26","MARA",0,0
"2026-09-26","ROSA (LC222011)",0,0
"2026-09-26","LAUA",0,0
"2026-09-26","KLARA  23247-4",0,0
"2026-09-26","MAGA BF2401",0,0
"2026-09-26","JASMIN 8306-K7",0,0
"2026-09-26","P990-2",0,0
"2026-09-26","SACHA",0,0
"2026-09-26","DARA RM-09",0,0
"2026-09-26","KZ-1893",0,0
"2026-09-26","NOAH",0,0
"2026-09-26","KLARA",0,0
"2026-09-26","DAYANA",0,0
"2026-09-26","NARCISO  WAN-008",0,0
"2026-09-26","7979-K28",0,0
"2026-09-26","KZ-1921",0,0
"2026-09-26","LOLA (LC311595)",0,0
"2026-09-26","CARMEN-II",26,0
"2026-09-27","KARINA",0,0
"2026-09-27","KZ-1917",0,0
"2026-09-27","SANDRA",0,0
"2026-09-27","KZ-1916",0,0
"2026-09-27","DINIRA",0,0
"2026-09-27","ELIS",0,0
"2026-09-27","MIYI RMC12",0,0
"2026-09-27","LIS (C082-240426-5)",0,0
"2026-09-27","KZ-1929",0,0
"2026-09-27","CARLA (C015-231009-6)",0,0
"2026-09-27","INES",0,0
"2026-09-27","JJW-1",0,0
"2026-09-27","NOA",36,0
"2026-09-27","P1061-7",0,0
"2026-09-27","BYl111-K2",0,0
"2026-09-27","EILEEN P1078-12",0,0
"2026-09-27","RENA",0,0
"2026-09-27","ODA",0,0
"2026-09-27","YURI WH-W02",0,0
"2026-09-27","CRISBEL",0,0
"2026-09-27","NUT",0,0
"2026-09-27","KZ-1937",13,0
"2026-09-27",,0,0
"2026-09-27","CLOE",0,0
"2026-09-27","MOCHIMA",0,0
"2026-09-27","CORAIMA",0,0
"2026-09-27","CLARA",0,0
"2026-09-27","MARTA",0,0
"2026-09-27","C082-1",0,0
"2026-09-27","MORA BF2414",40,0
"2026-09-27","TERESA",0,0
"2026-09-27","NURIS WH-W01",0,0
"2026-09-27","LUCY",0,0
"2026-09-27","FRESIA",23,0
"2026-09-27","KERLY",0,0
"2026-09-27","POLINA",24,0
"2026-09-27","LARA",0,0
"2026-09-27","FILCH 23198-7",0,0
"2026-09-27","MARBE BF2403",0,0
"2026-09-27","ASHLEY L1895-36",0,0
"2026-09-27","PARAISO-II",0,0
"2026-09-27","KZ-1933",14,0
"2026-09-27","FOFI",0,0
"2026-09-27","MEDINA",0,0
"2026-09-27","ORCHILA",0,0
"2026-09-27","YELA 23178-11",0,0
"2026-09-27","CG 190228-2",0,0
"2026-09-27","MIMI",0,0
"2026-09-27","MAITE",0,0
"2026-09-27","KZ-1914",0,0
"2026-09-27","CADIE P1090-1",0,0
"2026-09-27","CAURA",0,0
"2026-09-27","SOFIA",0,0
"2026-09-27","CORA",0,0
"2026-09-27","SHERYL",0,0
"2026-09-27","DALIA YQ7516-F78",0,0
"2026-09-27","ARIEL 8306-K15",0,0
"2026-09-27","SOL",0,0
"2026-09-27","PRIAH",21,0
"2026-09-27","EVA",0,0
"2026-09-27","FEDRA",0,0
"2026-09-27","ILDA",0,0
"2026-09-27","MABEL",0,0
"2026-09-27","GALA",3,0
"2026-09-27","LYRIA",0,0
"2026-09-27","TANIA",0,0
"2026-09-27","ALEGRIA",0,0
"2026-09-27","AURIS RM-13",0,0
"2026-09-27","KZ-1935",0,0
"2026-09-27","RAQUEL",0,0
"2026-09-27","MARCE",0,0
"2026-09-27","GEMA BN1925-K6",0,0
"2026-09-27","DIVA",0,0
"2026-09-27","KZ-1934",0,0
"2026-09-27","8E0213-8",0,0
"2026-09-27","NILA",0,0
"2026-09-27","LEILANI YQ7542-H34B",0,0
"2026-09-27","MIA-2 (C109-240205-2)",0,0
"2026-09-27","ZHENITH",23,0
"2026-09-27","KIARA",0,0
"2026-09-27","LELIS WH-W07",0,0
"2026-09-27","BIANCA",0,0
"2026-09-27","CALA  WAN-002",0,0
"2026-09-27","PILIN",29,0
"2026-09-27","CAYENA",0,0
"2026-09-27","MELISSA 1D4265-W14",0,0
"2026-09-27","HEIDY 21219-8",0,0
"2026-09-27","MAREA",0,0
"2026-09-27","ALAIA (C082-20231027-23)",0,0
"2026-09-27","LIBIA",0,0
"2026-09-27","ROSA (LC222011)",0,0
"2026-09-27","BLANCA 11134-K31",0,0
"2026-09-27","JERZY",0,0
"2026-09-27","KZ-1902",11,0
"2026-09-27","JOY",0,0
"2026-09-27","MAYRA",0,0
"2026-09-27","KZ-1898",0,0
"2026-09-27","NARDO",0,0
"2026-09-27","MAYA",21,0
"2026-09-27","LILY 22006-7",0,0
"2026-09-27","KZ-1932",0,0
"2026-09-27","AMI",0,0
"2026-09-27","AMAPOLA",0,0
"2026-09-27","LIRIO  WAN-005",0,0
"2026-09-27","TILA WH-W04",0,0
"2026-09-27","VERA",0,0
"2026-09-27","KZ-1930",0,0
"2026-09-27","8E0072-26",0,0
"2026-09-27","FABIOLA",0,0
"2026-09-27","ELEIDY",0,0
"2026-09-27","JJW-7",0,0
"2026-09-27","DANIELA",0,0
"2026-09-27","ELLA",0,0
"2026-09-27","MILENA",31,0
"2026-09-27","LC-DH-39",0,0
"2026-09-27","LOTA",0,0
"2026-09-27","CHLOE  P1081-3",0,0
"2026-09-27","BEGONIA YQ7667-H08",0,0
"2026-09-27","DAFNE  XIN-001",0,0
"2026-09-27","MADELYN",28,0
"2026-09-27","11134-K3",0,0
"2026-09-27","LILA (LC222036)",0,0
"2026-09-27","SABI 23147-6",0,0
"2026-09-27","8E0145-20",0,0
"2026-09-27","KZ-1936",0,0
"2026-09-27","IVY",0,0
"2026-09-27","LOLA-II",0,0
"2026-09-27","VANESSA",0,0
"2026-09-27","CLARA P1067-7",0,0
"2026-09-27","TIFFANY",0,0
"2026-09-27","DALILA",0,0
"2026-09-27","BALMAT",0,0
"2026-09-27","MOHANA 8302-K40",0,0
"2026-09-27","TATIANA",0,0
"2026-09-27","NELLY",0,0
"2026-09-27","ASTER 1D8055-W28",0,0
"2026-09-27","FLAVIA",0,0
"2026-09-27","CATA",0,0
"2026-09-27","KORA  XIN-005",0,0
"2026-09-27","LC-DH-9",0,0
"2026-09-27","MILLY 23120-1",0,0
"2026-09-27","ALMA (C082-230803-32)",0,0
"2026-09-27","LAUA",0,0
"2026-09-27","MAGA BF2401",0,0
"2026-09-27","BRENDA",0,0
"2026-09-27","KZ-1919",0,0
"2026-09-27","SONYA",0,0
"2026-09-27","GALIA",0,0
"2026-09-27","ELDA BF2409",0,0
"2026-09-27","ACACIA YQ7581-H68",0,0
"2026-09-27","BRISA",25,0
"2026-09-27","KZ-1899",18,0
"2026-09-27","SARI",0,0
"2026-09-27","FRESNO(AT-014)",0,0
"2026-09-27","OLAS",0,0
"2026-09-27","CHORONI",0,0
"2026-09-27","ORQUIDEA-II",14,0
"2026-09-27","MILKA",0,0
"2026-09-27","KELLY",0,0
"2026-09-27","ANA",0,0
"2026-09-27","LILA",0,0
"2026-09-27","JJW-5",0,0
"2026-09-27","ALBA",0,0
"2026-09-27","CANAIMA",0,0
"2026-09-27","NIKA",0,0
"2026-09-27","KATALEYA  XIN-003",0,0
"2026-09-27","MERIDA 8302-K96",0,0
"2026-09-27","KZ-1910",0,0
"2026-09-27","KZ-1905",0,0
"2026-09-27","CHOC 22007-14",0,0
"2026-09-27","YULE",10,0
"2026-09-27","PARIS",0,0
"2026-09-27","KZ-1920",0,0
"2026-09-27","NARCISO  WAN-008",0,0
"2026-09-27","KZ-1904",0,0
"2026-09-27","MIRTHA",0,0
"2026-09-27","AVA  P1094-2",0,0
"2026-09-27","WANDA",0,0
"2026-09-27","MACUTO",0,0
"2026-09-27","SADIE",35,0
"2026-09-27","SARI WH-W03",0,0
"2026-09-27","GAIA",0,0
"2026-09-27","C015-220520-3",0,0
"2026-09-27","ASTRID",0,0
"2026-09-27","LIS-II",0,0
"2026-09-27","JULIA",0,0
"2026-09-27","YULIKA",0,0
"2026-09-27","ANARE",0,0
"2026-09-27","AMANDA",0,0
"2026-09-27","KZ-1897",0,0
"2026-09-27","PATTY L1913-89",0,0
"2026-09-27","PARAISO",0,0
"2026-09-27","NIKKI",0,0
"2026-09-27","CELIA P1086-5",0,0
"2026-09-27","KZ-1926",0,0
"2026-09-27","8E0075-7",0,0
"2026-09-27","ZOE",0,0
"2026-09-27","DEMI ZS16-15",0,0
"2026-09-27","HAUA",0,0
"2026-09-27","GATEN",0,0
"2026-09-27","GALENA P1094-4",0,0
"2026-09-27","TULIPAN",13,0
"2026-09-27","LALY WH-W08",0,0
"2026-09-27","PIA",0,0
"2026-09-27","ZULAY",27,0
"2026-09-27","MIA-V",0,0
"2026-09-27","BECKY",30,0
"2026-09-27","NATALIA",0,0
"2026-09-27","DUNA",0,0
"2026-09-27","JENNY",0,0
"2026-09-27","YUKI",0,0
"2026-09-27","MONICA",0,0
"2026-09-27","ETTA L1996-9",0,0
"2026-09-27","ELSA-II",0,0
"2026-09-27","ELENA L1992-28",0,0
"2026-09-27","IVONNE",0,0
"2026-09-27","MIN",0,0
"2026-09-27","HEART  WAN-0010",0,0
"2026-09-27","LOTUS 1138265-W54",0,0
"2026-09-27","SHANNON",0,0
"2026-09-27","PEGGY BF2408",0,0
"2026-09-27","CARMEN-II",26,0
"2026-09-27","CAROLINA",0,0
"2026-09-27","DALILA-II",0,0
"2026-09-27","EMMA (C082-230803-10)",0,0
"2026-09-27","SOFIA-II",0,0
"2026-09-27","JANE BF2412",0,0
"2026-09-27","LOLA (LC311595)",0,0
"2026-09-27","BELLA 8302-K51",0,0
"2026-09-27","CLAVEL",0,0
"2026-09-27","GLORIA",0,0
"2026-09-27","7979-K28",0,0
"2026-09-27","VERO RM-14",0,0
"2026-09-27","EVAM 21142-7",0,0
"2026-09-27","ORQUIDEA",0,0
"2026-09-27","LYNN",0,0
"2026-09-27","MALIA",0,0
"2026-09-27","MAR",0,0
"2026-09-27","ARIA P1080-5",0,0
"2026-09-27","GIRASOL",18,0
"2026-09-27","DANA",0,0
"2026-09-27","BRICE L1913-52",0,0
"2026-09-27","SALOME",38,0
"2026-09-27","AMAPOLA-II",9,0
"2026-09-27","VENUS",46,0
"2026-09-27","KZ-1922",0,0
"2026-09-27","STELLA L1870-40",0,0
"2026-09-27","CAROL BF2402",0,0
"2026-09-27","KZ-1939",15,0
"2026-09-27","AYLA",0,0
"2026-09-27","MONIC RM-11",0,0
"2026-09-27","NIRAJ 1D8033-W44",0,0
"2026-09-27","LAURA",0,0
"2026-09-27","REGINA",0,0
"2026-09-27","HERA",18,0
"2026-09-27","KZ-1900",0,0
"2026-09-27","MIA-IV",20,0
"2026-09-27","ESPIREA  WAN-004",0,0
"2026-09-27","HILDA",0,0
"2026-09-27","VEGA (LC-DH-43)",0,0
"2026-09-27","MOLLY 20124-43",0,0
"2026-09-27","LESLIE L1920-21A",0,0
"2026-09-27","INDIGO 1D8055-W33",0,0
"2026-09-27","FLORA",0,0
"2026-09-27","JLP1025-5",0,0
"2026-09-27","DIANA 19269-24",0,0
"2026-09-27","SIENA",0,0
"2026-09-27","KZ-1915",0,0
"2026-09-27","FLORA YQ7581-H86",0,0
"2026-09-27","NIEVES 11134-K37",0,0
"2026-09-27","P956-7",0,0
"2026-09-27","FLEUR",0,0
"2026-09-27","NURY",20,0
"2026-09-27","FATIMA",0,0
"2026-09-27","C015-221019-7",0,0
"2026-09-27","LIENZO",35,0
"2026-09-27","AZUCENA",0,0
"2026-09-27","JJW-6",0,0
"2026-09-27","KETTE L1985A-6",0,0
"2026-09-27","TOÑA RMC9",26,0
"2026-09-27","TINA",0,0
"2026-09-27","Untitled Feb3_22:12",0,0
"2026-09-27","LUNA WH-W11",0,0
"2026-09-27","NOHELY",0,0
"2026-09-27","VEGA-II",0,0
"2026-09-27","IVETTE",0,0
"2026-09-27","AURA BF2406",0,0
"2026-09-27","GARDENIA YQ7510-H34",0,0
"2026-09-27","MARGARITA",0,0
"2026-09-27","SCARLET",0,0
"2026-09-27","NIEBLA 4020-24",0,0
"2026-09-27","MARITA",0,0
"2026-09-27","KLARA  23247-4",0,0
"2026-09-27","ENILLA",0,0
"2026-09-27","MARA BF2404",0,0
"2026-09-27","KZ-1918",0,0
"2026-09-27","DYER",19,0
"2026-09-27","KATIA  XIN-002",0,0
"2026-09-27","PAULA",0,0
"2026-09-27","JJW-3",0,0
"2026-09-27","AGUA",0,0
"2026-09-27","BAHIA",0,0
"2026-09-27","ARENA",0,0
"2026-09-27","LEA BF2405",0,0
"2026-09-27","EFFIE  XZ51-1",0,0
"2026-09-27","ELBA RM-15",0,0
"2026-09-27","YULI 23148-11",0,0
"2026-09-27","ELSA (C109-240206-1)",0,0
"2026-09-27","LOAD",0,0
"2026-09-27","NACARID",28,0
"2026-09-27","KZ-1928",0,0
"2026-09-27","ZURY WH-W013",0,0
"2026-09-27","LUPITA",0,0
"2026-09-27","LISETH L1982-70",0,0
"2026-09-27","REUT",0,0
"2026-09-27","MIEL",49,0
"2026-09-27","KZ-1931",0,0
"2026-09-27","MOORE",0,0
"2026-09-27","VIDIA",27,0
"2026-09-27","LALA WH-W06",48,0
"2026-09-27","TERRA",18,0
"2026-09-27","ALICIA  P1091-4",0,0
"2026-09-27","MIRAC P1061-9",0,0
"2026-09-27","LC-ST-19",0,0
"2026-09-27","CLAUDIA",0,0
"2026-09-27","KZ-1913",0,0
"2026-09-27","NEKO RM-12",0,0
"2026-09-27","RUDDY",0,0
"2026-09-27","MULAN 8306-K19",0,0
"2026-09-27","P448-91",0,0
"2026-09-27","MIRIAM",0,0
"2026-09-27","SUSANA",0,0
"2026-09-27","EDNA BF2413",0,0
"2026-09-27","VIVIANA",0,0
"2026-09-27","MALENA",0,0
"2026-09-27","KZ-1938",0,0
"2026-09-27","MIA-III",0,0
"2026-09-27","CIRA RMC13",0,0
"2026-09-27","KEELY",0,0
"2026-09-27","KZ-1925",0,0
"2026-09-27","YUDA P1080-15",0,0
"2026-09-27","IVES",6,0
"2026-09-27","CARISSA",0,0
"2026-09-27","TABEI",0,0
"2026-09-27","JASMIN 8306-K7",0,0
"2026-09-27","BETHANY",0,0
"2026-09-27","SACHA",0,0
"2026-09-27","P990-2",0,0
"2026-09-27","GIA",32,0
"2026-09-27","PILAR",0,0
"2026-09-27","ZARINA",0,0
"2026-09-27","AURORA 8302-K3",0,0
"2026-09-27","CORAL",0,0
"2026-09-27","SARAI",0,0
"2026-09-27","ISABEL",0,0
"2026-09-27","ROXANA",0,0
"2026-09-27","SALLY",0,0
"2026-09-27","KZ-1927",0,0
"2026-09-27","SUSAN",0,0
"2026-09-27","JADE",0,0
"2026-09-27","LC-DH-33",0,0
"2026-09-27","KASSIA",0,0
"2026-09-27","ALMA-II",0,0
"2026-09-27","KYRA",0,0
"2026-09-27","MIA-II",0,0
"2026-09-27","MILLIE",32,0
"2026-09-27","RISA",0,0
"2026-09-27","HADA BF2407",0,0
"2026-09-27","AMAYA",0,0
"2026-09-27","ARLA",0,0
"2026-09-27","KRISS",0,0
"2026-09-27","TYLER",0,0
"2026-09-27","ISLA",28,0
"2026-09-27","CLARION",25,0
"2026-09-27","SELENA L2801-3",0,0
"2026-09-27","CARIDAD",0,0
"2026-09-27","MARTHA",0,0
"2026-09-27","ZARA",24,0
"2026-09-27","PAULA-II",0,0
"2026-09-27","KZ-1921",0,0
"2026-09-27","KLARA",0,0
"2026-09-27","DAYANA",0,0
"2026-09-27","KAMI BF2410",0,0
"2026-09-27","KZ-1923",0,0
"2026-09-27","CHOCO",0,0
"2026-09-27","MARGARET",26,0
"2026-09-27","IRENE",0,0
"2026-09-27","NOAH",0,0
"2026-09-27","KZ-1893",0,0
"2026-09-27","MIA (C109-240206-32)",0,0
"2026-09-27","DARA RM-09",0,0
"2026-09-27","ATENEA",21,0
"2026-09-27","MORELA",0,0
"2026-09-27","JJW-8",0,0
"2026-09-27","NORKYS",0,0
"2026-09-27","NIURKA",0,0
"2026-09-27","DAYRA",0,0
"2026-09-27","KZ-1901",0,0
"2026-09-27","LARA (LC311546)",0,0
"2026-09-27","KZ-1924",0,0
"2026-09-27","MARA",0,0
"2026-09-27","DETTE 23046-35",0,0
"2026-09-27","DINA BF2411",0,0
"2026-09-27","MORAN",9,0
"2026-09-27","GLISS",14,0
"2026-09-27","KZ-1896",0,0
"2026-09-27","YOLANDA",0,0
"2026-09-27","AVILA",0,0
"2026-09-27","ALAIA-II",0,0
"2026-09-27","GLEDYS",0,0
"2026-09-28","Untitled Feb3_22:12",0,0
"2026-09-28","LEILANI YQ7542-H34B",0,0
"2026-09-28","CLOE",0,0
"2026-09-28","LOTA",0,0
"2026-09-28","LIENZO",34,0
"2026-09-28","MARCE",0,0
"2026-09-28","TOÑA RMC9",26,0
"2026-09-28","MABEL",0,0
"2026-09-28","IVONNE",0,0
"2026-09-28","KZ-1910",0,0
"2026-09-28","LIRIO  WAN-005",0,0
"2026-09-28","IVY",0,0
"2026-09-28","FOFI",0,0
"2026-09-28","FRESNO(AT-014)",0,0
"2026-09-28","SANDRA",0,0
"2026-09-28","DINIRA",0,0
"2026-09-28","KZ-1916",0,0
"2026-09-28","MIMI",0,0
"2026-09-28","CG 190228-2",0,0
"2026-09-28","LESLIE L1920-21A",0,0
"2026-09-28","MOLLY 20124-43",0,0
"2026-09-28","KZ-1914",0,0
"2026-09-28","CAURA",0,0
"2026-09-28","MAITE",0,0
"2026-09-28","ASHLEY L1895-36",0,0
"2026-09-28","FILCH 23198-7",0,0
"2026-09-28","LAUA",0,0
"2026-09-28","MARBE BF2403",0,0
"2026-09-28","MAGA BF2401",0,0
"2026-09-28","ISABEL",0,0
"2026-09-28","KZ-1927",0,0
"2026-09-28","ROXANA",0,0
"2026-09-28","SALLY",0,0
"2026-09-28","ELDA BF2409",0,0
"2026-09-28","JERZY",0,0
"2026-09-28","NOHELY",0,0
"2026-09-28","IVETTE",0,0
"2026-09-28","VEGA-II",0,0
"2026-09-28","AURA BF2406",0,0
"2026-09-28","JOY",0,0
"2026-09-28","NIEBLA 4020-24",0,0
"2026-09-28","SCARLET",0,0
"2026-09-28","EVAM 21142-7",0,0
"2026-09-28","AYLA",0,0
"2026-09-28","MONIC RM-11",0,0
"2026-09-28","SARI WH-W03",0,0
"2026-09-28","GAIA",0,0
"2026-09-28","SHERYL",0,0
"2026-09-28","PRIAH",19,0
"2026-09-28","MERIDA 8302-K96",0,0
"2026-09-28",,0,0
"2026-09-28","11134-K3",0,0
"2026-09-28","CORAIMA",0,0
"2026-09-28","MOCHIMA",0,0
"2026-09-28","CLARA",0,0
"2026-09-28","KZ-1928",0,0
"2026-09-28","KZ-1933",14,0
"2026-09-28","ANA",0,0
"2026-09-28","MEDINA",0,0
"2026-09-28","FLORA",0,0
"2026-09-28","CADIE P1090-1",0,0
"2026-09-28","LUPITA",0,0
"2026-09-28","TERRA",18,0
"2026-09-28","VIDIA",27,0
"2026-09-28","EFFIE  XZ51-1",0,0
"2026-09-28","LALA WH-W06",47,0
"2026-09-28","MIEL",49,0
"2026-09-28","EMMA (C082-230803-10)",0,0
"2026-09-28","SIENA",0,0
"2026-09-28","INES",0,0
"2026-09-28","INDIGO 1D8055-W33",0,0
"2026-09-28","LILY 22006-7",0,0
"2026-09-28","P956-7",0,0
"2026-09-28","FLEUR",0,0
"2026-09-28","FATIMA",0,0
"2026-09-28","NURY",20,0
"2026-09-28","FLAVIA",0,0
"2026-09-28","CATA",0,0
"2026-09-28","BETHANY",0,0
"2026-09-28","DETTE 23046-35",0,0
"2026-09-28","MAYRA",0,0
"2026-09-28","BRENDA",0,0
"2026-09-28","KZ-1919",0,0
"2026-09-28","JASMIN 8306-K7",0,0
"2026-09-28","SONYA",0,0
"2026-09-28","SOFIA-II",0,0
"2026-09-28","JANE BF2412",0,0
"2026-09-28","NIRAJ 1D8033-W44",0,0
"2026-09-28","ORQUIDEA",0,0
"2026-09-28","LYNN",0,0
"2026-09-28","ATENEA",21,0
"2026-09-28","MORELA",0,0
"2026-09-28","NIURKA",0,0
"2026-09-28","PILIN",29,0
"2026-09-28","KZ-1913",0,0
"2026-09-28","CLAUDIA",0,0
"2026-09-28","GEMA BN1925-K6",0,0
"2026-09-28","NOA",36,0
"2026-09-28","CHORONI",0,0
"2026-09-28","ORQUIDEA-II",13,0
"2026-09-28","NEKO RM-12",0,0
"2026-09-28","RUDDY",0,0
"2026-09-28","PAULA-II",0,0
"2026-09-28","KETTE L1985A-6",0,0
"2026-09-28","LOAD",0,0
"2026-09-28","NACARID",28,0
"2026-09-28","MIN",0,0
"2026-09-28","EILEEN P1078-12",0,0
"2026-09-28","LEA BF2405",0,0
"2026-09-28","ARENA",0,0
"2026-09-28","TULIPAN",13,0
"2026-09-28","GATEN",0,0
"2026-09-28","AGUA",0,0
"2026-09-28","JJW-3",0,0
"2026-09-28","BAHIA",0,0
"2026-09-28","ELIS",0,0
"2026-09-28","MIYI RMC12",0,0
"2026-09-28","JLP1025-5",0,0
"2026-09-28","ORCHILA",0,0
"2026-09-28","LALY WH-W08",0,0
"2026-09-28","LIS (C082-240426-5)",0,0
"2026-09-28","JENNY",0,0
"2026-09-28","DUNA",0,0
"2026-09-28","NUT",0,0
"2026-09-28","GLEDYS",0,0
"2026-09-28","AURORA 8302-K3",0,0
"2026-09-28","AVILA",0,0
"2026-09-28","GLISS",15,0
"2026-09-28","KZ-1896",0,0
"2026-09-28","YOLANDA",0,0
"2026-09-28","ALAIA-II",0,0
"2026-09-28","CARLA (C015-231009-6)",0,0
"2026-09-28","KIARA",0,0
"2026-09-28","SHANNON",0,0
"2026-09-28","VERO RM-14",0,0
"2026-09-28","MARTA",0,0
"2026-09-28","MORA BF2414",40,0
"2026-09-28","C082-1",0,0
"2026-09-28","DALILA",0,0
"2026-09-28","CAYENA",0,0
"2026-09-28","CALA  WAN-002",0,0
"2026-09-28","LELIS WH-W07",0,0
"2026-09-28","KZ-1939",15,0
"2026-09-28","GARDENIA YQ7510-H34",0,0
"2026-09-28","LUCY",0,0
"2026-09-28","TERESA",0,0
"2026-09-28","NARCISO  WAN-008",0,0
"2026-09-28","KZ-1937",13,0
"2026-09-28","CARIDAD",0,0
"2026-09-28","MARTHA",0,0
"2026-09-28","AURIS RM-13",0,0
"2026-09-28","NIKA",0,0
"2026-09-28","YELA 23178-11",0,0
"2026-09-28","AMAPOLA",0,0
"2026-09-28","SOL",0,0
"2026-09-28","EVA",0,0
"2026-09-28","VEGA (LC-DH-43)",0,0
"2026-09-28","KZ-1915",0,0
"2026-09-28","YUKI",0,0
"2026-09-28","OLAS",0,0
"2026-09-28","IVES",5,0
"2026-09-28","REGINA",0,0
"2026-09-28","LAURA",0,0
"2026-09-28","PILAR",0,0
"2026-09-28","ZARINA",0,0
"2026-09-28","MAR",0,0
"2026-09-28","KZ-1924",0,0
"2026-09-28","MARA",0,0
"2026-09-28","MIA-IV",20,0
"2026-09-28","KZ-1900",0,0
"2026-09-28","DEMI ZS16-15",0,0
"2026-09-28","HERA",18,0
"2026-09-28","PARAISO-II",0,0
"2026-09-28","PARAISO",0,0
"2026-09-28","NIKKI",0,0
"2026-09-28","MALENA",0,0
"2026-09-28","EDNA BF2413",0,0
"2026-09-28","VIVIANA",0,0
"2026-09-28","ASTRID",0,0
"2026-09-28","LIS-II",0,0
"2026-09-28","BELLA 8302-K51",0,0
"2026-09-28","AVA  P1094-2",0,0
"2026-09-28","DANIELA",0,0
"2026-09-28","JJW-7",0,0
"2026-09-28","8E0145-20",0,0
"2026-09-28","KZ-1936",0,0
"2026-09-28","MIRAC P1061-9",0,0
"2026-09-28","AMI",0,0
"2026-09-28","ALMA (C082-230803-32)",0,0
"2026-09-28","ZARA",25,0
"2026-09-28","VANESSA",0,0
"2026-09-28","LOLA-II",0,0
"2026-09-28","ALBA",0,0
"2026-09-28","C015-221019-7",0,0
"2026-09-28","MIA-II",0,0
"2026-09-28","DIANA 19269-24",0,0
"2026-09-28","KYRA",0,0
"2026-09-28","KASSIA",0,0
"2026-09-28","ALMA-II",0,0
"2026-09-28","ALICIA  P1091-4",0,0
"2026-09-28","AMAYA",0,0
"2026-09-28","HADA BF2407",0,0
"2026-09-28","KZ-1932",0,0
"2026-09-28","MAYA",21,0
"2026-09-28","RENA",0,0
"2026-09-28","YULI 23148-11",0,0
"2026-09-28","TYLER",0,0
"2026-09-28","ISLA",28,0
"2026-09-28","KRISS",0,0
"2026-09-28","DAYRA",0,0
"2026-09-28","KZ-1901",0,0
"2026-09-28","LC-DH-9",0,0
"2026-09-28","CIRA RMC13",0,0
"2026-09-28","MIA-III",0,0
"2026-09-28","PATTY L1913-89",0,0
"2026-09-28","MAREA",0,0
"2026-09-28","NELLY",0,0
"2026-09-28","TATIANA",0,0
"2026-09-28","P990-2",0,0
"2026-09-28","TABEI",0,0
"2026-09-28","MIA-2 (C109-240205-2)",0,0
"2026-09-28","CELIA P1086-5",0,0
"2026-09-28","LIBIA",0,0
"2026-09-28","JADE",0,0
"2026-09-28","YUDA P1080-15",0,0
"2026-09-28","SUSAN",0,0
"2026-09-28","PAULA",0,0
"2026-09-28","LC-DH-33",0,0
"2026-09-28","ESPIREA  WAN-004",0,0
"2026-09-28","HAUA",0,0
"2026-09-28","LARA (LC311546)",0,0
"2026-09-28","GALIA",0,0
"2026-09-28","KLARA  23247-4",0,0
"2026-09-28","MILLY 23120-1",0,0
"2026-09-28","BLANCA 11134-K31",0,0
"2026-09-28","HILDA",0,0
"2026-09-28","ROSA (LC222011)",0,0
"2026-09-28","YULE",10,0
"2026-09-28","PARIS",0,0
"2026-09-28","WANDA",0,0
"2026-09-28","FEDRA",0,0
"2026-09-28","MADELYN",28,0
"2026-09-28","MULAN 8306-K19",0,0
"2026-09-28","ARIEL 8306-K15",0,0
"2026-09-28","ALAIA (C082-20231027-23)",0,0
"2026-09-28","LILA",0,0
"2026-09-28","DALIA YQ7516-F78",0,0
"2026-09-28","JJW-5",0,0
"2026-09-28","ETTA L1996-9",0,0
"2026-09-28","RAQUEL",0,0
"2026-09-28","MILKA",0,0
"2026-09-28","KELLY",0,0
"2026-09-28","SELENA L2801-3",0,0
"2026-09-28","NILA",0,0
"2026-09-28","ZHENITH",23,0
"2026-09-28","KZ-1934",0,0
"2026-09-28","DIVA",0,0
"2026-09-28","LISETH L1982-70",0,0
"2026-09-28","KARINA",0,0
"2026-09-28","KZ-1917",0,0
"2026-09-28","KZ-1929",0,0
"2026-09-28","KZ-1931",0,0
"2026-09-28","GALENA P1094-4",0,0
"2026-09-28","MOORE",0,0
"2026-09-28","JJW-1",0,0
"2026-09-28","P1061-7",0,0
"2026-09-28","BYl111-K2",0,0
"2026-09-28","ACACIA YQ7581-H68",0,0
"2026-09-28","REUT",0,0
"2026-09-28","FRESIA",22,0
"2026-09-28","KERLY",0,0
"2026-09-28","MARITA",0,0
"2026-09-28","LARA",0,0
"2026-09-28","POLINA",25,0
"2026-09-28","KZ-1897",0,0
"2026-09-28","CARMEN-II",26,0
"2026-09-28","C015-220520-3",0,0
"2026-09-28","7979-K28",0,0
"2026-09-28","CAROL BF2402",0,0
"2026-09-28","STELLA L1870-40",0,0
"2026-09-28","MARGARITA",0,0
"2026-09-28","DARA RM-09",0,0
"2026-09-28","LOLA (LC311595)",0,0
"2026-09-28","KZ-1893",0,0
"2026-09-28","LOTUS 1138265-W54",0,0
"2026-09-28","NOAH",0,0
"2026-09-28","SADIE",34,0
"2026-09-28","MACUTO",0,0
"2026-09-28","VENUS",45,0
"2026-09-28","KZ-1922",0,0
"2026-09-28","CLARA P1067-7",0,0
"2026-09-28","SALOME",37,0
"2026-09-28","AMAPOLA-II",20,0
"2026-09-28","ELLA",0,0
"2026-09-28","ELEIDY",0,0
"2026-09-28","FABIOLA",0,0
"2026-09-28","CLARION",25,0
"2026-09-28","ELENA L1992-28",0,0
"2026-09-28","CORA",0,0
"2026-09-28","SOFIA",0,0
"2026-09-28","CRISBEL",0,0
"2026-09-28","YURI WH-W02",0,0
"2026-09-28","ILDA",0,0
"2026-09-28","LC-DH-39",0,0
"2026-09-28","PIA",0,0
"2026-09-28","MILENA",31,0
"2026-09-28","LUNA WH-W11",0,0
"2026-09-28","TINA",0,0
"2026-09-28","KZ-1935",0,0
"2026-09-28","GALA",3,0
"2026-09-28","ALEGRIA",0,0
"2026-09-28","LYRIA",0,0
"2026-09-28","TANIA",0,0
"2026-09-28","RISA",0,0
"2026-09-28","MILLIE",32,0
"2026-09-28","MIA (C109-240206-32)",0,0
"2026-09-28","NARDO",0,0
"2026-09-28","KZ-1898",0,0
"2026-09-28","ZURY WH-W013",0,0
"2026-09-28","MIA-V",0,0
"2026-09-28","ZULAY",27,0
"2026-09-28","ARLA",0,0
"2026-09-28","KEELY",0,0
"2026-09-28","KZ-1925",0,0
"2026-09-28","JULIA",0,0
"2026-09-28","ANARE",0,0
"2026-09-28","YULIKA",0,0
"2026-09-28","CORAL",0,0
"2026-09-28","SARAI",0,0
"2026-09-28","KZ-1926",0,0
"2026-09-28","8E0075-7",0,0
"2026-09-28","DALILA-II",0,0
"2026-09-28","CAROLINA",0,0
"2026-09-28","MIRIAM",0,0
"2026-09-28","P448-91",0,0
"2026-09-28","SUSANA",0,0
"2026-09-28","KZ-1905",0,0
"2026-09-28","ZOE",0,0
"2026-09-28","KZ-1921",0,0
"2026-09-28","GLORIA",0,0
"2026-09-28","CLAVEL",0,0
"2026-09-28","MELISSA 1D4265-W14",0,0
"2026-09-28","BIANCA",0,0
"2026-09-28","DAYANA",0,0
"2026-09-28","KLARA",0,0
"2026-09-28","NURIS WH-W01",0,0
"2026-09-28","KZ-1920",0,0
"2026-09-28","MOHANA 8302-K40",0,0
"2026-09-28","KZ-1904",0,0
"2026-09-28","MIRTHA",0,0
"2026-09-28","PEGGY BF2408",0,0
"2026-09-28","KZ-1938",0,0
"2026-09-28","CHOCO",0,0
"2026-09-28","IRENE",0,0
"2026-09-28","MARGARET",26,0
"2026-09-28","MALIA",0,0
"2026-09-28","DANA",0,0
"2026-09-28","ELSA (C109-240206-1)",0,0
"2026-09-28","HEART  WAN-0010",0,0
"2026-09-28","GIRASOL",18,0
"2026-09-28","MONICA",0,0
"2026-09-28","LC-ST-19",0,0
"2026-09-28","JJW-6",0,0
"2026-09-28","AZUCENA",0,0
"2026-09-28","ODA",0,0
"2026-09-28","ELSA-II",0,0
"2026-09-28","KATALEYA  XIN-003",0,0
"2026-09-28","8E0213-8",0,0
"2026-09-28","CHLOE  P1081-3",0,0
"2026-09-28","BEGONIA YQ7667-H08",0,0
"2026-09-28","DAFNE  XIN-001",0,0
"2026-09-28","SABI 23147-6",0,0
"2026-09-28","LILA (LC222036)",0,0
"2026-09-28","CANAIMA",0,0
"2026-09-28","ELBA RM-15",0,0
"2026-09-28","FLORA YQ7581-H86",0,0
"2026-09-28","NIEVES 11134-K37",0,0
"2026-09-28","SARI",0,0
"2026-09-28","KZ-1899",18,0
"2026-09-28","BRISA",25,0
"2026-09-28","BECKY",29,0
"2026-09-28","NATALIA",0,0
"2026-09-28","TILA WH-W04",0,0
"2026-09-28","KZ-1930",0,0
"2026-09-28","VERA",0,0
"2026-09-28","8E0072-26",0,0
"2026-09-28","CARISSA",0,0
"2026-09-28","KATIA  XIN-002",0,0
"2026-09-28","SACHA",0,0
"2026-09-28","DYER",29,0
"2026-09-28","KORA  XIN-005",0,0
"2026-09-28","KZ-1918",0,0
"2026-09-28","MARA BF2404",0,0
"2026-09-28","ENILLA",0,0
"2026-09-28","ASTER 1D8055-W28",0,0
"2026-09-28","AMANDA",0,0
"2026-09-28","HEIDY 21219-8",0,0
"2026-09-28","MORAN",8,0
"2026-09-28","DINA BF2411",0,0
"2026-09-28","KZ-1902",11,0
"2026-09-28","ARIA P1080-5",0,0
"2026-09-28","TIFFANY",0,0
"2026-09-28","BRICE L1913-52",0,0
"2026-09-28","JJW-8",0,0
"2026-09-28","NORKYS",0,0
"2026-09-28","KAMI BF2410",0,0
"2026-09-28","CHOC 22007-14",0,0
"2026-09-28","KZ-1923",0,0
"2026-09-28","GIA",31,0
"2026-09-28","BALMAT",0,0
"2026-09-29","ISLA",28,0
"2026-09-29","TYLER",0,0
"2026-09-29","KRISS",0,0
"2026-09-29","VEGA (LC-DH-43)",0,0
"2026-09-29","LESLIE L1920-21A",0,0
"2026-09-29",,0,0
"2026-09-29","MOLLY 20124-43",0,0
"2026-09-29","INES",0,0
"2026-09-29","KZ-1915",0,0
"2026-09-29","MOORE",0,0
"2026-09-29","KZ-1931",0,0
"2026-09-29","MIYI RMC12",0,0
"2026-09-29","ELIS",0,0
"2026-09-29","MIN",0,0
"2026-09-29","KZ-1899",18,0
"2026-09-29","BRISA",25,0
"2026-09-29","SARI",0,0
"2026-09-29","KZ-1934",0,0
"2026-09-29","DIVA",0,0
"2026-09-29","NILA",0,0
"2026-09-29","C015-221019-7",0,0
"2026-09-29","ZARA",25,0
"2026-09-29","SELENA L2801-3",0,0
"2026-09-29","AURIS RM-13",0,0
"2026-09-29","PRIAH",20,0
"2026-09-29","Untitled Feb3_22:12",0,0
"2026-09-29","CORA",0,0
"2026-09-29","SOFIA",0,0
"2026-09-29","LYNN",0,0
"2026-09-29","ORQUIDEA",0,0
"2026-09-29","CAROLINA",0,0
"2026-09-29","DALILA-II",0,0
"2026-09-29","AURA BF2406",0,0
"2026-09-29","ESPIREA  WAN-004",0,0
"2026-09-29","AURORA 8302-K3",0,0
"2026-09-29","JERZY",0,0
"2026-09-29","LC-DH-33",0,0
"2026-09-29","FRESIA",21,0
"2026-09-29","CATA",0,0
"2026-09-29","FLAVIA",0,0
"2026-09-29","ARLA",0,0
"2026-09-29","P956-7",0,0
"2026-09-29","FLEUR",0,0
"2026-09-29","MIMI",0,0
"2026-09-29","CG 190228-2",0,0
"2026-09-29","REUT",0,0
"2026-09-29","MEDINA",0,0
"2026-09-29","KZ-1928",0,0
"2026-09-29","LISETH L1982-70",0,0
"2026-09-29","CLARA",0,0
"2026-09-29","LILA (LC222036)",0,0
"2026-09-29","SABI 23147-6",0,0
"2026-09-29","KETTE L1985A-6",0,0
"2026-09-29","MOCHIMA",0,0
"2026-09-29","CORAIMA",0,0
"2026-09-29","RUDDY",0,0
"2026-09-29","NEKO RM-12",0,0
"2026-09-29","CARIDAD",0,0
"2026-09-29","MARTHA",0,0
"2026-09-29","8E0145-20",0,0
"2026-09-29","KZ-1936",0,0
"2026-09-29","KATALEYA  XIN-003",0,0
"2026-09-29","CLOE",0,0
"2026-09-29","ELSA-II",0,0
"2026-09-29","CHORONI",0,0
"2026-09-29","ORQUIDEA-II",10,0
"2026-09-29","MERIDA 8302-K96",0,0
"2026-09-29","LOTA",0,0
"2026-09-29","CRISBEL",0,0
"2026-09-29","YURI WH-W02",0,0
"2026-09-29","LC-ST-19",0,0
"2026-09-29","CLARION",25,0
"2026-09-29","PIA",0,0
"2026-09-29","FABIOLA",0,0
"2026-09-29","ELEIDY",0,0
"2026-09-29","GAIA",0,0
"2026-09-29","GIA",31,0
"2026-09-29","SARI WH-W03",0,0
"2026-09-29","GARDENIA YQ7510-H34",0,0
"2026-09-29","BIANCA",0,0
"2026-09-29","SHANNON",0,0
"2026-09-29","MIRIAM",0,0
"2026-09-29","SUSANA",0,0
"2026-09-29","P448-91",0,0
"2026-09-29","JASMIN 8306-K7",0,0
"2026-09-29","KZ-1926",0,0
"2026-09-29","8E0075-7",0,0
"2026-09-29","KZ-1902",11,0
"2026-09-29","KORA  XIN-005",0,0
"2026-09-29","SALLY",0,0
"2026-09-29","ROXANA",0,0
"2026-09-29","KZ-1927",0,0
"2026-09-29","ISABEL",0,0
"2026-09-29","CARLA (C015-231009-6)",0,0
"2026-09-29","P990-2",0,0
"2026-09-29","KERLY",0,0
"2026-09-29","LC-DH-9",0,0
"2026-09-29","DUNA",0,0
"2026-09-29","JENNY",0,0
"2026-09-29","GALENA P1094-4",0,0
"2026-09-29","SIENA",0,0
"2026-09-29","FLORA",0,0
"2026-09-29","NACARID",28,0
"2026-09-29","LOAD",0,0
"2026-09-29","PAULA-II",0,0
"2026-09-29","CHLOE  P1081-3",0,0
"2026-09-29","DAFNE  XIN-001",0,0
"2026-09-29","BEGONIA YQ7667-H08",0,0
"2026-09-29","CANAIMA",0,0
"2026-09-29","AMI",0,0
"2026-09-29","TOÑA RMC9",26,0
"2026-09-29","MARCE",0,0
"2026-09-29","JJW-5",0,0
"2026-09-29","LILA",0,0
"2026-09-29","TINA",0,0
"2026-09-29","LUNA WH-W11",0,0
"2026-09-29","TANIA",0,0
"2026-09-29","LYRIA",0,0
"2026-09-29","ALEGRIA",0,0
"2026-09-29","GALA",9,0
"2026-09-29","CLAUDIA",0,0
"2026-09-29","KZ-1913",0,0
"2026-09-29","DARA RM-09",0,0
"2026-09-29","CLAVEL",0,0
"2026-09-29","MOHANA 8302-K40",0,0
"2026-09-29","GLORIA",0,0
"2026-09-29","CARMEN-II",26,0
"2026-09-29","KZ-1921",0,0
"2026-09-29","KLARA  23247-4",0,0
"2026-09-29","PARAISO-II",0,0
"2026-09-29","HAUA",0,0
"2026-09-29","MILLY 23120-1",0,0
"2026-09-29","ROSA (LC222011)",0,0
"2026-09-29","BLANCA 11134-K31",0,0
"2026-09-29","MAYRA",0,0
"2026-09-29","AMANDA",0,0
"2026-09-29","YUDA P1080-15",0,0
"2026-09-29","TABEI",0,0
"2026-09-29","KEELY",0,0
"2026-09-29","KZ-1925",0,0
"2026-09-29","IVES",5,0
"2026-09-29","CIRA RMC13",0,0
"2026-09-29","MIA-III",0,0
"2026-09-29","ALAIA (C082-20231027-23)",0,0
"2026-09-29","BECKY",28,0
"2026-09-29","INDIGO 1D8055-W33",0,0
"2026-09-29","NATALIA",0,0
"2026-09-29","DINIRA",0,0
"2026-09-29","SANDRA",0,0
"2026-09-29","KZ-1916",0,0
"2026-09-29","KASSIA",0,0
"2026-09-29","EILEEN P1078-12",0,0
"2026-09-29","ALMA-II",0,0
"2026-09-29","MIA-II",0,0
"2026-09-29","KYRA",0,0
"2026-09-29","KZ-1910",0,0
"2026-09-29","RAQUEL",0,0
"2026-09-29","MIRAC P1061-9",0,0
"2026-09-29","LEILANI YQ7542-H34B",0,0
"2026-09-29","LIENZO",35,0
"2026-09-29","MADELYN",28,0
"2026-09-29","JJW-7",0,0
"2026-09-29","DANIELA",0,0
"2026-09-29","MONICA",0,0
"2026-09-29","ELLA",0,0
"2026-09-29","ODA",0,0
"2026-09-29","GEMA BN1925-K6",0,0
"2026-09-29","KZ-1939",15,0
"2026-09-29","LIS-II",0,0
"2026-09-29","NARCISO  WAN-008",0,0
"2026-09-29","ASTRID",0,0
"2026-09-29","CHOC 22007-14",0,0
"2026-09-29","KZ-1938",0,0
"2026-09-29","KZ-1893",0,0
"2026-09-29","NOAH",0,0
"2026-09-29","CHOCO",0,0
"2026-09-29","IRENE",0,0
"2026-09-29","MARGARET",26,0
"2026-09-29","VERO RM-14",0,0
"2026-09-29","KIARA",0,0
"2026-09-29","YULE",10,0
"2026-09-29","PARIS",0,0
"2026-09-29","PAULA",0,0
"2026-09-29","LAUA",0,0
"2026-09-29","MAGA BF2401",0,0
"2026-09-29","PILAR",0,0
"2026-09-29","CELIA P1086-5",0,0
"2026-09-29","ZARINA",0,0
"2026-09-29","PATTY L1913-89",0,0
"2026-09-29","LAURA",0,0
"2026-09-29","REGINA",0,0
"2026-09-29","MAREA",0,0
"2026-09-29","LILY 22006-7",0,0
"2026-09-29","TERRA",18,0
"2026-09-29","VIDIA",27,0
"2026-09-29","NUT",0,0
"2026-09-29","LALA WH-W06",46,0
"2026-09-29","KZ-1932",0,0
"2026-09-29","MAYA",21,0
"2026-09-29","LUPITA",0,0
"2026-09-29","LIRIO  WAN-005",0,0
"2026-09-29","KZ-1898",0,0
"2026-09-29","NARDO",0,0
"2026-09-29","YELA 23178-11",0,0
"2026-09-29","FRESNO(AT-014)",0,0
"2026-09-29","NIKA",0,0
"2026-09-29","KZ-1935",0,0
"2026-09-29","JJW-6",0,0
"2026-09-29","MULAN 8306-K19",0,0
"2026-09-29","AZUCENA",0,0
"2026-09-29","NOA",35,0
"2026-09-29","PILIN",29,0
"2026-09-29","BALMAT",0,0
"2026-09-29","TERESA",0,0
"2026-09-29","LUCY",0,0
"2026-09-29","LELIS WH-W07",0,0
"2026-09-29","CALA  WAN-002",0,0
"2026-09-29","NIURKA",0,0
"2026-09-29","VENUS",45,0
"2026-09-29","SALOME",38,0
"2026-09-29","AMAPOLA-II",20,0
"2026-09-29","KZ-1922",0,0
"2026-09-29","MORELA",0,0
"2026-09-29","ATENEA",20,0
"2026-09-29","PEGGY BF2408",0,0
"2026-09-29","DALILA",0,0
"2026-09-29","KAMI BF2410",0,0
"2026-09-29","KZ-1923",0,0
"2026-09-29","SADIE",35,0
"2026-09-29","MACUTO",0,0
"2026-09-29","LOTUS 1138265-W54",0,0
"2026-09-29","MARGARITA",0,0
"2026-09-29","EDNA BF2413",0,0
"2026-09-29","VIVIANA",0,0
"2026-09-29","BRICE L1913-52",0,0
"2026-09-29","MALENA",0,0
"2026-09-29","SCARLET",0,0
"2026-09-29","KZ-1905",0,0
"2026-09-29","MIA-2 (C109-240205-2)",0,0
"2026-09-29","VEGA-II",0,0
"2026-09-29","NOHELY",0,0
"2026-09-29","IVETTE",0,0
"2026-09-29","PARAISO",0,0
"2026-09-29","NIKKI",0,0
"2026-09-29","YUKI",0,0
"2026-09-29","LIS (C082-240426-5)",0,0
"2026-09-29","ACACIA YQ7581-H68",0,0
"2026-09-29","ALMA (C082-230803-32)",0,0
"2026-09-29","YULI 23148-11",0,0
"2026-09-29","IVY",0,0
"2026-09-29","JLP1025-5",0,0
"2026-09-29","AMAPOLA",0,0
"2026-09-29","KZ-1929",0,0
"2026-09-29","FOFI",0,0
"2026-09-29","FLORA YQ7581-H86",0,0
"2026-09-29","NIEVES 11134-K37",0,0
"2026-09-29","ELBA RM-15",0,0
"2026-09-29","DIANA 19269-24",0,0
"2026-09-29","LEA BF2405",0,0
"2026-09-29","ARENA",0,0
"2026-09-29","MILKA",0,0
"2026-09-29","KELLY",0,0
"2026-09-29","DALIA YQ7516-F78",0,0
"2026-09-29","IVONNE",0,0
"2026-09-29","ARIEL 8306-K15",0,0
"2026-09-29","LC-DH-39",0,0
"2026-09-29","MILENA",31,0
"2026-09-29","11134-K3",0,0
"2026-09-29","MIA (C109-240206-32)",0,0
"2026-09-29","AYLA",0,0
"2026-09-29","MONIC RM-11",0,0
"2026-09-29","AVA  P1094-2",0,0
"2026-09-29","MALIA",0,0
"2026-09-29","DANA",0,0
"2026-09-29","GIRASOL",17,0
"2026-09-29","ZOE",0,0
"2026-09-29","C015-220520-3",0,0
"2026-09-29","KZ-1920",0,0
"2026-09-29","GLEDYS",0,0
"2026-09-29","JADE",0,0
"2026-09-29","SUSAN",0,0
"2026-09-29","ASTER 1D8055-W28",0,0
"2026-09-29","KZ-1924",0,0
"2026-09-29","MARA",0,0
"2026-09-29","DEMI ZS16-15",0,0
"2026-09-29","YULIKA",0,0
"2026-09-29","JULIA",0,0
"2026-09-29","ANARE",0,0
"2026-09-29","BETHANY",0,0
"2026-09-29","NELLY",0,0
"2026-09-29","KATIA  XIN-002",0,0
"2026-09-29","TATIANA",0,0
"2026-09-29","NURY",32,0
"2026-09-29","FATIMA",0,0
"2026-09-29","EVA",0,0
"2026-09-29","8E0072-26",0,0
"2026-09-29","VERA",0,0
"2026-09-29","KZ-1930",0,0
"2026-09-29","TILA WH-W04",0,0
"2026-09-29","SOL",0,0
"2026-09-29","KZ-1914",0,0
"2026-09-29","MAITE",0,0
"2026-09-29","CAURA",0,0
"2026-09-29","MIA-V",0,0
"2026-09-29","ZULAY",27,0
"2026-09-29","P1061-7",0,0
"2026-09-29","BYl111-K2",0,0
"2026-09-29","ZURY WH-W013",0,0
"2026-09-29","JJW-1",0,0
"2026-09-29","CADIE P1090-1",0,0
"2026-09-29","ORCHILA",0,0
"2026-09-29","AMAYA",0,0
"2026-09-29","HADA BF2407",0,0
"2026-09-29","LALY WH-W08",0,0
"2026-09-29","ALICIA  P1091-4",0,0
"2026-09-29","BAHIA",0,0
"2026-09-29","AGUA",0,0
"2026-09-29","ANA",0,0
"2026-09-29","JJW-3",0,0
"2026-09-29","8E0213-8",0,0
"2026-09-29","LOLA-II",0,0
"2026-09-29","VANESSA",0,0
"2026-09-29","FEDRA",0,0
"2026-09-29","ILDA",0,0
"2026-09-29","ELENA L1992-28",0,0
"2026-09-29","SHERYL",0,0
"2026-09-29","CAYENA",0,0
"2026-09-29","BELLA 8302-K51",0,0
"2026-09-29","EVAM 21142-7",0,0
"2026-09-29","LOLA (LC311595)",0,0
"2026-09-29","MIRTHA",0,0
"2026-09-29","KZ-1904",0,0
"2026-09-29","SOFIA-II",0,0
"2026-09-29","JANE BF2412",0,0
"2026-09-29","ELDA BF2409",0,0
"2026-09-29","SONYA",0,0
"2026-09-29","BRENDA",0,0
"2026-09-29","KZ-1919",0,0
"2026-09-29","GALIA",0,0
"2026-09-29","ELSA (C109-240206-1)",0,0
"2026-09-29","GLISS",14,0
"2026-09-29","AVILA",0,0
"2026-09-29","KZ-1896",0,0
"2026-09-29","LARA (LC311546)",0,0
"2026-09-29","ALAIA-II",0,0
"2026-09-29","YOLANDA",0,0
"2026-09-29","HEIDY 21219-8",0,0
"2026-09-29","DINA BF2411",0,0
"2026-09-29","MORAN",3,0
"2026-09-29","KZ-1897",0,0
"2026-09-29","SARAI",0,0
"2026-09-29","CORAL",0,0
"2026-09-29","HERA",18,0
"2026-09-29","MIA-IV",19,0
"2026-09-29","KZ-1900",0,0
"2026-09-29","LIBIA",0,0
"2026-09-29","FILCH 23198-7",0,0
"2026-09-29","MARBE BF2403",0,0
"2026-09-29","MARITA",0,0
"2026-09-29","ASHLEY L1895-36",0,0
"2026-09-29","LARA",0,0
"2026-09-29","POLINA",25,0
"2026-09-29","OLAS",0,0
"2026-09-29","RENA",0,0
"2026-09-29","EFFIE  XZ51-1",0,0
"2026-09-29","MIEL",49,0
"2026-09-29","MILLIE",31,0
"2026-09-29","RISA",0,0
"2026-09-29","KZ-1933",14,0
"2026-09-29","KZ-1917",0,0
"2026-09-29","KARINA",0,0
"2026-09-29","TULIPAN",13,0
"2026-09-29","GATEN",0,0
"2026-09-29","ZHENITH",21,0
"2026-09-29","ALBA",0,0
"2026-09-29","EMMA (C082-230803-10)",0,0
"2026-09-29","MABEL",0,0
"2026-09-29","ETTA L1996-9",0,0
"2026-09-29","KZ-1937",13,0
"2026-09-29","CLARA P1067-7",0,0
"2026-09-29","JJW-8",0,0
"2026-09-29","NORKYS",0,0
"2026-09-29","HEART  WAN-0010",0,0
"2026-09-29","7979-K28",0,0
"2026-09-29","NURIS WH-W01",0,0
"2026-09-29","WANDA",0,0
"2026-09-29","NIRAJ 1D8033-W44",0,0
"2026-09-29","TIFFANY",0,0
"2026-09-29","JOY",0,0
"2026-09-29","MORA BF2414",40,0
"2026-09-29","STELLA L1870-40",0,0
"2026-09-29","C082-1",0,0
"2026-09-29","CAROL BF2402",0,0
"2026-09-29","MARTA",0,0
"2026-09-29","MELISSA 1D4265-W14",0,0
"2026-09-29","KLARA",0,0
"2026-09-29","NIEBLA 4020-24",0,0
"2026-09-29","DAYANA",0,0
"2026-09-29","ARIA P1080-5",0,0
"2026-09-29","HILDA",0,0
"2026-09-29","DETTE 23046-35",0,0
"2026-09-29","ENILLA",0,0
"2026-09-29","MARA BF2404",0,0
"2026-09-29","DYER",29,0
"2026-09-29","KZ-1918",0,0
"2026-09-29","SACHA",0,0
"2026-09-29","DAYRA",0,0
"2026-09-29","KZ-1901",0,0
"2026-09-29","MAR",0,0
"2026-09-29","CARISSA",0,0
"2026-09-30","MACUTO",0,0
"2026-09-30","SADIE",35,0
"2026-09-30","NIURKA",0,0
"2026-09-30","CHOC 22007-14",0,0
"2026-09-30","HEART  WAN-0010",0,0
"2026-09-30","CAYENA",0,0
"2026-09-30","C015-220520-3",0,0
"2026-09-30","AURA BF2406",0,0
"2026-09-30","PARIS",0,0
"2026-09-30","YULE",10,0
"2026-09-30","KIARA",0,0
"2026-09-30","EMMA (C082-230803-10)",0,0
"2026-09-30","BRICE L1913-52",0,0
"2026-09-30","SHANNON",0,0
"2026-09-30","KZ-1904",0,0
"2026-09-30","MIRTHA",0,0
"2026-09-30","AURORA 8302-K3",0,0
"2026-09-30","KZ-1897",0,0
"2026-09-30","DINA BF2411",0,0
"2026-09-30","MORAN",3,0
"2026-09-30","HEIDY 21219-8",0,0
"2026-09-30","KZ-1902",11,0
"2026-09-30","KZ-1900",0,0
"2026-09-30","MIA-IV",20,0
"2026-09-30","HERA",18,0
"2026-09-30","FATIMA",0,0
"2026-09-30","NURY",32,0
"2026-09-30","EFFIE  XZ51-1",0,0
"2026-09-30","KZ-1933",14,0
"2026-09-30","YELA 23178-11",0,0
"2026-09-30","FLORA",0,0
"2026-09-30","ELIS",0,0
"2026-09-30","MIYI RMC12",0,0
"2026-09-30","LUNA WH-W11",0,0
"2026-09-30","CHLOE  P1081-3",0,0
"2026-09-30","TINA",0,0
"2026-09-30","DAFNE  XIN-001",0,0
"2026-09-30","BEGONIA YQ7667-H08",0,0
"2026-09-30","MARCE",0,0
"2026-09-30","ALBA",0,0
"2026-09-30","PIA",0,0
"2026-09-30","11134-K3",0,0
"2026-09-30","MARTHA",0,0
"2026-09-30","CARIDAD",0,0
"2026-09-30","EVAM 21142-7",0,0
"2026-09-30","ZOE",0,0
"2026-09-30","NORKYS",0,0
"2026-09-30","BELLA 8302-K51",0,0
"2026-09-30","JJW-8",0,0
"2026-09-30","BALMAT",0,0
"2026-09-30","MONIC RM-11",0,0
"2026-09-30","AYLA",0,0
"2026-09-30","NURIS WH-W01",0,0
"2026-09-30","CARMEN-II",26,0
"2026-09-30","WANDA",0,0
"2026-09-30","DETTE 23046-35",0,0
"2026-09-30","MILLY 23120-1",0,0
"2026-09-30","ROXANA",0,0
"2026-09-30",,0,0
"2026-09-30","SALLY",0,0
"2026-09-30","ISABEL",0,0
"2026-09-30","KZ-1927",0,0
"2026-09-30","GLEDYS",0,0
"2026-09-30","ELDA BF2409",0,0
"2026-09-30","KORA  XIN-005",0,0
"2026-09-30","HAUA",0,0
"2026-09-30","FLAVIA",0,0
"2026-09-30","CATA",0,0
"2026-09-30","FILCH 23198-7",0,0
"2026-09-30","TATIANA",0,0
"2026-09-30","MARBE BF2403",0,0
"2026-09-30","NELLY",0,0
"2026-09-30","ASHLEY L1895-36",0,0
"2026-09-30","MAREA",0,0
"2026-09-30","CARISSA",0,0
"2026-09-30","IVES",5,0
"2026-09-30","CELIA P1086-5",0,0
"2026-09-30","KERLY",0,0
"2026-09-30","ZARINA",0,0
"2026-09-30","ALMA (C082-230803-32)",0,0
"2026-09-30","PILAR",0,0
"2026-09-30","P990-2",0,0
"2026-09-30","SACHA",0,0
"2026-09-30","LAUA",0,0
"2026-09-30","MAGA BF2401",0,0
"2026-09-30","VEGA (LC-DH-43)",0,0
"2026-09-30","GATEN",0,0
"2026-09-30","TULIPAN",13,0
"2026-09-30","FLORA YQ7581-H86",0,0
"2026-09-30","NIEVES 11134-K37",0,0
"2026-09-30","NUT",0,0
"2026-09-30","AURIS RM-13",0,0
"2026-09-30","LEILANI YQ7542-H34B",0,0
"2026-09-30","LC-ST-19",0,0
"2026-09-30","LOTA",0,0
"2026-09-30","CLOE",0,0
"2026-09-30","AZUCENA",0,0
"2026-09-30","JJW-6",0,0
"2026-09-30","DALILA",0,0
"2026-09-30","KZ-1939",15,0
"2026-09-30","CAROLINA",0,0
"2026-09-30","DALILA-II",0,0
"2026-09-30","MOHANA 8302-K40",0,0
"2026-09-30","ESPIREA  WAN-004",0,0
"2026-09-30","DYER",29,0
"2026-09-30","KZ-1918",0,0
"2026-09-30","AMANDA",0,0
"2026-09-30","LARA (LC311546)",0,0
"2026-09-30","KLARA  23247-4",0,0
"2026-09-30","PAULA",0,0
"2026-09-30","PARAISO",0,0
"2026-09-30","NIKKI",0,0
"2026-09-30","JERZY",0,0
"2026-09-30","HILDA",0,0
"2026-09-30","ASTER 1D8055-W28",0,0
"2026-09-30","TABEI",0,0
"2026-09-30","NARDO",0,0
"2026-09-30","KZ-1898",0,0
"2026-09-30","MEDINA",0,0
"2026-09-30","LIRIO  WAN-005",0,0
"2026-09-30","DIANA 19269-24",0,0
"2026-09-30","HADA BF2407",0,0
"2026-09-30","AMAYA",0,0
"2026-09-30","GALA",9,0
"2026-09-30","ALEGRIA",0,0
"2026-09-30","LYRIA",0,0
"2026-09-30","TANIA",0,0
"2026-09-30","MABEL",0,0
"2026-09-30","KETTE L1985A-6",0,0
"2026-09-30","IVONNE",0,0
"2026-09-30","ODA",0,0
"2026-09-30","ARIEL 8306-K15",0,0
"2026-09-30","DALIA YQ7516-F78",0,0
"2026-09-30","KZ-1913",0,0
"2026-09-30","CLAUDIA",0,0
"2026-09-30","ORQUIDEA-II",10,0
"2026-09-30","CHORONI",0,0
"2026-09-30","FEDRA",0,0
"2026-09-30","KZ-1923",0,0
"2026-09-30","KAMI BF2410",0,0
"2026-09-30","SARI WH-W03",0,0
"2026-09-30","GAIA",0,0
"2026-09-30","LOLA (LC311595)",0,0
"2026-09-30","MARGARITA",0,0
"2026-09-30","CORAL",0,0
"2026-09-30","SARAI",0,0
"2026-09-30","GALIA",0,0
"2026-09-30","SONYA",0,0
"2026-09-30","BRENDA",0,0
"2026-09-30","KZ-1919",0,0
"2026-09-30","DAYRA",0,0
"2026-09-30","KZ-1901",0,0
"2026-09-30","LARA",0,0
"2026-09-30","POLINA",24,0
"2026-09-30","BETHANY",0,0
"2026-09-30","MARITA",0,0
"2026-09-30","KATIA  XIN-002",0,0
"2026-09-30","ANARE",0,0
"2026-09-30","YULIKA",0,0
"2026-09-30","JULIA",0,0
"2026-09-30","PATTY L1913-89",0,0
"2026-09-30","SIENA",0,0
"2026-09-30","JJW-1",0,0
"2026-09-30","LIS (C082-240426-5)",0,0
"2026-09-30","P1061-7",0,0
"2026-09-30","BYl111-K2",0,0
"2026-09-30","LESLIE L1920-21A",0,0
"2026-09-30","MOLLY 20124-43",0,0
"2026-09-30","ZURY WH-W013",0,0
"2026-09-30","8E0072-26",0,0
"2026-09-30","KZ-1930",0,0
"2026-09-30","VERA",0,0
"2026-09-30","TILA WH-W04",0,0
"2026-09-30","YULI 23148-11",0,0
"2026-09-30","CAURA",0,0
"2026-09-30","KZ-1914",0,0
"2026-09-30","MAITE",0,0
"2026-09-30","KZ-1917",0,0
"2026-09-30","KARINA",0,0
"2026-09-30","BRISA",25,0
"2026-09-30","KZ-1899",18,0
"2026-09-30","SARI",0,0
"2026-09-30","ETTA L1996-9",0,0
"2026-09-30","FABIOLA",0,0
"2026-09-30","ELEIDY",0,0
"2026-09-30","MERIDA 8302-K96",0,0
"2026-09-30","YURI WH-W02",0,0
"2026-09-30","CRISBEL",0,0
"2026-09-30","GEMA BN1925-K6",0,0
"2026-09-30","LC-DH-39",0,0
"2026-09-30","MILENA",31,0
"2026-09-30","ELENA L1992-28",0,0
"2026-09-30","ILDA",0,0
"2026-09-30","JOY",0,0
"2026-09-30","VENUS",45,0
"2026-09-30","KZ-1922",0,0
"2026-09-30","AMAPOLA-II",20,0
"2026-09-30","SALOME",38,0
"2026-09-30","JANE BF2412",0,0
"2026-09-30","SOFIA-II",0,0
"2026-09-30","7979-K28",0,0
"2026-09-30","GLORIA",0,0
"2026-09-30","CLAVEL",0,0
"2026-09-30","SCARLET",0,0
"2026-09-30","SUSAN",0,0
"2026-09-30","JADE",0,0
"2026-09-30","YOLANDA",0,0
"2026-09-30","ALAIA-II",0,0
"2026-09-30","KZ-1896",0,0
"2026-09-30","AVILA",0,0
"2026-09-30","GLISS",14,0
"2026-09-30","YUDA P1080-15",0,0
"2026-09-30","KZ-1926",0,0
"2026-09-30","8E0075-7",0,0
"2026-09-30","LC-DH-9",0,0
"2026-09-30","ALAIA (C082-20231027-23)",0,0
"2026-09-30","DEMI ZS16-15",0,0
"2026-09-30","KZ-1915",0,0
"2026-09-30","RENA",0,0
"2026-09-30","MIN",0,0
"2026-09-30","CG 190228-2",0,0
"2026-09-30","MIMI",0,0
"2026-09-30","INDIGO 1D8055-W33",0,0
"2026-09-30","IVY",0,0
"2026-09-30","LILY 22006-7",0,0
"2026-09-30","TERRA",18,0
"2026-09-30","VIDIA",27,0
"2026-09-30","LALA WH-W06",45,0
"2026-09-30","ANA",0,0
"2026-09-30","DUNA",0,0
"2026-09-30","JENNY",0,0
"2026-09-30","ACACIA YQ7581-H68",0,0
"2026-09-30","NATALIA",0,0
"2026-09-30","BECKY",28,0
"2026-09-30","KRISS",0,0
"2026-09-30","TYLER",0,0
"2026-09-30","ISLA",28,0
"2026-09-30","ARLA",0,0
"2026-09-30","ALICIA  P1091-4",0,0
"2026-09-30","MIA-II",0,0
"2026-09-30","ALMA-II",0,0
"2026-09-30","KYRA",0,0
"2026-09-30","KASSIA",0,0
"2026-09-30","JJW-3",0,0
"2026-09-30","BAHIA",0,0
"2026-09-30","AGUA",0,0
"2026-09-30","LUPITA",0,0
"2026-09-30","EILEEN P1078-12",0,0
"2026-09-30","LALY WH-W08",0,0
"2026-09-30","AMAPOLA",0,0
"2026-09-30","ORCHILA",0,0
"2026-09-30","JLP1025-5",0,0
"2026-09-30","LISETH L1982-70",0,0
"2026-09-30","TOÑA RMC9",26,0
"2026-09-30","CLARA",0,0
"2026-09-30","MADELYN",27,0
"2026-09-30","Untitled Feb3_22:12",0,0
"2026-09-30","GIRASOL",17,0
"2026-09-30","CALA  WAN-002",0,0
"2026-09-30","LELIS WH-W07",0,0
"2026-09-30","DANA",0,0
"2026-09-30","KZ-1938",0,0
"2026-09-30","MIA (C109-240206-32)",0,0
"2026-09-30","NARCISO  WAN-008",0,0
"2026-09-30","LUCY",0,0
"2026-09-30","PEGGY BF2408",0,0
"2026-09-30","TERESA",0,0
"2026-09-30","KZ-1905",0,0
"2026-09-30","GIA",31,0
"2026-09-30","MELISSA 1D4265-W14",0,0
"2026-09-30","KLARA",0,0
"2026-09-30","DAYANA",0,0
"2026-09-30","TIFFANY",0,0
"2026-09-30","C082-1",0,0
"2026-09-30","MARTA",0,0
"2026-09-30","MORA BF2414",40,0
"2026-09-30","KZ-1920",0,0
"2026-09-30","BLANCA 11134-K31",0,0
"2026-09-30","ROSA (LC222011)",0,0
"2026-09-30","MAYRA",0,0
"2026-09-30","KEELY",0,0
"2026-09-30","KZ-1925",0,0
"2026-09-30","LAURA",0,0
"2026-09-30","REGINA",0,0
"2026-09-30","FRESIA",21,0
"2026-09-30","REUT",0,0
"2026-09-30","INES",0,0
"2026-09-30","OLAS",0,0
"2026-09-30","GALENA P1094-4",0,0
"2026-09-30","YUKI",0,0
"2026-09-30","KZ-1929",0,0
"2026-09-30","CORAIMA",0,0
"2026-09-30","MOCHIMA",0,0
"2026-09-30","ZARA",25,0
"2026-09-30","NIKA",0,0
"2026-09-30","CLARION",25,0
"2026-09-30","AMI",0,0
"2026-09-30","MULAN 8306-K19",0,0
"2026-09-30","ELLA",0,0
"2026-09-30","DANIELA",0,0
"2026-09-30","JJW-7",0,0
"2026-09-30","8E0145-20",0,0
"2026-09-30","KZ-1936",0,0
"2026-09-30","GARDENIA YQ7510-H34",0,0
"2026-09-30","CLARA P1067-7",0,0
"2026-09-30","DARA RM-09",0,0
"2026-09-30","AVA  P1094-2",0,0
"2026-09-30","KZ-1893",0,0
"2026-09-30","NOAH",0,0
"2026-09-30","IRENE",0,0
"2026-09-30","CHOCO",0,0
"2026-09-30","MARGARET",25,0
"2026-09-30","LOTUS 1138265-W54",0,0
"2026-09-30","ASTRID",0,0
"2026-09-30","LIS-II",0,0
"2026-09-30","NOHELY",0,0
"2026-09-30","NIRAJ 1D8033-W44",0,0
"2026-09-30","VEGA-II",0,0
"2026-09-30","IVETTE",0,0
"2026-09-30","CAROL BF2402",0,0
"2026-09-30","KZ-1921",0,0
"2026-09-30","STELLA L1870-40",0,0
"2026-09-30","NIEBLA 4020-24",0,0
"2026-09-30","SUSANA",0,0
"2026-09-30","P448-91",0,0
"2026-09-30","MIRIAM",0,0
"2026-09-30","MALENA",0,0
"2026-09-30","EDNA BF2413",0,0
"2026-09-30","VIVIANA",0,0
"2026-09-30","CIRA RMC13",0,0
"2026-09-30","MIA-III",0,0
"2026-09-30","LIBIA",0,0
"2026-09-30","MOORE",0,0
"2026-09-30","KZ-1931",0,0
"2026-09-30","ZULAY",27,0
"2026-09-30","MIA-V",0,0
"2026-09-30","FRESNO(AT-014)",0,0
"2026-09-30","KZ-1932",0,0
"2026-09-30","MAYA",21,0
"2026-09-30","NEKO RM-12",0,0
"2026-09-30","RUDDY",0,0
"2026-09-30","C015-221019-7",0,0
"2026-09-30","RAQUEL",0,0
"2026-09-30","KZ-1935",0,0
"2026-09-30","VANESSA",0,0
"2026-09-30","LOLA-II",0,0
"2026-09-30","SELENA L2801-3",0,0
"2026-09-30","CANAIMA",0,0
"2026-09-30","MIRAC P1061-9",0,0
"2026-09-30","NILA",0,0
"2026-09-30","8E0213-8",0,0
"2026-09-30","DIVA",0,0
"2026-09-30","KZ-1934",0,0
"2026-09-30","NOA",36,0
"2026-09-30","MIA-2 (C109-240205-2)",0,0
"2026-09-30","KZ-1910",0,0
"2026-09-30","SOFIA",0,0
"2026-09-30","CORA",0,0
"2026-09-30","SHERYL",0,0
"2026-09-30","MONICA",0,0
"2026-09-30","KATALEYA  XIN-003",0,0
"2026-09-30","MALIA",0,0
"2026-09-30","MORELA",0,0
"2026-09-30","ATENEA",21,0
"2026-09-30","PILIN",29,0
"2026-09-30","LYNN",0,0
"2026-09-30","ORQUIDEA",0,0
"2026-09-30","VERO RM-14",0,0
"2026-09-30","ARIA P1080-5",0,0
"2026-09-30","BIANCA",0,0
"2026-09-30","ENILLA",0,0
"2026-09-30","MARA BF2404",0,0
"2026-09-30","JASMIN 8306-K7",0,0
"2026-09-30","LC-DH-33",0,0
"2026-09-30","MAR",0,0
"2026-09-30","PARAISO-II",0,0
"2026-09-30","MARA",0,0
"2026-09-30","KZ-1924",0,0
"2026-09-30","CARLA (C015-231009-6)",0,0
"2026-09-30","MIEL",49,0
"2026-09-30","P956-7",0,0
"2026-09-30","FLEUR",0,0
"2026-09-30","EVA",0,0
"2026-09-30","SOL",0,0
"2026-09-30","KZ-1928",0,0
"2026-09-30","CADIE P1090-1",0,0
"2026-09-30","NACARID",28,0
"2026-09-30","LOAD",0,0
"2026-09-30","ELBA RM-15",0,0
"2026-09-30","ARENA",0,0
"2026-09-30","LEA BF2405",0,0
"2026-09-30","RISA",0,0
"2026-09-30","MILLIE",31,0
"2026-09-30","ELSA (C109-240206-1)",0,0
"2026-09-30","FOFI",0,0
"2026-09-30","DINIRA",0,0
"2026-09-30","SANDRA",0,0
"2026-09-30","KZ-1916",0,0
"2026-09-30","JJW-5",0,0
"2026-09-30","LILA",0,0
"2026-09-30","SABI 23147-6",0,0
"2026-09-30","LILA (LC222036)",0,0
"2026-09-30","KELLY",0,0
"2026-09-30","MILKA",0,0
"2026-09-30","ZHENITH",21,0
"2026-09-30","PAULA-II",0,0
"2026-09-30","KZ-1937",13,0
"2026-09-30","LIENZO",35,0
"2026-09-30","ELSA-II",0,0
"2026-09-30","PRIAH",20,0
